run_id,experiment_id,status,artifact_uri,start_time,end_time,metrics.infer_time_total,metrics.time_per_sample,metrics.train_energy_per_epoch,metrics.energy_per_sample,metrics.weighted_f1,metrics.macro_f1,metrics.train_time_total,metrics.infer_energy_total,metrics.precision,metrics.bal_acc,metrics.accuracy,metrics.train_time_per_epoch,metrics.loss,metrics.parameters,metrics.train_energy_total,metrics.file_size,metrics.micro_f1,params.num_estimators,params.max_num_channels,params.model,params.measure_power_secs,params.use_pretrained,params.discard_model,params.num_kernels_per_group,params.kernel_length,params.dataset,params.prune_rate,params.software,params.length,params.n_epochs,params.datadir,params.criterion,params.n_labels,params.gpu,params.batch_size,params.output_dir,params.num_groups,params.dropout,params.seed,params.classifier,params.lr,params.n_samples,params.fold,params.n_channels,params.architecture,params.n_train_samples,params.max_depth,params.max_features,tags.mlflow.project.entryPoint,tags.mlflow.user,tags.mlflow.project.env,tags.mlflow.source.type,tags.mlflow.source.git.commit,tags.mlflow.source.name,tags.mlflow.source.git.repoURL,tags.mlflow.project.backend,tags.mlflow.runName
46beeb7385e44b3bad7a8e815f35d99b,492412552823949607,FINISHED,/data/d1/ts_archive/results/492412552823949607/46beeb7385e44b3bad7a8e815f35d99b/artifacts,2026-01-20 13:27:30.866000+00:00,2026-01-20 13:29:13.953000+00:00,0.1430271863937378,4.240355362992523e-05,187.5498072251868,0.006836525339279117,0.913304445396517,0.8312667255217452,90.93543039821088,23.05959996938846,0.9249446209984229,0.8548660908327521,0.907797213163356,0.9093543039821088,0.6351156690215382,27654.0,18754.98072251868,339893.0,0.907797213163356,200,8,SFCN,0.5,,False,8,9,WISDM,0,PyTorch 2.9.0+cu128,100,100,/data/d1/ts_archive/datasets,entropy,6,0,32,/data/d1/ts_archive/results/492412552823949607/46beeb7385e44b3bad7a8e815f35d99b/artifacts,64,0.01,1234,XRF,0.001,15786,2,3,NVIDIA GeForce RTX 4090,12413,20,0.1,main.py,ANON1,conda,PROJECT,2ba81db4ea05c65817b596ef2f113e084de3fbd8,file:///home/ANON1/repos/TS_Archive-1#ts_archive_experiments,https://github.com/ANON2/TS_Archive.git,local,abrasive-shark-982
1e5899c5362b4b1f9927c9440428c9da,492412552823949607,FINISHED,/data/d1/ts_archive/results/492412552823949607/1e5899c5362b4b1f9927c9440428c9da/artifacts,2026-01-20 13:25:44.394000+00:00,2026-01-20 13:27:20.038000+00:00,0.193827137351036,4.2571301856146716e-05,170.4648396925116,0.008689395869530337,0.8844532271103146,0.782254614550014,83.34051007591188,39.56281939397163,0.9051916222739251,0.8019719833358074,0.8813968811772458,0.8334051007591188,0.5681596964551883,27654.0,17046.48396925116,339893.0,0.8813968811772458,200,8,SFCN,0.5,,False,8,9,WISDM,0,PyTorch 2.9.0+cu128,100,100,/data/d1/ts_archive/datasets,entropy,6,0,32,/data/d1/ts_archive/results/492412552823949607/1e5899c5362b4b1f9927c9440428c9da/artifacts,64,0.01,1234,XRF,0.001,15904,1,3,NVIDIA GeForce RTX 4090,11351,20,0.1,main.py,ANON1,conda,PROJECT,2ba81db4ea05c65817b596ef2f113e084de3fbd8,file:///home/ANON1/repos/TS_Archive-1#ts_archive_experiments,https://github.com/ANON2/TS_Archive.git,local,powerful-sow-533
bde57e6f58374fa3aeb9efacf2689039,492412552823949607,FINISHED,/data/d1/ts_archive/results/492412552823949607/bde57e6f58374fa3aeb9efacf2689039/artifacts,2026-01-20 13:23:25.823000+00:00,2026-01-20 13:24:57.661000+00:00,0.1988112106919288,3.8402783598981806e-05,164.0091845377548,0.00805036950549669,0.8467060989627567,0.5538453325412068,79.55518871545792,41.67676292995636,0.8423637260358225,0.5422590986329057,0.8584122078423797,0.7955518871545791,3.165709958542538,27654.0,16400.91845377548,339893.0,0.8584122078423797,200,8,SFCN,0.5,,False,8,9,WISDM,0,PyTorch 2.9.0+cu128,100,100,/data/d1/ts_archive/datasets,entropy,6,0,32,/data/d1/ts_archive/results/492412552823949607/bde57e6f58374fa3aeb9efacf2689039/artifacts,64,0.01,1234,XRF,0.001,15967,0,3,NVIDIA GeForce RTX 4090,10790,20,0.1,main.py,ANON1,conda,PROJECT,2ba81db4ea05c65817b596ef2f113e084de3fbd8,file:///home/ANON1/repos/TS_Archive-1#ts_archive_experiments,https://github.com/ANON2/TS_Archive.git,local,upset-duck-293
105e49a7787740e9adcd1796d6ecc9b2,492412552823949607,RUNNING,/data/d1/ts_archive/results/492412552823949607/105e49a7787740e9adcd1796d6ecc9b2/artifacts,2026-01-20 11:59:27.051000+00:00,,,,,,,,,,,,,,,,,,,200,8,InceptionTime,0.5,,False,8,9,S2Agri-10pc-34,0,sktime 0.39.0,24,100,/data/d1/ts_archive/datasets,entropy,29,0,32,/data/d1/ts_archive/results/492412552823949607/105e49a7787740e9adcd1796d6ecc9b2/artifacts,64,0.01,1234,XRF,0.001,5384695,0,10,NVIDIA GeForce RTX 4090,4195672,20,0.1,main.py,ANON1,conda,PROJECT,2ba81db4ea05c65817b596ef2f113e084de3fbd8,file:///home/ANON1/repos/TS_Archive-1#ts_archive_experiments,https://github.com/ANON2/TS_Archive.git,local,legendary-lynx-669
3da4d839e3c64c088ad8fd653e2b7a52,492412552823949607,FAILED,/data/d1/ts_archive/results/492412552823949607/3da4d839e3c64c088ad8fd653e2b7a52/artifacts,2026-01-20 08:06:44.533000+00:00,2026-01-20 11:59:24.543000+00:00,,,,,,,,,,,,,,,,,,200,8,FCN,0.5,,False,8,9,S2Agri-10pc-34,0,sktime 0.39.0,24,100,/data/d1/ts_archive/datasets,entropy,29,0,32,/data/d1/ts_archive/results/492412552823949607/3da4d839e3c64c088ad8fd653e2b7a52/artifacts,64,0.01,1234,XRF,0.001,5381410,2,10,NVIDIA GeForce RTX 4090,4225230,20,0.1,main.py,ANON1,conda,PROJECT,2ba81db4ea05c65817b596ef2f113e084de3fbd8,file:///home/ANON1/repos/TS_Archive-1#ts_archive_experiments,https://github.com/ANON2/TS_Archive.git,local,righteous-quail-579
dbaa553a4e6148edbacf8be5e2540d86,492412552823949607,RUNNING,/data/d1/ts_archive/results/492412552823949607/dbaa553a4e6148edbacf8be5e2540d86/artifacts,2026-01-20 04:06:44.503000+00:00,,,,,,,,,,,,,,,,,,,200,8,FCN,0.5,,False,8,9,S2Agri-10pc-34,0,sktime 0.39.0,24,100,/data/d1/ts_archive/datasets,entropy,29,0,32,/data/d1/ts_archive/results/492412552823949607/dbaa553a4e6148edbacf8be5e2540d86/artifacts,64,0.01,1234,XRF,0.001,5380579,1,10,NVIDIA GeForce RTX 4090,4232710,20,0.1,main.py,ANON1,conda,PROJECT,2ba81db4ea05c65817b596ef2f113e084de3fbd8,file:///home/ANON1/repos/TS_Archive-1#ts_archive_experiments,https://github.com/ANON2/TS_Archive.git,local,resilient-snake-960
8cd681ebd4a54465a898d1aed02ad391,492412552823949607,FAILED,/data/d1/ts_archive/results/492412552823949607/8cd681ebd4a54465a898d1aed02ad391/artifacts,2026-01-20 00:23:48.930000+00:00,2026-01-20 04:06:42.733000+00:00,,,,,,,,,,,,,,,,,,200,8,FCN,0.5,,False,8,9,S2Agri-10pc-34,0,sktime 0.39.0,24,100,/data/d1/ts_archive/datasets,entropy,29,0,32,/data/d1/ts_archive/results/492412552823949607/8cd681ebd4a54465a898d1aed02ad391/artifacts,64,0.01,1234,XRF,0.001,5384695,0,10,NVIDIA GeForce RTX 4090,4195672,20,0.1,main.py,ANON1,conda,PROJECT,2ba81db4ea05c65817b596ef2f113e084de3fbd8,file:///home/ANON1/repos/TS_Archive-1#ts_archive_experiments,https://github.com/ANON2/TS_Archive.git,local,gaudy-pig-266
36de2a7d70174e21803dad1c2ddb8c72,492412552823949607,RUNNING,/data/d1/ts_archive/results/492412552823949607/36de2a7d70174e21803dad1c2ddb8c72/artifacts,2026-01-19 20:23:48.191000+00:00,,,,,,,,,,,,,,,,,,,200,8,ConvTran,0.5,,False,8,9,S2Agri-10pc-34,0,PyTorch 2.9.0+cu128,24,100,/data/d1/ts_archive/datasets,entropy,29,0,32,/data/d1/ts_archive/results/492412552823949607/36de2a7d70174e21803dad1c2ddb8c72/artifacts,64,0.01,1234,XRF,0.001,5381410,2,10,NVIDIA GeForce RTX 4090,4225230,20,0.1,main.py,ANON1,conda,PROJECT,2ba81db4ea05c65817b596ef2f113e084de3fbd8,file:///home/ANON1/repos/TS_Archive-1#ts_archive_experiments,https://github.com/ANON2/TS_Archive.git,local,nosy-mole-87
173fa10a25584407bfc56f1a4923cb7f,492412552823949607,RUNNING,/data/d1/ts_archive/results/492412552823949607/173fa10a25584407bfc56f1a4923cb7f/artifacts,2026-01-19 16:23:48.221000+00:00,,,,,,,,,,,,,,,,,,,200,8,ConvTran,0.5,,False,8,9,S2Agri-10pc-34,0,PyTorch 2.9.0+cu128,24,100,/data/d1/ts_archive/datasets,entropy,29,0,32,/data/d1/ts_archive/results/492412552823949607/173fa10a25584407bfc56f1a4923cb7f/artifacts,64,0.01,1234,XRF,0.001,5380579,1,10,NVIDIA GeForce RTX 4090,4232710,20,0.1,main.py,ANON1,conda,PROJECT,2ba81db4ea05c65817b596ef2f113e084de3fbd8,file:///home/ANON1/repos/TS_Archive-1#ts_archive_experiments,https://github.com/ANON2/TS_Archive.git,local,victorious-robin-799
f3a1de8a32ef4b1280b796c931c768a3,492412552823949607,RUNNING,/data/d1/ts_archive/results/492412552823949607/f3a1de8a32ef4b1280b796c931c768a3/artifacts,2026-01-19 12:23:47.296000+00:00,,,,,,,,,,,,,,,,,,,200,8,ConvTran,0.5,,False,8,9,S2Agri-10pc-34,0,PyTorch 2.9.0+cu128,24,100,/data/d1/ts_archive/datasets,entropy,29,0,32,/data/d1/ts_archive/results/492412552823949607/f3a1de8a32ef4b1280b796c931c768a3/artifacts,64,0.01,1234,XRF,0.001,5384695,0,10,NVIDIA GeForce RTX 4090,4195672,20,0.1,main.py,ANON1,conda,PROJECT,2ba81db4ea05c65817b596ef2f113e084de3fbd8,file:///home/ANON1/repos/TS_Archive-1#ts_archive_experiments,https://github.com/ANON2/TS_Archive.git,local,clean-ape-314
09ccf5269c1948aebbca73843b762af3,492412552823949607,FINISHED,/data/d1/ts_archive/results/492412552823949607/09ccf5269c1948aebbca73843b762af3/artifacts,2026-01-19 08:50:18.804000+00:00,2026-01-19 12:23:44.745000+00:00,16.775287536904216,1.4509235185614884e-05,16939.57252624498,0.0018769264293843867,0.44660462657764144,0.03430957782107793,12775.578782455996,2170.06479912564,0.6064684069986376,0.042280162685983426,0.5943278728225709,127.75578782455996,1.3876283918572532,37853.0,1693957.252624498,462197.0,0.5943278728225709,200,8,SFCN,0.5,,False,8,9,S2Agri-10pc-34,0,PyTorch 2.9.0+cu128,24,100,/data/d1/ts_archive/datasets,entropy,29,0,32,/data/d1/ts_archive/results/492412552823949607/09ccf5269c1948aebbca73843b762af3/artifacts,64,0.01,1234,XRF,0.001,5381410,2,10,NVIDIA GeForce RTX 4090,4225230,20,0.1,main.py,ANON1,conda,PROJECT,2ba81db4ea05c65817b596ef2f113e084de3fbd8,file:///home/ANON1/repos/TS_Archive-1#ts_archive_experiments,https://github.com/ANON2/TS_Archive.git,local,incongruous-ray-666
a362899487ed43ebae85b285da0882f0,492412552823949607,FINISHED,/data/d1/ts_archive/results/492412552823949607/a362899487ed43ebae85b285da0882f0/artifacts,2026-01-19 05:14:04.145000+00:00,2026-01-19 08:50:17.089000+00:00,16.68326710909605,1.4534121148925574e-05,17086.645872294255,0.0018898137096949215,0.4484842056562025,0.03582978585029716,12942.842660820112,2169.2585731338,0.6613023848674882,0.04304575168211567,0.5943822857834823,129.4284266082011,1.4221481467476134,37853.0,1708664.5872294256,462197.0,0.5943822857834823,200,8,SFCN,0.5,,False,8,9,S2Agri-10pc-34,0,PyTorch 2.9.0+cu128,24,100,/data/d1/ts_archive/datasets,entropy,29,0,32,/data/d1/ts_archive/results/492412552823949607/a362899487ed43ebae85b285da0882f0/artifacts,64,0.01,1234,XRF,0.001,5380579,1,10,NVIDIA GeForce RTX 4090,4232710,20,0.1,main.py,ANON1,conda,PROJECT,2ba81db4ea05c65817b596ef2f113e084de3fbd8,file:///home/ANON1/repos/TS_Archive-1#ts_archive_experiments,https://github.com/ANON2/TS_Archive.git,local,gentle-kit-169
395ec560565b4cf89b4e5b1cf4eab502,492412552823949607,FINISHED,/data/d1/ts_archive/results/492412552823949607/395ec560565b4cf89b4e5b1cf4eab502/artifacts,2026-01-19 01:44:35.070000+00:00,2026-01-19 05:14:02.417000+00:00,16.666569218039513,1.4017028449440854e-05,16566.690549899802,0.0018206759550783793,0.46779300213485797,0.02995843265874328,12535.23107353598,2164.82558613516,0.5835461138086233,0.0363477262157361,0.6107972680091134,125.35231073535981,1.3119104845573886,37853.0,1656669.05498998,462197.0,0.6107972680091134,200,8,SFCN,0.5,,False,8,9,S2Agri-10pc-34,0,PyTorch 2.9.0+cu128,24,100,/data/d1/ts_archive/datasets,entropy,29,0,32,/data/d1/ts_archive/results/492412552823949607/395ec560565b4cf89b4e5b1cf4eab502/artifacts,64,0.01,1234,XRF,0.001,5384695,0,10,NVIDIA GeForce RTX 4090,4195672,20,0.1,main.py,ANON1,conda,PROJECT,2ba81db4ea05c65817b596ef2f113e084de3fbd8,file:///home/ANON1/repos/TS_Archive-1#ts_archive_experiments,https://github.com/ANON2/TS_Archive.git,local,casual-shark-604
9a70a15afc444604af31dd97a5ae4c5e,492412552823949607,RUNNING,/data/d1/ts_archive/results/492412552823949607/9a70a15afc444604af31dd97a5ae4c5e/artifacts,2026-01-18 21:44:34.119000+00:00,,,,,,,,,,,,,,,,,,,200,8,ResNet,0.5,,False,8,9,S2Agri-10pc-17,0,sktime 0.39.0,24,100,/data/d1/ts_archive/datasets,entropy,17,0,32,/data/d1/ts_archive/results/492412552823949607/9a70a15afc444604af31dd97a5ae4c5e/artifacts,64,0.01,1234,XRF,0.001,5381410,2,10,NVIDIA GeForce RTX 4090,4225230,20,0.1,main.py,ANON1,conda,PROJECT,2ba81db4ea05c65817b596ef2f113e084de3fbd8,file:///home/ANON1/repos/TS_Archive-1#ts_archive_experiments,https://github.com/ANON2/TS_Archive.git,local,sincere-gnat-782
5a02fa7c73ad495ea099f8591d339302,492412552823949607,RUNNING,/data/d1/ts_archive/results/492412552823949607/5a02fa7c73ad495ea099f8591d339302/artifacts,2026-01-18 17:44:34.067000+00:00,,,,,,,,,,,,,,,,,,,200,8,ResNet,0.5,,False,8,9,S2Agri-10pc-17,0,sktime 0.39.0,24,100,/data/d1/ts_archive/datasets,entropy,17,0,32,/data/d1/ts_archive/results/492412552823949607/5a02fa7c73ad495ea099f8591d339302/artifacts,64,0.01,1234,XRF,0.001,5380579,1,10,NVIDIA GeForce RTX 4090,4232710,20,0.1,main.py,ANON1,conda,PROJECT,2ba81db4ea05c65817b596ef2f113e084de3fbd8,file:///home/ANON1/repos/TS_Archive-1#ts_archive_experiments,https://github.com/ANON2/TS_Archive.git,local,nosy-newt-537
d5c3f527ca3442fd93a1cb66022e7828,492412552823949607,RUNNING,/data/d1/ts_archive/results/492412552823949607/d5c3f527ca3442fd93a1cb66022e7828/artifacts,2026-01-18 13:44:33.349000+00:00,,,,,,,,,,,,,,,,,,,200,8,ResNet,0.5,,False,8,9,S2Agri-10pc-17,0,sktime 0.39.0,24,100,/data/d1/ts_archive/datasets,entropy,17,0,32,/data/d1/ts_archive/results/492412552823949607/d5c3f527ca3442fd93a1cb66022e7828/artifacts,64,0.01,1234,XRF,0.001,5384695,0,10,NVIDIA GeForce RTX 4090,4195672,20,0.1,main.py,ANON1,conda,PROJECT,2ba81db4ea05c65817b596ef2f113e084de3fbd8,file:///home/ANON1/repos/TS_Archive-1#ts_archive_experiments,https://github.com/ANON2/TS_Archive.git,local,polite-bee-146
4b22eec457384859a6cf551b0b946a8a,492412552823949607,FINISHED,/data/d1/ts_archive/results/492412552823949607/4b22eec457384859a6cf551b0b946a8a/artifacts,2026-01-18 11:29:20.011000+00:00,2026-01-18 13:44:30.613000+00:00,24.984642019495368,2.1609647303616537e-05,10562.152841617244,0.002817399643296338,0.4404724905552586,0.04958954002951219,8065.884439541027,3257.42111958636,0.5921577954989707,0.06666666666666667,0.5921577954989707,80.65884439541027,,630017.0,1056215.2841617244,2498052.0,0.5921577954989707,200,8,MLP,0.5,,False,8,9,S2Agri-10pc-17,0,sktime 0.39.0,24,100,/data/d1/ts_archive/datasets,entropy,17,0,32,/data/d1/ts_archive/results/492412552823949607/4b22eec457384859a6cf551b0b946a8a/artifacts,64,0.01,1234,XRF,0.001,5381410,2,10,NVIDIA GeForce RTX 4090,4225230,20,0.1,main.py,ANON1,conda,PROJECT,2ba81db4ea05c65817b596ef2f113e084de3fbd8,file:///home/ANON1/repos/TS_Archive-1#ts_archive_experiments,https://github.com/ANON2/TS_Archive.git,local,bouncy-sloth-315
c6757218633f4ff4aa6a47d8e8e24adf,492412552823949607,FINISHED,/data/d1/ts_archive/results/492412552823949607/c6757218633f4ff4aa6a47d8e8e24adf/artifacts,2026-01-18 09:17:38.904000+00:00,2026-01-18 11:29:18.240000+00:00,24.225472619757056,2.1104736359076738e-05,10500.829724256955,0.002963852466960115,0.43840441932430996,0.04949956005982237,7855.183641498908,3402.11436739704,0.5904489101108228,0.06666666666666667,0.5904489101108228,78.55183641498908,,630017.0,1050082.9724256955,2498600.0,0.5904489101108228,200,8,MLP,0.5,,False,8,9,S2Agri-10pc-17,0,sktime 0.39.0,24,100,/data/d1/ts_archive/datasets,entropy,17,0,32,/data/d1/ts_archive/results/492412552823949607/c6757218633f4ff4aa6a47d8e8e24adf/artifacts,64,0.01,1234,XRF,0.001,5380579,1,10,NVIDIA GeForce RTX 4090,4232710,20,0.1,main.py,ANON1,conda,PROJECT,2ba81db4ea05c65817b596ef2f113e084de3fbd8,file:///home/ANON1/repos/TS_Archive-1#ts_archive_experiments,https://github.com/ANON2/TS_Archive.git,local,whimsical-grub-326
5e66ae3b65534e6899fade1529dc536e,492412552823949607,FINISHED,/data/d1/ts_archive/results/492412552823949607/5e66ae3b65534e6899fade1529dc536e/artifacts,2026-01-18 07:09:28.574000+00:00,2026-01-18 09:17:37.189000+00:00,25.386236511170864,2.135050079869848e-05,10339.318371333538,0.0028631951708114984,0.4611742864396579,0.04453508896229527,7642.566336542368,3404.4049115838,0.6091353993993388,0.058823529411764705,0.6091353993993388,76.42566336542367,,630017.0,1033931.8371333539,2496426.0,0.6091353993993388,200,8,MLP,0.5,,False,8,9,S2Agri-10pc-17,0,sktime 0.39.0,24,100,/data/d1/ts_archive/datasets,entropy,17,0,32,/data/d1/ts_archive/results/492412552823949607/5e66ae3b65534e6899fade1529dc536e/artifacts,64,0.01,1234,XRF,0.001,5384695,0,10,NVIDIA GeForce RTX 4090,4195672,20,0.1,main.py,ANON1,conda,PROJECT,2ba81db4ea05c65817b596ef2f113e084de3fbd8,file:///home/ANON1/repos/TS_Archive-1#ts_archive_experiments,https://github.com/ANON2/TS_Archive.git,local,stately-ray-64
c386733cae634218aa1be20a76ab06a6,492412552823949607,RUNNING,/data/d1/ts_archive/results/492412552823949607/c386733cae634218aa1be20a76ab06a6/artifacts,2026-01-18 03:09:27.354000+00:00,,,,,,,,,,,,,,,,,,,200,8,MCDCNN,0.5,,False,8,9,S2Agri-10pc-17,0,sktime 0.39.0,24,100,/data/d1/ts_archive/datasets,entropy,17,0,32,/data/d1/ts_archive/results/492412552823949607/c386733cae634218aa1be20a76ab06a6/artifacts,64,0.01,1234,XRF,0.001,5381410,2,10,NVIDIA GeForce RTX 4090,4225230,20,0.1,main.py,ANON1,conda,PROJECT,2ba81db4ea05c65817b596ef2f113e084de3fbd8,file:///home/ANON1/repos/TS_Archive-1#ts_archive_experiments,https://github.com/ANON2/TS_Archive.git,local,classy-mole-698
3f74e8b7b6b74238b831742316269da6,492412552823949607,RUNNING,/data/d1/ts_archive/results/492412552823949607/3f74e8b7b6b74238b831742316269da6/artifacts,2026-01-17 23:09:27.439000+00:00,,,,,,,,,,,,,,,,,,,200,8,MCDCNN,0.5,,False,8,9,S2Agri-10pc-17,0,sktime 0.39.0,24,100,/data/d1/ts_archive/datasets,entropy,17,0,32,/data/d1/ts_archive/results/492412552823949607/3f74e8b7b6b74238b831742316269da6/artifacts,64,0.01,1234,XRF,0.001,5380579,1,10,NVIDIA GeForce RTX 4090,4232710,20,0.1,main.py,ANON1,conda,PROJECT,2ba81db4ea05c65817b596ef2f113e084de3fbd8,file:///home/ANON1/repos/TS_Archive-1#ts_archive_experiments,https://github.com/ANON2/TS_Archive.git,local,judicious-hound-801
cf85d0caa1a9407fa50cd39c6debcbd8,492412552823949607,RUNNING,/data/d1/ts_archive/results/492412552823949607/cf85d0caa1a9407fa50cd39c6debcbd8/artifacts,2026-01-17 19:09:26.828000+00:00,,,,,,,,,,,,,,,,,,,200,8,MCDCNN,0.5,,False,8,9,S2Agri-10pc-17,0,sktime 0.39.0,24,100,/data/d1/ts_archive/datasets,entropy,17,0,32,/data/d1/ts_archive/results/492412552823949607/cf85d0caa1a9407fa50cd39c6debcbd8/artifacts,64,0.01,1234,XRF,0.001,5384695,0,10,NVIDIA GeForce RTX 4090,4195672,20,0.1,main.py,ANON1,conda,PROJECT,2ba81db4ea05c65817b596ef2f113e084de3fbd8,file:///home/ANON1/repos/TS_Archive-1#ts_archive_experiments,https://github.com/ANON2/TS_Archive.git,local,beautiful-vole-187
0c238c46eb39484683d48ee0b4d2c357,492412552823949607,RUNNING,/data/d1/ts_archive/results/492412552823949607/0c238c46eb39484683d48ee0b4d2c357/artifacts,2026-01-17 15:09:25.750000+00:00,,,,,,,,,,,,,,,,,,,200,8,LSTMFCN,0.5,,False,8,9,S2Agri-10pc-17,0,sktime 0.39.0,24,100,/data/d1/ts_archive/datasets,entropy,17,0,32,/data/d1/ts_archive/results/492412552823949607/0c238c46eb39484683d48ee0b4d2c357/artifacts,64,0.01,1234,XRF,0.001,5381410,2,10,NVIDIA GeForce RTX 4090,4225230,20,0.1,main.py,ANON1,conda,PROJECT,2ba81db4ea05c65817b596ef2f113e084de3fbd8,file:///home/ANON1/repos/TS_Archive-1#ts_archive_experiments,https://github.com/ANON2/TS_Archive.git,local,bedecked-asp-307
9e1ba150fc064d808b76dfd76a8bc6af,492412552823949607,RUNNING,/data/d1/ts_archive/results/492412552823949607/9e1ba150fc064d808b76dfd76a8bc6af/artifacts,2026-01-17 11:09:25.981000+00:00,,,,,,,,,,,,,,,,,,,200,8,LSTMFCN,0.5,,False,8,9,S2Agri-10pc-17,0,sktime 0.39.0,24,100,/data/d1/ts_archive/datasets,entropy,17,0,32,/data/d1/ts_archive/results/492412552823949607/9e1ba150fc064d808b76dfd76a8bc6af/artifacts,64,0.01,1234,XRF,0.001,5380579,1,10,NVIDIA GeForce RTX 4090,4232710,20,0.1,main.py,ANON1,conda,PROJECT,2ba81db4ea05c65817b596ef2f113e084de3fbd8,file:///home/ANON1/repos/TS_Archive-1#ts_archive_experiments,https://github.com/ANON2/TS_Archive.git,local,masked-mule-776
e8487650a9524733acee7d9fa9f2c43c,492412552823949607,RUNNING,/data/d1/ts_archive/results/492412552823949607/e8487650a9524733acee7d9fa9f2c43c/artifacts,2026-01-17 07:09:25.035000+00:00,,,,,,,,,,,,,,,,,,,200,8,LSTMFCN,0.5,,False,8,9,S2Agri-10pc-17,0,sktime 0.39.0,24,100,/data/d1/ts_archive/datasets,entropy,17,0,32,/data/d1/ts_archive/results/492412552823949607/e8487650a9524733acee7d9fa9f2c43c/artifacts,64,0.01,1234,XRF,0.001,5384695,0,10,NVIDIA GeForce RTX 4090,4195672,20,0.1,main.py,ANON1,conda,PROJECT,2ba81db4ea05c65817b596ef2f113e084de3fbd8,file:///home/ANON1/repos/TS_Archive-1#ts_archive_experiments,https://github.com/ANON2/TS_Archive.git,local,wistful-shrew-875
345a301e05d8485e8dcd0826f5fa3ab5,492412552823949607,RUNNING,/data/d1/ts_archive/results/492412552823949607/345a301e05d8485e8dcd0826f5fa3ab5/artifacts,2026-01-17 03:09:24.236000+00:00,,,,,,,,,,,,,,,,,,,200,8,InceptionTime,0.5,,False,8,9,S2Agri-10pc-17,0,sktime 0.39.0,24,100,/data/d1/ts_archive/datasets,entropy,17,0,32,/data/d1/ts_archive/results/492412552823949607/345a301e05d8485e8dcd0826f5fa3ab5/artifacts,64,0.01,1234,XRF,0.001,5381410,2,10,NVIDIA GeForce RTX 4090,4225230,20,0.1,main.py,ANON1,conda,PROJECT,2ba81db4ea05c65817b596ef2f113e084de3fbd8,file:///home/ANON1/repos/TS_Archive-1#ts_archive_experiments,https://github.com/ANON2/TS_Archive.git,local,puzzled-mouse-22
bbce0edb30734943a3d4d5da74bd8ff4,492412552823949607,RUNNING,/data/d1/ts_archive/results/492412552823949607/bbce0edb30734943a3d4d5da74bd8ff4/artifacts,2026-01-16 23:09:24.304000+00:00,,,,,,,,,,,,,,,,,,,200,8,InceptionTime,0.5,,False,8,9,S2Agri-10pc-17,0,sktime 0.39.0,24,100,/data/d1/ts_archive/datasets,entropy,17,0,32,/data/d1/ts_archive/results/492412552823949607/bbce0edb30734943a3d4d5da74bd8ff4/artifacts,64,0.01,1234,XRF,0.001,5380579,1,10,NVIDIA GeForce RTX 4090,4232710,20,0.1,main.py,ANON1,conda,PROJECT,2ba81db4ea05c65817b596ef2f113e084de3fbd8,file:///home/ANON1/repos/TS_Archive-1#ts_archive_experiments,https://github.com/ANON2/TS_Archive.git,local,awesome-colt-992
8eb0ca1bc4324356baa530c3e8864df1,492412552823949607,RUNNING,/data/d1/ts_archive/results/492412552823949607/8eb0ca1bc4324356baa530c3e8864df1/artifacts,2026-01-16 19:09:23.356000+00:00,,,,,,,,,,,,,,,,,,,200,8,InceptionTime,0.5,,False,8,9,S2Agri-10pc-17,0,sktime 0.39.0,24,100,/data/d1/ts_archive/datasets,entropy,17,0,32,/data/d1/ts_archive/results/492412552823949607/8eb0ca1bc4324356baa530c3e8864df1/artifacts,64,0.01,1234,XRF,0.001,5384695,0,10,NVIDIA GeForce RTX 4090,4195672,20,0.1,main.py,ANON1,conda,PROJECT,2ba81db4ea05c65817b596ef2f113e084de3fbd8,file:///home/ANON1/repos/TS_Archive-1#ts_archive_experiments,https://github.com/ANON2/TS_Archive.git,local,caring-skink-55
ca87acc9d98040f69a8cf77f50b647a1,492412552823949607,FAILED,/data/d1/ts_archive/results/492412552823949607/ca87acc9d98040f69a8cf77f50b647a1/artifacts,2026-01-16 15:24:11.238000+00:00,2026-01-16 19:09:20.739000+00:00,,,,,,,,,,,,,,,,,,200,8,FCN,0.5,,False,8,9,S2Agri-10pc-17,0,sktime 0.39.0,24,100,/data/d1/ts_archive/datasets,entropy,17,0,32,/data/d1/ts_archive/results/492412552823949607/ca87acc9d98040f69a8cf77f50b647a1/artifacts,64,0.01,1234,XRF,0.001,5381410,2,10,NVIDIA GeForce RTX 4090,4225230,20,0.1,main.py,ANON1,conda,PROJECT,2ba81db4ea05c65817b596ef2f113e084de3fbd8,file:///home/ANON1/repos/TS_Archive-1#ts_archive_experiments,https://github.com/ANON2/TS_Archive.git,local,unique-steed-436
dc5685e43ccf487f8d028c546497609e,492412552823949607,FAILED,/data/d1/ts_archive/results/492412552823949607/dc5685e43ccf487f8d028c546497609e/artifacts,2026-01-16 11:28:16.652000+00:00,2026-01-16 15:24:09.663000+00:00,,,,,,,,,,,,,,,,,,200,8,FCN,0.5,,False,8,9,S2Agri-10pc-17,0,sktime 0.39.0,24,100,/data/d1/ts_archive/datasets,entropy,17,0,32,/data/d1/ts_archive/results/492412552823949607/dc5685e43ccf487f8d028c546497609e/artifacts,64,0.01,1234,XRF,0.001,5380579,1,10,NVIDIA GeForce RTX 4090,4232710,20,0.1,main.py,ANON1,conda,PROJECT,2ba81db4ea05c65817b596ef2f113e084de3fbd8,file:///home/ANON1/repos/TS_Archive-1#ts_archive_experiments,https://github.com/ANON2/TS_Archive.git,local,bedecked-lark-765
4c79fe6dd0724334a3d13dbbd1070c93,492412552823949607,RUNNING,/data/d1/ts_archive/results/492412552823949607/4c79fe6dd0724334a3d13dbbd1070c93/artifacts,2026-01-16 07:28:15.612000+00:00,,,,,,,,,,,,,,,,,,,200,8,FCN,0.5,,False,8,9,S2Agri-10pc-17,0,sktime 0.39.0,24,100,/data/d1/ts_archive/datasets,entropy,17,0,32,/data/d1/ts_archive/results/492412552823949607/4c79fe6dd0724334a3d13dbbd1070c93/artifacts,64,0.01,1234,XRF,0.001,5384695,0,10,NVIDIA GeForce RTX 4090,4195672,20,0.1,main.py,ANON1,conda,PROJECT,2ba81db4ea05c65817b596ef2f113e084de3fbd8,file:///home/ANON1/repos/TS_Archive-1#ts_archive_experiments,https://github.com/ANON2/TS_Archive.git,local,masked-stag-218
54bf5601e1a741f6bc8c57336152d623,492412552823949607,RUNNING,/data/d1/ts_archive/results/492412552823949607/54bf5601e1a741f6bc8c57336152d623/artifacts,2026-01-16 03:28:14.890000+00:00,,,,,,,,,,,,,,,,,,,200,8,ConvTran,0.5,,False,8,9,S2Agri-10pc-17,0,PyTorch 2.9.0+cu128,24,100,/data/d1/ts_archive/datasets,entropy,17,0,32,/data/d1/ts_archive/results/492412552823949607/54bf5601e1a741f6bc8c57336152d623/artifacts,64,0.01,1234,XRF,0.001,5381410,2,10,NVIDIA GeForce RTX 4090,4225230,20,0.1,main.py,ANON1,conda,PROJECT,2ba81db4ea05c65817b596ef2f113e084de3fbd8,file:///home/ANON1/repos/TS_Archive-1#ts_archive_experiments,https://github.com/ANON2/TS_Archive.git,local,luxuriant-zebra-300
0ced68969c994a6eb40e3a4fffccbfba,492412552823949607,RUNNING,/data/d1/ts_archive/results/492412552823949607/0ced68969c994a6eb40e3a4fffccbfba/artifacts,2026-01-15 23:28:14.847000+00:00,,,,,,,,,,,,,,,,,,,200,8,ConvTran,0.5,,False,8,9,S2Agri-10pc-17,0,PyTorch 2.9.0+cu128,24,100,/data/d1/ts_archive/datasets,entropy,17,0,32,/data/d1/ts_archive/results/492412552823949607/0ced68969c994a6eb40e3a4fffccbfba/artifacts,64,0.01,1234,XRF,0.001,5380579,1,10,NVIDIA GeForce RTX 4090,4232710,20,0.1,main.py,ANON1,conda,PROJECT,2ba81db4ea05c65817b596ef2f113e084de3fbd8,file:///home/ANON1/repos/TS_Archive-1#ts_archive_experiments,https://github.com/ANON2/TS_Archive.git,local,agreeable-sheep-247
4e93a9dfa730477a8564cdab39100b0b,492412552823949607,RUNNING,/data/d1/ts_archive/results/492412552823949607/4e93a9dfa730477a8564cdab39100b0b/artifacts,2026-01-15 19:28:13.895000+00:00,,,,,,,,,,,,,,,,,,,200,8,ConvTran,0.5,,False,8,9,S2Agri-10pc-17,0,PyTorch 2.9.0+cu128,24,100,/data/d1/ts_archive/datasets,entropy,17,0,32,/data/d1/ts_archive/results/492412552823949607/4e93a9dfa730477a8564cdab39100b0b/artifacts,64,0.01,1234,XRF,0.001,5384695,0,10,NVIDIA GeForce RTX 4090,4195672,20,0.1,main.py,ANON1,conda,PROJECT,2ba81db4ea05c65817b596ef2f113e084de3fbd8,file:///home/ANON1/repos/TS_Archive-1#ts_archive_experiments,https://github.com/ANON2/TS_Archive.git,local,agreeable-lark-809
5af7c86d1b61469bb89bfeb36912599e,492412552823949607,FINISHED,/data/d1/ts_archive/results/492412552823949607/5af7c86d1b61469bb89bfeb36912599e/artifacts,2026-01-15 15:58:26.196000+00:00,2026-01-15 19:28:11.498000+00:00,16.459060922265053,1.4235725338844343e-05,16529.445373212384,0.0018319766494320263,0.4463945552843205,0.05830735666643408,12554.851115971804,2118.09476254032,0.5707324120031909,0.07100740594805055,0.5937527028663357,125.54851115971803,1.1220453145068519,33233.0,1652944.5373212385,406901.0,0.5937527028663357,200,8,SFCN,0.5,,False,8,9,S2Agri-10pc-17,0,PyTorch 2.9.0+cu128,24,100,/data/d1/ts_archive/datasets,entropy,17,0,32,/data/d1/ts_archive/results/492412552823949607/5af7c86d1b61469bb89bfeb36912599e/artifacts,64,0.01,1234,XRF,0.001,5381410,2,10,NVIDIA GeForce RTX 4090,4225230,20,0.1,main.py,ANON1,conda,PROJECT,2ba81db4ea05c65817b596ef2f113e084de3fbd8,file:///home/ANON1/repos/TS_Archive-1#ts_archive_experiments,https://github.com/ANON2/TS_Archive.git,local,youthful-shad-113
aadb730135bb4fbbb6dc48dbf29cadc5,492412552823949607,FINISHED,/data/d1/ts_archive/results/492412552823949607/aadb730135bb4fbbb6dc48dbf29cadc5/artifacts,2026-01-15 12:24:49.193000+00:00,2026-01-15 15:58:24.437000+00:00,16.531636020168662,1.4402023244959714e-05,16756.96698452775,0.0018591713687046518,0.44815054128456094,0.05715102624334968,12785.074846770614,2134.08517982364,0.6888960810443414,0.07047284401609356,0.5944676613794779,127.85074846770614,1.1348118599092394,33233.0,1675696.698452775,406901.0,0.5944676613794779,200,8,SFCN,0.5,,False,8,9,S2Agri-10pc-17,0,PyTorch 2.9.0+cu128,24,100,/data/d1/ts_archive/datasets,entropy,17,0,32,/data/d1/ts_archive/results/492412552823949607/aadb730135bb4fbbb6dc48dbf29cadc5/artifacts,64,0.01,1234,XRF,0.001,5380579,1,10,NVIDIA GeForce RTX 4090,4232710,20,0.1,main.py,ANON1,conda,PROJECT,2ba81db4ea05c65817b596ef2f113e084de3fbd8,file:///home/ANON1/repos/TS_Archive-1#ts_archive_experiments,https://github.com/ANON2/TS_Archive.git,local,omniscient-foal-142
e83bb5a94e084dc499c1154a46162467,492412552823949607,FINISHED,/data/d1/ts_archive/results/492412552823949607/e83bb5a94e084dc499c1154a46162467/artifacts,2026-01-15 08:54:11.983000+00:00,2026-01-15 12:24:47.444000+00:00,16.92732501961291,1.4236331021025588e-05,16589.055843913193,0.0018103556801308976,0.4629262002781995,0.0469560628469668,12601.619993258268,2152.55454185628,0.5738558647596413,0.060003244123797296,0.6095130203536854,126.01619993258268,1.0600506788602573,33233.0,1658905.5843913194,406901.0,0.6095130203536854,200,8,SFCN,0.5,,False,8,9,S2Agri-10pc-17,0,PyTorch 2.9.0+cu128,24,100,/data/d1/ts_archive/datasets,entropy,17,0,32,/data/d1/ts_archive/results/492412552823949607/e83bb5a94e084dc499c1154a46162467/artifacts,64,0.01,1234,XRF,0.001,5384695,0,10,NVIDIA GeForce RTX 4090,4195672,20,0.1,main.py,ANON1,conda,PROJECT,2ba81db4ea05c65817b596ef2f113e084de3fbd8,file:///home/ANON1/repos/TS_Archive-1#ts_archive_experiments,https://github.com/ANON2/TS_Archive.git,local,capable-jay-86
3b7bbe2236844a7abc5d7753e603a6ec,492412552823949607,FINISHED,/data/d1/ts_archive/results/492412552823949607/3b7bbe2236844a7abc5d7753e603a6ec/artifacts,2026-01-15 05:10:39.597000+00:00,2026-01-15 08:54:09.285000+00:00,9.501208357512953,0.00016992843091075336,41532.16141569866,0.0556902237061864,0.5393941496253177,0.4670006784960988,13378.77514892444,3113.807478084,0.7820183961835773,0.5287184003407076,0.49834564412569526,133.7877514892444,,507334.0,4153216.1415698663,5586308.0,0.49834564412569526,200,8,ResNet,0.5,,False,8,9,MosquitoSound,0,sktime 0.39.0,3750,100,/data/d1/ts_archive/datasets,entropy,6,0,32,/data/d1/ts_archive/results/492412552823949607/3b7bbe2236844a7abc5d7753e603a6ec/artifacts,64,0.01,1234,XRF,0.001,257200,2,1,NVIDIA GeForce RTX 4090,201287,20,0.1,main.py,ANON1,conda,PROJECT,2ba81db4ea05c65817b596ef2f113e084de3fbd8,file:///home/ANON1/repos/TS_Archive-1#ts_archive_experiments,https://github.com/ANON2/TS_Archive.git,local,righteous-skunk-513
fed55a4508db425f8ab22d86c4aaa4bb,492412552823949607,FINISHED,/data/d1/ts_archive/results/492412552823949607/fed55a4508db425f8ab22d86c4aaa4bb/artifacts,2026-01-15 01:27:14.495000+00:00,2026-01-15 05:10:37.862000+00:00,9.535644866526129,0.00017054432540779656,39950.72359414962,0.0546157162776306,0.6822366583731788,0.6057440083805621,13372.662652496248,3053.72854423116,0.8432617143878883,0.651256135053529,0.6302648757891725,133.72662652496248,,507334.0,3995072.3594149617,5584368.0,0.6302648757891725,200,8,ResNet,0.5,,False,8,9,MosquitoSound,0,sktime 0.39.0,3750,100,/data/d1/ts_archive/datasets,entropy,6,0,32,/data/d1/ts_archive/results/492412552823949607/fed55a4508db425f8ab22d86c4aaa4bb/artifacts,64,0.01,1234,XRF,0.001,257200,1,1,NVIDIA GeForce RTX 4090,201287,20,0.1,main.py,ANON1,conda,PROJECT,2ba81db4ea05c65817b596ef2f113e084de3fbd8,file:///home/ANON1/repos/TS_Archive-1#ts_archive_experiments,https://github.com/ANON2/TS_Archive.git,local,beautiful-midge-267
124f99ef8ca040c6a9911577ca33bc23,492412552823949607,FINISHED,/data/d1/ts_archive/results/492412552823949607/124f99ef8ca040c6a9911577ca33bc23/artifacts,2026-01-14 21:40:37.654000+00:00,2026-01-15 01:27:12.895000+00:00,9.643891168758271,0.00017247721802693907,43132.77408921774,0.05552156334868548,0.3433232597217458,0.29920776708900443,13564.872567834333,3104.4326930784,0.8018831490121066,0.35077107568579685,0.29343277175662624,135.64872567834334,,507334.0,4313277.408921774,5591428.0,0.29343277175662624,200,8,ResNet,0.5,,False,8,9,MosquitoSound,0,sktime 0.39.0,3750,100,/data/d1/ts_archive/datasets,entropy,6,0,32,/data/d1/ts_archive/results/492412552823949607/124f99ef8ca040c6a9911577ca33bc23/artifacts,64,0.01,1234,XRF,0.001,257200,0,1,NVIDIA GeForce RTX 4090,201286,20,0.1,main.py,ANON1,conda,PROJECT,2ba81db4ea05c65817b596ef2f113e084de3fbd8,file:///home/ANON1/repos/TS_Archive-1#ts_archive_experiments,https://github.com/ANON2/TS_Archive.git,local,silent-hare-492
4eecbd4c2de0448d91b09d483853d242,492412552823949607,FAILED,/data/d1/ts_archive/results/492412552823949607/4eecbd4c2de0448d91b09d483853d242/artifacts,2026-01-14 21:32:01.595000+00:00,2026-01-14 21:40:35.015000+00:00,,,,,,,,,,,,,,,,,,200,8,MLP,0.5,,False,8,9,MosquitoSound,0,sktime 0.39.0,3750,100,/data/d1/ts_archive/datasets,entropy,6,0,32,/data/d1/ts_archive/results/492412552823949607/4eecbd4c2de0448d91b09d483853d242/artifacts,64,0.01,1234,XRF,0.001,257200,2,1,NVIDIA GeForce RTX 4090,201287,20,0.1,main.py,ANON1,conda,PROJECT,2ba81db4ea05c65817b596ef2f113e084de3fbd8,file:///home/ANON1/repos/TS_Archive-1#ts_archive_experiments,https://github.com/ANON2/TS_Archive.git,local,upbeat-horse-718
026e3f2cded34dae95eb5a7e50321dc9,492412552823949607,FAILED,/data/d1/ts_archive/results/492412552823949607/026e3f2cded34dae95eb5a7e50321dc9/artifacts,2026-01-14 21:23:25.213000+00:00,2026-01-14 21:31:59.978000+00:00,,,,,,,,,,,,,,,,,,200,8,MLP,0.5,,False,8,9,MosquitoSound,0,sktime 0.39.0,3750,100,/data/d1/ts_archive/datasets,entropy,6,0,32,/data/d1/ts_archive/results/492412552823949607/026e3f2cded34dae95eb5a7e50321dc9/artifacts,64,0.01,1234,XRF,0.001,257200,1,1,NVIDIA GeForce RTX 4090,201287,20,0.1,main.py,ANON1,conda,PROJECT,2ba81db4ea05c65817b596ef2f113e084de3fbd8,file:///home/ANON1/repos/TS_Archive-1#ts_archive_experiments,https://github.com/ANON2/TS_Archive.git,local,worried-ox-806
baf714b19f244e7392251f5569aa4a3f,492412552823949607,FAILED,/data/d1/ts_archive/results/492412552823949607/baf714b19f244e7392251f5569aa4a3f/artifacts,2026-01-14 21:14:59.679000+00:00,2026-01-14 21:23:23.572000+00:00,,,,,,,,,,,,,,,,,,200,8,MLP,0.5,,False,8,9,MosquitoSound,0,sktime 0.39.0,3750,100,/data/d1/ts_archive/datasets,entropy,6,0,32,/data/d1/ts_archive/results/492412552823949607/baf714b19f244e7392251f5569aa4a3f/artifacts,64,0.01,1234,XRF,0.001,257200,0,1,NVIDIA GeForce RTX 4090,201286,20,0.1,main.py,ANON1,conda,PROJECT,2ba81db4ea05c65817b596ef2f113e084de3fbd8,file:///home/ANON1/repos/TS_Archive-1#ts_archive_experiments,https://github.com/ANON2/TS_Archive.git,local,overjoyed-bird-524
677f5e87ea5e466db9574fd6cf8fd722,492412552823949607,FINISHED,/data/d1/ts_archive/results/492412552823949607/677f5e87ea5e466db9574fd6cf8fd722/artifacts,2026-01-14 20:20:26.221000+00:00,2026-01-14 21:14:57.299000+00:00,2.428790435194969,4.343874296129646e-05,3549.314493915066,0.0055460441463178545,0.702987937036377,0.6154615393462189,3247.0501664932817,310.0959663530702,0.7034771196476287,0.6095901519316321,0.707241607497362,32.47050166493282,,5498434.0,354931.4493915066,56406720.0,0.707241607497362,200,8,MCDCNN,0.5,,False,8,9,MosquitoSound,0,sktime 0.39.0,3750,100,/data/d1/ts_archive/datasets,entropy,6,0,32,/data/d1/ts_archive/results/492412552823949607/677f5e87ea5e466db9574fd6cf8fd722/artifacts,64,0.01,1234,XRF,0.001,257200,2,1,NVIDIA GeForce RTX 4090,201287,20,0.1,main.py,ANON1,conda,PROJECT,2ba81db4ea05c65817b596ef2f113e084de3fbd8,file:///home/ANON1/repos/TS_Archive-1#ts_archive_experiments,https://github.com/ANON2/TS_Archive.git,local,thundering-owl-626
e800514458c64021bdfeacfffe9b6b5c,492412552823949607,FAILED,/data/d1/ts_archive/results/492412552823949607/e800514458c64021bdfeacfffe9b6b5c/artifacts,2026-01-14 19:25:49.130000+00:00,2026-01-14 20:20:24.633000+00:00,,,,,,,,,,,,,,,,,,200,8,MCDCNN,0.5,,False,8,9,MosquitoSound,0,sktime 0.39.0,3750,100,/data/d1/ts_archive/datasets,entropy,6,0,32,/data/d1/ts_archive/results/492412552823949607/e800514458c64021bdfeacfffe9b6b5c/artifacts,64,0.01,1234,XRF,0.001,257200,1,1,NVIDIA GeForce RTX 4090,201287,20,0.1,main.py,ANON1,conda,PROJECT,2ba81db4ea05c65817b596ef2f113e084de3fbd8,file:///home/ANON1/repos/TS_Archive-1#ts_archive_experiments,https://github.com/ANON2/TS_Archive.git,local,efficient-crab-327
188aec113a3741d1be02aa7637b82cde,492412552823949607,FAILED,/data/d1/ts_archive/results/492412552823949607/188aec113a3741d1be02aa7637b82cde/artifacts,2026-01-14 18:31:05.167000+00:00,2026-01-14 19:25:47.594000+00:00,,,,,,,,,,,,,,,,,,200,8,MCDCNN,0.5,,False,8,9,MosquitoSound,0,sktime 0.39.0,3750,100,/data/d1/ts_archive/datasets,entropy,6,0,32,/data/d1/ts_archive/results/492412552823949607/188aec113a3741d1be02aa7637b82cde/artifacts,64,0.01,1234,XRF,0.001,257200,0,1,NVIDIA GeForce RTX 4090,201286,20,0.1,main.py,ANON1,conda,PROJECT,2ba81db4ea05c65817b596ef2f113e084de3fbd8,file:///home/ANON1/repos/TS_Archive-1#ts_archive_experiments,https://github.com/ANON2/TS_Archive.git,local,painted-sloth-428
91e62370962742219cd2658beb613a9c,492412552823949607,RUNNING,/data/d1/ts_archive/results/492412552823949607/91e62370962742219cd2658beb613a9c/artifacts,2026-01-14 14:31:04.471000+00:00,,,,,,,,,,,,,,,,,,,200,8,LSTMFCN,0.5,,False,8,9,MosquitoSound,0,sktime 0.39.0,3750,100,/data/d1/ts_archive/datasets,entropy,6,0,32,/data/d1/ts_archive/results/492412552823949607/91e62370962742219cd2658beb613a9c/artifacts,64,0.01,1234,XRF,0.001,257200,2,1,NVIDIA GeForce RTX 4090,201287,20,0.1,main.py,ANON1,conda,PROJECT,2ba81db4ea05c65817b596ef2f113e084de3fbd8,file:///home/ANON1/repos/TS_Archive-1#ts_archive_experiments,https://github.com/ANON2/TS_Archive.git,local,dazzling-conch-829
3c9feed29b7b434d8b740b6e4d98aa30,492412552823949607,RUNNING,/data/d1/ts_archive/results/492412552823949607/3c9feed29b7b434d8b740b6e4d98aa30/artifacts,2026-01-14 10:31:04.261000+00:00,,,,,,,,,,,,,,,,,,,200,8,LSTMFCN,0.5,,False,8,9,MosquitoSound,0,sktime 0.39.0,3750,100,/data/d1/ts_archive/datasets,entropy,6,0,32,/data/d1/ts_archive/results/492412552823949607/3c9feed29b7b434d8b740b6e4d98aa30/artifacts,64,0.01,1234,XRF,0.001,257200,1,1,NVIDIA GeForce RTX 4090,201287,20,0.1,main.py,ANON1,conda,PROJECT,2ba81db4ea05c65817b596ef2f113e084de3fbd8,file:///home/ANON1/repos/TS_Archive-1#ts_archive_experiments,https://github.com/ANON2/TS_Archive.git,local,loud-steed-121
805ccba34dac42f880e6ac06aa81193e,492412552823949607,RUNNING,/data/d1/ts_archive/results/492412552823949607/805ccba34dac42f880e6ac06aa81193e/artifacts,2026-01-14 06:31:03.472000+00:00,,,,,,,,,,,,,,,,,,,200,8,LSTMFCN,0.5,,False,8,9,MosquitoSound,0,sktime 0.39.0,3750,100,/data/d1/ts_archive/datasets,entropy,6,0,32,/data/d1/ts_archive/results/492412552823949607/805ccba34dac42f880e6ac06aa81193e/artifacts,64,0.01,1234,XRF,0.001,257200,0,1,NVIDIA GeForce RTX 4090,201286,20,0.1,main.py,ANON1,conda,PROJECT,2ba81db4ea05c65817b596ef2f113e084de3fbd8,file:///home/ANON1/repos/TS_Archive-1#ts_archive_experiments,https://github.com/ANON2/TS_Archive.git,local,loud-calf-97
94a236ac06064b239d41b6a2a361dc9c,492412552823949607,RUNNING,/data/d1/ts_archive/results/492412552823949607/94a236ac06064b239d41b6a2a361dc9c/artifacts,2026-01-14 02:31:03.507000+00:00,,,,,,,,,,,,,,,,,,,200,8,InceptionTime,0.5,,False,8,9,MosquitoSound,0,sktime 0.39.0,3750,100,/data/d1/ts_archive/datasets,entropy,6,0,32,/data/d1/ts_archive/results/492412552823949607/94a236ac06064b239d41b6a2a361dc9c/artifacts,64,0.01,1234,XRF,0.001,257200,2,1,NVIDIA GeForce RTX 4090,201287,20,0.1,main.py,ANON1,conda,PROJECT,2ba81db4ea05c65817b596ef2f113e084de3fbd8,file:///home/ANON1/repos/TS_Archive-1#ts_archive_experiments,https://github.com/ANON2/TS_Archive.git,local,crawling-rat-542
881176c3c07247d09b1aabd7cd0342de,492412552823949607,RUNNING,/data/d1/ts_archive/results/492412552823949607/881176c3c07247d09b1aabd7cd0342de/artifacts,2026-01-13 22:31:02.138000+00:00,,,,,,,,,,,,,,,,,,,200,8,InceptionTime,0.5,,False,8,9,MosquitoSound,0,sktime 0.39.0,3750,100,/data/d1/ts_archive/datasets,entropy,6,0,32,/data/d1/ts_archive/results/492412552823949607/881176c3c07247d09b1aabd7cd0342de/artifacts,64,0.01,1234,XRF,0.001,257200,1,1,NVIDIA GeForce RTX 4090,201287,20,0.1,main.py,ANON1,conda,PROJECT,2ba81db4ea05c65817b596ef2f113e084de3fbd8,file:///home/ANON1/repos/TS_Archive-1#ts_archive_experiments,https://github.com/ANON2/TS_Archive.git,local,amusing-swan-13
d277593fb2cf4fa0b03627cbebd5d3a1,492412552823949607,RUNNING,/data/d1/ts_archive/results/492412552823949607/d277593fb2cf4fa0b03627cbebd5d3a1/artifacts,2026-01-13 18:31:01.455000+00:00,,,,,,,,,,,,,,,,,,,200,8,InceptionTime,0.5,,False,8,9,MosquitoSound,0,sktime 0.39.0,3750,100,/data/d1/ts_archive/datasets,entropy,6,0,32,/data/d1/ts_archive/results/492412552823949607/d277593fb2cf4fa0b03627cbebd5d3a1/artifacts,64,0.01,1234,XRF,0.001,257200,0,1,NVIDIA GeForce RTX 4090,201286,20,0.1,main.py,ANON1,conda,PROJECT,2ba81db4ea05c65817b596ef2f113e084de3fbd8,file:///home/ANON1/repos/TS_Archive-1#ts_archive_experiments,https://github.com/ANON2/TS_Archive.git,local,kindly-robin-712
68b27f971f2f45c19c093c6dfc2d44a0,492412552823949607,FINISHED,/data/d1/ts_archive/results/492412552823949607/68b27f971f2f45c19c093c6dfc2d44a0/artifacts,2026-01-13 16:37:16.463000+00:00,2026-01-13 18:30:58.765000+00:00,5.088234001770616,9.100270065585134e-05,17649.71164537595,0.028053873038167868,0.3744833221547283,0.2631569046951065,6795.654306458309,1568.57620318308,0.6847735036156573,0.3393178106928249,0.3750827177937152,67.95654306458309,,266502.0,1764971.1645375954,2766373.0,0.3750827177937152,200,8,FCN,0.5,,False,8,9,MosquitoSound,0,sktime 0.39.0,3750,100,/data/d1/ts_archive/datasets,entropy,6,0,32,/data/d1/ts_archive/results/492412552823949607/68b27f971f2f45c19c093c6dfc2d44a0/artifacts,64,0.01,1234,XRF,0.001,257200,2,1,NVIDIA GeForce RTX 4090,201287,20,0.1,main.py,ANON1,conda,PROJECT,2ba81db4ea05c65817b596ef2f113e084de3fbd8,file:///home/ANON1/repos/TS_Archive-1#ts_archive_experiments,https://github.com/ANON2/TS_Archive.git,local,tasteful-koi-596
1bc476d181564273b850c05067a608ea,492412552823949607,FINISHED,/data/d1/ts_archive/results/492412552823949607/1bc476d181564273b850c05067a608ea/artifacts,2026-01-13 14:43:57.967000+00:00,2026-01-13 16:37:14.465000+00:00,5.201226642355323,9.302356593914336e-05,17594.5621339365,0.028142030159864787,0.20625300169397584,0.150780588794006,6770.440374288708,1573.50533232852,0.7119050034045168,0.23123184321738302,0.31951424534544737,67.70440374288708,,266502.0,1759456.2133936498,2774692.0,0.31951424534544737,200,8,FCN,0.5,,False,8,9,MosquitoSound,0,sktime 0.39.0,3750,100,/data/d1/ts_archive/datasets,entropy,6,0,32,/data/d1/ts_archive/results/492412552823949607/1bc476d181564273b850c05067a608ea/artifacts,64,0.01,1234,XRF,0.001,257200,1,1,NVIDIA GeForce RTX 4090,201287,20,0.1,main.py,ANON1,conda,PROJECT,2ba81db4ea05c65817b596ef2f113e084de3fbd8,file:///home/ANON1/repos/TS_Archive-1#ts_archive_experiments,https://github.com/ANON2/TS_Archive.git,local,suave-frog-103
007b2f79738f40edbb84e241ba2ddb06,492412552823949607,FINISHED,/data/d1/ts_archive/results/492412552823949607/007b2f79738f40edbb84e241ba2ddb06/artifacts,2026-01-13 12:50:44.841000+00:00,2026-01-13 14:43:56.203000+00:00,5.105973379686475,9.131833493734082e-05,17599.578575274234,0.02785462583175877,0.2687656919391716,0.22426834112270147,6764.495730632916,1557.4635487569599,0.6556633422117416,0.24924521056233764,0.3674213971456165,67.64495730632916,,266502.0,1759957.8575274234,2803065.0,0.3674213971456165,200,8,FCN,0.5,,False,8,9,MosquitoSound,0,sktime 0.39.0,3750,100,/data/d1/ts_archive/datasets,entropy,6,0,32,/data/d1/ts_archive/results/492412552823949607/007b2f79738f40edbb84e241ba2ddb06/artifacts,64,0.01,1234,XRF,0.001,257200,0,1,NVIDIA GeForce RTX 4090,201286,20,0.1,main.py,ANON1,conda,PROJECT,2ba81db4ea05c65817b596ef2f113e084de3fbd8,file:///home/ANON1/repos/TS_Archive-1#ts_archive_experiments,https://github.com/ANON2/TS_Archive.git,local,ambitious-shrimp-981
2537dc1ada494affa6d0ef2b569ce95f,492412552823949607,FINISHED,/data/d1/ts_archive/results/492412552823949607/2537dc1ada494affa6d0ef2b569ce95f/artifacts,2026-01-13 11:44:35.870000+00:00,2026-01-13 12:50:42.387000+00:00,4.275116838514805,7.646015843390275e-05,14417.940645179851,0.02915415341725395,0.9206198854698568,0.887594689648792,3948.532046614215,1630.09618001892,0.9214647277841387,0.8805489809022763,0.9218249780909628,39.48532046614215,0.22232566549839686,30366.0,1441794.064517985,865721.0,0.9218249780909628,200,8,ConvTran,0.5,,False,8,9,MosquitoSound,0,PyTorch 2.9.0+cu128,3750,100,/data/d1/ts_archive/datasets,entropy,6,0,32,/data/d1/ts_archive/results/492412552823949607/2537dc1ada494affa6d0ef2b569ce95f/artifacts,64,0.01,1234,XRF,0.001,257200,2,1,NVIDIA GeForce RTX 4090,201287,20,0.1,main.py,ANON1,conda,PROJECT,2ba81db4ea05c65817b596ef2f113e084de3fbd8,file:///home/ANON1/repos/TS_Archive-1#ts_archive_experiments,https://github.com/ANON2/TS_Archive.git,local,ambitious-cub-529
4a7baeca4eef4050b2e2a67b46598f0d,492412552823949607,FINISHED,/data/d1/ts_archive/results/492412552823949607/4a7baeca4eef4050b2e2a67b46598f0d/artifacts,2026-01-13 10:38:30.846000+00:00,2026-01-13 11:44:34.049000+00:00,3.833391521126032,6.855993277280833e-05,14414.218963926425,0.024458516036892315,0.9109403010888841,0.8695350441644983,3945.7690562829375,1367.54900717076,0.9114299350380934,0.8563086701870888,0.9133296371148033,39.45769056282938,0.24053090222756476,30366.0,1441421.8963926425,865721.0,0.9133296371148033,200,8,ConvTran,0.5,,False,8,9,MosquitoSound,0,PyTorch 2.9.0+cu128,3750,100,/data/d1/ts_archive/datasets,entropy,6,0,32,/data/d1/ts_archive/results/492412552823949607/4a7baeca4eef4050b2e2a67b46598f0d/artifacts,64,0.01,1234,XRF,0.001,257200,1,1,NVIDIA GeForce RTX 4090,201287,20,0.1,main.py,ANON1,conda,PROJECT,2ba81db4ea05c65817b596ef2f113e084de3fbd8,file:///home/ANON1/repos/TS_Archive-1#ts_archive_experiments,https://github.com/ANON2/TS_Archive.git,local,dazzling-dove-208
a784d220dfac40c19637f4f3013b8607,492412552823949607,FINISHED,/data/d1/ts_archive/results/492412552823949607/a784d220dfac40c19637f4f3013b8607/artifacts,2026-01-13 09:32:30.028000+00:00,2026-01-13 10:38:29.009000+00:00,4.49908091314137,8.046430076798958e-05,14329.45734616112,0.029569109399716707,0.9031568512332684,0.8652467467852624,3940.6553489807993,1653.32718297576,0.9176372500751775,0.8850553075792919,0.899416961762707,39.40655348980799,0.2736526177899923,30366.0,1432945.734616112,865721.0,0.899416961762707,200,8,ConvTran,0.5,,False,8,9,MosquitoSound,0,PyTorch 2.9.0+cu128,3750,100,/data/d1/ts_archive/datasets,entropy,6,0,32,/data/d1/ts_archive/results/492412552823949607/a784d220dfac40c19637f4f3013b8607/artifacts,64,0.01,1234,XRF,0.001,257200,0,1,NVIDIA GeForce RTX 4090,201286,20,0.1,main.py,ANON1,conda,PROJECT,2ba81db4ea05c65817b596ef2f113e084de3fbd8,file:///home/ANON1/repos/TS_Archive-1#ts_archive_experiments,https://github.com/ANON2/TS_Archive.git,local,worried-kit-837
26311d9226df464a8c075e0a78ae333b,492412552823949607,FINISHED,/data/d1/ts_archive/results/492412552823949607/26311d9226df464a8c075e0a78ae333b/artifacts,2026-01-13 08:55:29.183000+00:00,2026-01-13 09:32:27.385000+00:00,2.2842153906822205,4.085302864597179e-05,8666.224416679885,0.01444071884459428,0.7244430698508503,0.6466721709607066,2201.958156971261,807.4239127577999,0.7223690078806463,0.6363742111434744,0.7377175254413106,22.01958156971261,0.7532962123093147,27270.0,866622.4416679885,335285.0,0.7377175254413106,200,8,SFCN,0.5,,False,8,9,MosquitoSound,0,PyTorch 2.9.0+cu128,3750,100,/data/d1/ts_archive/datasets,entropy,6,0,32,/data/d1/ts_archive/results/492412552823949607/26311d9226df464a8c075e0a78ae333b/artifacts,64,0.01,1234,XRF,0.001,257200,2,1,NVIDIA GeForce RTX 4090,201287,20,0.1,main.py,ANON1,conda,PROJECT,2ba81db4ea05c65817b596ef2f113e084de3fbd8,file:///home/ANON1/repos/TS_Archive-1#ts_archive_experiments,https://github.com/ANON2/TS_Archive.git,local,likeable-conch-829
9f793a5174364c5292f5a9d3f9cde727,492412552823949607,FINISHED,/data/d1/ts_archive/results/492412552823949607/9f793a5174364c5292f5a9d3f9cde727/artifacts,2026-01-13 08:18:17.484000+00:00,2026-01-13 08:55:27.289000+00:00,2.2808096893131733,4.079211792093383e-05,8753.779575954773,0.015102010512813837,0.7293138660691582,0.6481508419475545,2211.925984717905,844.3987138029601,0.7293662180077516,0.6409926495740198,0.7439414805143706,22.119259847179052,0.7352824983860664,27270.0,875377.9575954773,335285.0,0.7439414805143706,200,8,SFCN,0.5,,False,8,9,MosquitoSound,0,PyTorch 2.9.0+cu128,3750,100,/data/d1/ts_archive/datasets,entropy,6,0,32,/data/d1/ts_archive/results/492412552823949607/9f793a5174364c5292f5a9d3f9cde727/artifacts,64,0.01,1234,XRF,0.001,257200,1,1,NVIDIA GeForce RTX 4090,201287,20,0.1,main.py,ANON1,conda,PROJECT,2ba81db4ea05c65817b596ef2f113e084de3fbd8,file:///home/ANON1/repos/TS_Archive-1#ts_archive_experiments,https://github.com/ANON2/TS_Archive.git,local,thoughtful-skunk-438
d73cbdd12a614c3da63ecbe1f46cb21f,492412552823949607,FINISHED,/data/d1/ts_archive/results/492412552823949607/d73cbdd12a614c3da63ecbe1f46cb21f/artifacts,2026-01-13 07:41:17.263000+00:00,2026-01-13 08:18:14.208000+00:00,2.486541286110878,4.447081743589938e-05,8736.532879985503,0.016023900221682586,0.7345169308644522,0.6534292328623078,2193.881281184033,895.96035699516,0.7337857783355857,0.6464744107966561,0.7488285581428622,21.93881281184033,0.7348298769453955,27270.0,873653.2879985503,335285.0,0.7488285581428622,200,8,SFCN,0.5,,False,8,9,MosquitoSound,0,PyTorch 2.9.0+cu128,3750,100,/data/d1/ts_archive/datasets,entropy,6,0,32,/data/d1/ts_archive/results/492412552823949607/d73cbdd12a614c3da63ecbe1f46cb21f/artifacts,64,0.01,1234,XRF,0.001,257200,0,1,NVIDIA GeForce RTX 4090,201286,20,0.1,main.py,ANON1,conda,PROJECT,2ba81db4ea05c65817b596ef2f113e084de3fbd8,file:///home/ANON1/repos/TS_Archive-1#ts_archive_experiments,https://github.com/ANON2/TS_Archive.git,local,ambitious-ape-651
5743d9881bcf482484da41e7c5876297,492412552823949607,FINISHED,/data/d1/ts_archive/results/492412552823949607/5743d9881bcf482484da41e7c5876297/artifacts,2026-01-13 06:58:19.734000+00:00,2026-01-13 07:41:14.730000+00:00,2.362151524052024,7.978085396014671e-05,2870.9908311274276,0.011827206385293044,0.6066280134730088,0.5811406384638124,2553.829551910981,350.17992665575645,0.6040900529858959,0.5802903754437522,0.6110510672791137,25.53829551910981,,514306.0,287099.08311274275,5692049.0,0.6110510672791137,200,8,ResNet,0.5,,False,8,9,DREAMERV,0,sktime 0.39.0,256,100,/data/d1/ts_archive/datasets,entropy,2,0,32,/data/d1/ts_archive/results/492412552823949607/5743d9881bcf482484da41e7c5876297/artifacts,64,0.01,1234,XRF,0.001,156182,2,14,NVIDIA GeForce RTX 4090,126574,20,0.1,main.py,ANON1,conda,PROJECT,2ba81db4ea05c65817b596ef2f113e084de3fbd8,file:///home/ANON1/repos/TS_Archive-1#ts_archive_experiments,https://github.com/ANON2/TS_Archive.git,local,delicate-pig-645
d640b44e20874fe4b471952c4d5ae814,492412552823949607,FINISHED,/data/d1/ts_archive/results/492412552823949607/d640b44e20874fe4b471952c4d5ae814/artifacts,2026-01-13 06:15:14.554000+00:00,2026-01-13 06:58:17.972000+00:00,2.6799982748925686,9.05160184711081e-05,2894.7492162834587,0.012932605117157525,0.589038686350523,0.5884155161575526,2561.532176684588,382.9085723088,0.6141792982150933,0.6010106561149227,0.5884558227506079,25.61532176684588,,514306.0,289474.92162834585,5686926.0,0.5884558227506079,200,8,ResNet,0.5,,False,8,9,DREAMERV,0,sktime 0.39.0,256,100,/data/d1/ts_archive/datasets,entropy,2,0,32,/data/d1/ts_archive/results/492412552823949607/d640b44e20874fe4b471952c4d5ae814/artifacts,64,0.01,1234,XRF,0.001,156182,1,14,NVIDIA GeForce RTX 4090,126574,20,0.1,main.py,ANON1,conda,PROJECT,2ba81db4ea05c65817b596ef2f113e084de3fbd8,file:///home/ANON1/repos/TS_Archive-1#ts_archive_experiments,https://github.com/ANON2/TS_Archive.git,local,sassy-skunk-946
0d3783100e7941e3a73dcea481e1d20d,492412552823949607,FINISHED,/data/d1/ts_archive/results/492412552823949607/0d3783100e7941e3a73dcea481e1d20d/artifacts,2026-01-13 05:32:23.527000+00:00,2026-01-13 06:15:12.776000+00:00,2.519210685044527,8.508547301555414e-05,2875.35122506017,0.012507988052529046,0.5824561023061737,0.567065671524953,2547.7807195559144,370.33651025928003,0.5808477521999026,0.5672318143839705,0.5878478789516347,25.477807195559144,,514306.0,287535.122506017,5699885.0,0.5878478789516347,200,8,ResNet,0.5,,False,8,9,DREAMERV,0,sktime 0.39.0,256,100,/data/d1/ts_archive/datasets,entropy,2,0,32,/data/d1/ts_archive/results/492412552823949607/0d3783100e7941e3a73dcea481e1d20d/artifacts,64,0.01,1234,XRF,0.001,156182,0,14,NVIDIA GeForce RTX 4090,126574,20,0.1,main.py,ANON1,conda,PROJECT,2ba81db4ea05c65817b596ef2f113e084de3fbd8,file:///home/ANON1/repos/TS_Archive-1#ts_archive_experiments,https://github.com/ANON2/TS_Archive.git,local,ambitious-pig-303
b290170bae7d4ca8a3ce53c31cadbe16,492412552823949607,FINISHED,/data/d1/ts_archive/results/492412552823949607/b290170bae7d4ca8a3ce53c31cadbe16/artifacts,2026-01-13 05:26:46.873000+00:00,2026-01-13 05:32:20.808000+00:00,1.838698087260127,6.210139446298727e-05,400.346388437454,0.009412228011748564,0.4669779235286101,0.38036540192118534,312.6002346035093,278.6772469718515,0.6138543636854904,0.5,0.6138543636854904,3.126002346035093,,2294502.0,40034.6388437454,15998473.0,0.6138543636854904,200,8,MLP,0.5,,False,8,9,DREAMERV,0,sktime 0.39.0,256,100,/data/d1/ts_archive/datasets,entropy,2,0,32,/data/d1/ts_archive/results/492412552823949607/b290170bae7d4ca8a3ce53c31cadbe16/artifacts,64,0.01,1234,XRF,0.001,156182,2,14,NVIDIA GeForce RTX 4090,126574,20,0.1,main.py,ANON1,conda,PROJECT,2ba81db4ea05c65817b596ef2f113e084de3fbd8,file:///home/ANON1/repos/TS_Archive-1#ts_archive_experiments,https://github.com/ANON2/TS_Archive.git,local,sedate-bird-492
3423fcd9234b460b859437b9c9197fd6,492412552823949607,FINISHED,/data/d1/ts_archive/results/492412552823949607/3423fcd9234b460b859437b9c9197fd6/artifacts,2026-01-13 05:21:40.772000+00:00,2026-01-13 05:26:45.190000+00:00,1.7101448364555836,5.7759552703849756e-05,382.46913581674323,0.008858541953667469,0.4216325634468738,0.3656833129806971,283.1136483810842,262.2837101641864,0.576499594704134,0.5,0.576499594704134,2.831136483810842,,2294502.0,38246.91358167432,16017253.0,0.576499594704134,200,8,MLP,0.5,,False,8,9,DREAMERV,0,sktime 0.39.0,256,100,/data/d1/ts_archive/datasets,entropy,2,0,32,/data/d1/ts_archive/results/492412552823949607/3423fcd9234b460b859437b9c9197fd6/artifacts,64,0.01,1234,XRF,0.001,156182,1,14,NVIDIA GeForce RTX 4090,126574,20,0.1,main.py,ANON1,conda,PROJECT,2ba81db4ea05c65817b596ef2f113e084de3fbd8,file:///home/ANON1/repos/TS_Archive-1#ts_archive_experiments,https://github.com/ANON2/TS_Archive.git,local,chill-shrike-568
5a565d5fecca42a582b885dab5c545a5,492412552823949607,FINISHED,/data/d1/ts_archive/results/492412552823949607/5a565d5fecca42a582b885dab5c545a5/artifacts,2026-01-13 05:16:28.488000+00:00,2026-01-13 05:21:39.051000+00:00,1.763895632699132,5.957496732974642e-05,380.9809752448536,0.00908257633419074,0.42717419521779165,0.36753962489853464,289.15473880805075,268.9169201027194,0.5811267225074305,0.5,0.5811267225074305,2.8915473880805074,,2294502.0,38098.09752448536,18799789.0,0.5811267225074305,200,8,MLP,0.5,,False,8,9,DREAMERV,0,sktime 0.39.0,256,100,/data/d1/ts_archive/datasets,entropy,2,0,32,/data/d1/ts_archive/results/492412552823949607/5a565d5fecca42a582b885dab5c545a5/artifacts,64,0.01,1234,XRF,0.001,156182,0,14,NVIDIA GeForce RTX 4090,126574,20,0.1,main.py,ANON1,conda,PROJECT,2ba81db4ea05c65817b596ef2f113e084de3fbd8,file:///home/ANON1/repos/TS_Archive-1#ts_archive_experiments,https://github.com/ANON2/TS_Archive.git,local,placid-carp-563
8d08a8dcfee54b5ba3c65ad260ae6f4c,492412552823949607,FAILED,/data/d1/ts_archive/results/492412552823949607/8d08a8dcfee54b5ba3c65ad260ae6f4c/artifacts,2026-01-13 04:00:29.276000+00:00,2026-01-13 05:16:25.953000+00:00,,,,,,,,,,,,,,,,,,200,8,MCDCNN,0.5,,False,8,9,DREAMERV,0,sktime 0.39.0,256,100,/data/d1/ts_archive/datasets,entropy,2,0,32,/data/d1/ts_archive/results/492412552823949607/8d08a8dcfee54b5ba3c65ad260ae6f4c/artifacts,64,0.01,1234,XRF,0.001,156182,2,14,NVIDIA GeForce RTX 4090,126574,20,0.1,main.py,ANON1,conda,PROJECT,2ba81db4ea05c65817b596ef2f113e084de3fbd8,file:///home/ANON1/repos/TS_Archive-1#ts_archive_experiments,https://github.com/ANON2/TS_Archive.git,local,bright-skunk-788
55354bedd96040c887202661a3ab2f4d,492412552823949607,FAILED,/data/d1/ts_archive/results/492412552823949607/55354bedd96040c887202661a3ab2f4d/artifacts,2026-01-13 02:46:14.367000+00:00,2026-01-13 04:00:27.761000+00:00,,,,,,,,,,,,,,,,,,200,8,MCDCNN,0.5,,False,8,9,DREAMERV,0,sktime 0.39.0,256,100,/data/d1/ts_archive/datasets,entropy,2,0,32,/data/d1/ts_archive/results/492412552823949607/55354bedd96040c887202661a3ab2f4d/artifacts,64,0.01,1234,XRF,0.001,156182,1,14,NVIDIA GeForce RTX 4090,126574,20,0.1,main.py,ANON1,conda,PROJECT,2ba81db4ea05c65817b596ef2f113e084de3fbd8,file:///home/ANON1/repos/TS_Archive-1#ts_archive_experiments,https://github.com/ANON2/TS_Archive.git,local,mercurial-shark-694
e3654808d66d4ce69cbc8347c478b627,492412552823949607,FAILED,/data/d1/ts_archive/results/492412552823949607/e3654808d66d4ce69cbc8347c478b627/artifacts,2026-01-13 01:30:47.550000+00:00,2026-01-13 02:46:12.503000+00:00,,,,,,,,,,,,,,,,,,200,8,MCDCNN,0.5,,False,8,9,DREAMERV,0,sktime 0.39.0,256,100,/data/d1/ts_archive/datasets,entropy,2,0,32,/data/d1/ts_archive/results/492412552823949607/e3654808d66d4ce69cbc8347c478b627/artifacts,64,0.01,1234,XRF,0.001,156182,0,14,NVIDIA GeForce RTX 4090,126574,20,0.1,main.py,ANON1,conda,PROJECT,2ba81db4ea05c65817b596ef2f113e084de3fbd8,file:///home/ANON1/repos/TS_Archive-1#ts_archive_experiments,https://github.com/ANON2/TS_Archive.git,local,casual-crow-770
6d6135c5fdfc4e45a13c2c100cd85661,492412552823949607,FINISHED,/data/d1/ts_archive/results/492412552823949607/6d6135c5fdfc4e45a13c2c100cd85661/artifacts,2026-01-13 00:36:43.734000+00:00,2026-01-13 01:30:44.794000+00:00,3.0041205268353224,0.00010146313586987714,4670.7986365267,0.013487437814578491,0.5755808850006814,0.550602807202077,3219.400957852602,399.33605881404,0.5740845750073301,0.550331843040808,0.5773777357470954,32.19400957852602,,280050.0,467079.86365266994,3108037.0,0.5773777357470954,200,8,LSTMFCN,0.5,,False,8,9,DREAMERV,0,sktime 0.39.0,256,100,/data/d1/ts_archive/datasets,entropy,2,0,32,/data/d1/ts_archive/results/492412552823949607/6d6135c5fdfc4e45a13c2c100cd85661/artifacts,64,0.01,1234,XRF,0.001,156182,2,14,NVIDIA GeForce RTX 4090,126574,20,0.1,main.py,ANON1,conda,PROJECT,2ba81db4ea05c65817b596ef2f113e084de3fbd8,file:///home/ANON1/repos/TS_Archive-1#ts_archive_experiments,https://github.com/ANON2/TS_Archive.git,local,resilient-midge-444
3ff751a1adc147719f8d71be24be884d,492412552823949607,FINISHED,/data/d1/ts_archive/results/492412552823949607/3ff751a1adc147719f8d71be24be884d/artifacts,2026-01-12 23:40:17.127000+00:00,2026-01-13 00:36:42.289000+00:00,3.296364039182663,0.00011133355982108426,4786.828099946384,0.014265192850095922,0.4995862626264427,0.5093551766623176,3363.8054130263627,422.36382990564005,0.5748906799059839,0.5504600863537645,0.5176641448257228,33.638054130263626,,280050.0,478682.80999463843,3113196.0,0.5176641448257228,200,8,LSTMFCN,0.5,,False,8,9,DREAMERV,0,sktime 0.39.0,256,100,/data/d1/ts_archive/datasets,entropy,2,0,32,/data/d1/ts_archive/results/492412552823949607/3ff751a1adc147719f8d71be24be884d/artifacts,64,0.01,1234,XRF,0.001,156182,1,14,NVIDIA GeForce RTX 4090,126574,20,0.1,main.py,ANON1,conda,PROJECT,2ba81db4ea05c65817b596ef2f113e084de3fbd8,file:///home/ANON1/repos/TS_Archive-1#ts_archive_experiments,https://github.com/ANON2/TS_Archive.git,local,amazing-shoat-989
d4eb2166b437401dbeaf5342be6ceaf7,492412552823949607,FINISHED,/data/d1/ts_archive/results/492412552823949607/d4eb2166b437401dbeaf5342be6ceaf7/artifacts,2026-01-12 22:44:14.104000+00:00,2026-01-12 23:40:15.612000+00:00,3.1492223143577576,0.00010636389875566596,4774.253365853799,0.013788248658132938,0.5995567461778476,0.5843526306551158,3339.63805847615,408.24246627,0.5984907126527579,0.5842807681969756,0.605478249121859,33.3963805847615,,280050.0,477425.3365853799,3108951.0,0.605478249121859,200,8,LSTMFCN,0.5,,False,8,9,DREAMERV,0,sktime 0.39.0,256,100,/data/d1/ts_archive/datasets,entropy,2,0,32,/data/d1/ts_archive/results/492412552823949607/d4eb2166b437401dbeaf5342be6ceaf7/artifacts,64,0.01,1234,XRF,0.001,156182,0,14,NVIDIA GeForce RTX 4090,126574,20,0.1,main.py,ANON1,conda,PROJECT,2ba81db4ea05c65817b596ef2f113e084de3fbd8,file:///home/ANON1/repos/TS_Archive-1#ts_archive_experiments,https://github.com/ANON2/TS_Archive.git,local,useful-dolphin-57
99e23ddc4a114f54891219a3199851c4,492412552823949607,FINISHED,/data/d1/ts_archive/results/492412552823949607/99e23ddc4a114f54891219a3199851c4/artifacts,2026-01-12 21:43:48.551000+00:00,2026-01-12 22:44:11.385000+00:00,3.995968645438552,0.0001349624643825504,4643.935120726067,0.01682061375875034,0.5816014290653906,0.5589745203024259,3599.3686813414097,498.02473216908,0.5818462097729185,0.5590451227659599,0.58136314509592,35.993686813414094,,494466.0,464393.5120726067,5413746.0,0.58136314509592,200,8,InceptionTime,0.5,,False,8,9,DREAMERV,0,sktime 0.39.0,256,100,/data/d1/ts_archive/datasets,entropy,2,0,32,/data/d1/ts_archive/results/492412552823949607/99e23ddc4a114f54891219a3199851c4/artifacts,64,0.01,1234,XRF,0.001,156182,2,14,NVIDIA GeForce RTX 4090,126574,20,0.1,main.py,ANON1,conda,PROJECT,2ba81db4ea05c65817b596ef2f113e084de3fbd8,file:///home/ANON1/repos/TS_Archive-1#ts_archive_experiments,https://github.com/ANON2/TS_Archive.git,local,sassy-loon-413
01a6e8153c3f416faa2804af17fdedb8,492412552823949607,FINISHED,/data/d1/ts_archive/results/492412552823949607/01a6e8153c3f416faa2804af17fdedb8/artifacts,2026-01-12 20:43:36.367000+00:00,2026-01-12 21:43:46.848000+00:00,4.260606873780489,0.00014390052937653637,4645.836285890195,0.016595363000135095,0.5985505147502963,0.5920920243895671,3587.633710935712,491.35550770799995,0.6035410381463797,0.5945447625635447,0.5964604161037558,35.87633710935712,,494466.0,464583.62858901947,5472494.0,0.5964604161037558,200,8,InceptionTime,0.5,,False,8,9,DREAMERV,0,sktime 0.39.0,256,100,/data/d1/ts_archive/datasets,entropy,2,0,32,/data/d1/ts_archive/results/492412552823949607/01a6e8153c3f416faa2804af17fdedb8/artifacts,64,0.01,1234,XRF,0.001,156182,1,14,NVIDIA GeForce RTX 4090,126574,20,0.1,main.py,ANON1,conda,PROJECT,2ba81db4ea05c65817b596ef2f113e084de3fbd8,file:///home/ANON1/repos/TS_Archive-1#ts_archive_experiments,https://github.com/ANON2/TS_Archive.git,local,gifted-shoat-150
ee0dd95b95ef4d469329a4e106523cf9,492412552823949607,FINISHED,/data/d1/ts_archive/results/492412552823949607/ee0dd95b95ef4d469329a4e106523cf9/artifacts,2026-01-12 19:43:05.123000+00:00,2026-01-12 20:43:34.735000+00:00,4.75893822312355,0.00016073149902470787,4642.461868438811,0.01826883185300054,0.564571805580111,0.5635385339426784,3606.5412670001374,540.90357350364,0.5905679356131733,0.576439518300519,0.5636314509592002,36.06541267000137,,494466.0,464246.1868438811,5444900.0,0.5636314509592002,200,8,InceptionTime,0.5,,False,8,9,DREAMERV,0,sktime 0.39.0,256,100,/data/d1/ts_archive/datasets,entropy,2,0,32,/data/d1/ts_archive/results/492412552823949607/ee0dd95b95ef4d469329a4e106523cf9/artifacts,64,0.01,1234,XRF,0.001,156182,0,14,NVIDIA GeForce RTX 4090,126574,20,0.1,main.py,ANON1,conda,PROJECT,2ba81db4ea05c65817b596ef2f113e084de3fbd8,file:///home/ANON1/repos/TS_Archive-1#ts_archive_experiments,https://github.com/ANON2/TS_Archive.git,local,bright-cub-509
9d8de80ebd2441d293eef717d185a374,492412552823949607,FINISHED,/data/d1/ts_archive/results/492412552823949607/9d8de80ebd2441d293eef717d185a374/artifacts,2026-01-12 19:28:19.897000+00:00,2026-01-12 19:43:02.255000+00:00,1.4665024355053902,4.9530614546926174e-05,1069.5680464224636,0.006414583596250751,0.6037752387669086,0.5808114826392873,862.2729382514954,189.92299111779224,0.6026740344698842,0.5803852069908879,0.6050729532558768,8.622729382514954,,279298.0,106956.80464224635,3094727.0,0.6050729532558768,200,8,FCN,0.5,,False,8,9,DREAMERV,0,sktime 0.39.0,256,100,/data/d1/ts_archive/datasets,entropy,2,0,32,/data/d1/ts_archive/results/492412552823949607/9d8de80ebd2441d293eef717d185a374/artifacts,64,0.01,1234,XRF,0.001,156182,2,14,NVIDIA GeForce RTX 4090,126574,20,0.1,main.py,ANON1,conda,PROJECT,2ba81db4ea05c65817b596ef2f113e084de3fbd8,file:///home/ANON1/repos/TS_Archive-1#ts_archive_experiments,https://github.com/ANON2/TS_Archive.git,local,shivering-pig-347
b40731cc94a04e23b29684c66111901c,492412552823949607,FINISHED,/data/d1/ts_archive/results/492412552823949607/b40731cc94a04e23b29684c66111901c/artifacts,2026-01-12 19:12:36.562000+00:00,2026-01-12 19:28:18.152000+00:00,1.4384676348417995,4.858374881254389e-05,1122.9310166481685,0.006751636336966277,0.5289982784229533,0.535420187881249,921.8846101928502,199.90244866489752,0.5882757922940935,0.5662916036140304,0.5392123750337746,9.218846101928502,,279298.0,112293.10166481684,3083505.0,0.5392123750337746,200,8,FCN,0.5,,False,8,9,DREAMERV,0,sktime 0.39.0,256,100,/data/d1/ts_archive/datasets,entropy,2,0,32,/data/d1/ts_archive/results/492412552823949607/b40731cc94a04e23b29684c66111901c/artifacts,64,0.01,1234,XRF,0.001,156182,1,14,NVIDIA GeForce RTX 4090,126574,20,0.1,main.py,ANON1,conda,PROJECT,2ba81db4ea05c65817b596ef2f113e084de3fbd8,file:///home/ANON1/repos/TS_Archive-1#ts_archive_experiments,https://github.com/ANON2/TS_Archive.git,local,placid-fish-503
e99db354b9c6439da1b3720565e9c29e,492412552823949607,FINISHED,/data/d1/ts_archive/results/492412552823949607/e99db354b9c6439da1b3720565e9c29e/artifacts,2026-01-12 18:58:02.478000+00:00,2026-01-12 19:12:34.896000+00:00,1.4077962934970856,4.754783482494885e-05,1073.928161336562,0.006831950542455034,0.5579606681691865,0.5391114104518787,852.065458457917,202.28039166100865,0.556649249705421,0.5417584638879755,0.5683936773844906,8.52065458457917,,279298.0,107392.8161336562,3099607.0,0.5683936773844906,200,8,FCN,0.5,,False,8,9,DREAMERV,0,sktime 0.39.0,256,100,/data/d1/ts_archive/datasets,entropy,2,0,32,/data/d1/ts_archive/results/492412552823949607/e99db354b9c6439da1b3720565e9c29e/artifacts,64,0.01,1234,XRF,0.001,156182,0,14,NVIDIA GeForce RTX 4090,126574,20,0.1,main.py,ANON1,conda,PROJECT,2ba81db4ea05c65817b596ef2f113e084de3fbd8,file:///home/ANON1/repos/TS_Archive-1#ts_archive_experiments,https://github.com/ANON2/TS_Archive.git,local,agreeable-seal-112
41aab384dfe34437b115b8a8e52672bc,492412552823949607,FINISHED,/data/d1/ts_archive/results/492412552823949607/41aab384dfe34437b115b8a8e52672bc/artifacts,2026-01-12 18:18:42.773000+00:00,2026-01-12 18:57:59.948000+00:00,1.906622538343072,6.43955193982394e-05,7598.2504436255995,0.020107199377728993,0.5496550530518156,0.5156211407883187,2343.837709415704,595.3339591758,0.5446201673499115,0.5183544003933689,0.5617400702512835,23.43837709415704,2.6002683786726166,81786.0,759825.0443625599,1162297.0,0.5617400702512835,200,8,ConvTran,0.5,,False,8,9,DREAMERV,0,PyTorch 2.9.0+cu128,256,100,/data/d1/ts_archive/datasets,entropy,2,0,32,/data/d1/ts_archive/results/492412552823949607/41aab384dfe34437b115b8a8e52672bc/artifacts,64,0.01,1234,XRF,0.001,156182,2,14,NVIDIA GeForce RTX 4090,126574,20,0.1,main.py,ANON1,conda,PROJECT,2ba81db4ea05c65817b596ef2f113e084de3fbd8,file:///home/ANON1/repos/TS_Archive-1#ts_archive_experiments,https://github.com/ANON2/TS_Archive.git,local,colorful-yak-300
19c70aa0517442fdb4e7587a6fb99b11,492412552823949607,FINISHED,/data/d1/ts_archive/results/492412552823949607/19c70aa0517442fdb4e7587a6fb99b11/artifacts,2026-01-12 17:39:35.500000+00:00,2026-01-12 18:18:40.836000+00:00,1.240112155675888,4.188436083747258e-05,7574.773908035339,0.015091629763107269,0.5943715080832241,0.5879085346096287,2332.22640620172,446.83297402608,0.5994991396414268,0.5903751833327415,0.5922385841664415,23.322264062017197,1.7616688964238716,81786.0,757477.390803534,1162297.0,0.5922385841664415,200,8,ConvTran,0.5,,False,8,9,DREAMERV,0,PyTorch 2.9.0+cu128,256,100,/data/d1/ts_archive/datasets,entropy,2,0,32,/data/d1/ts_archive/results/492412552823949607/19c70aa0517442fdb4e7587a6fb99b11/artifacts,64,0.01,1234,XRF,0.001,156182,1,14,NVIDIA GeForce RTX 4090,126574,20,0.1,main.py,ANON1,conda,PROJECT,2ba81db4ea05c65817b596ef2f113e084de3fbd8,file:///home/ANON1/repos/TS_Archive-1#ts_archive_experiments,https://github.com/ANON2/TS_Archive.git,local,awesome-flea-534
1c1701ed934d4b458aab23241a1e210b,492412552823949607,FINISHED,/data/d1/ts_archive/results/492412552823949607/1c1701ed934d4b458aab23241a1e210b/artifacts,2026-01-12 17:00:19.413000+00:00,2026-01-12 17:39:33.877000+00:00,2.273505302146077,7.678685835402854e-05,7559.307254677051,0.022596963191105105,0.5686333706308526,0.5474101547337362,2340.061913305893,669.05088616224,0.5712073601888153,0.5528757383962567,0.5852134558227506,23.40061913305893,2.0043827718220926,81786.0,755930.725467705,1162297.0,0.5852134558227506,200,8,ConvTran,0.5,,False,8,9,DREAMERV,0,PyTorch 2.9.0+cu128,256,100,/data/d1/ts_archive/datasets,entropy,2,0,32,/data/d1/ts_archive/results/492412552823949607/1c1701ed934d4b458aab23241a1e210b/artifacts,64,0.01,1234,XRF,0.001,156182,0,14,NVIDIA GeForce RTX 4090,126574,20,0.1,main.py,ANON1,conda,PROJECT,2ba81db4ea05c65817b596ef2f113e084de3fbd8,file:///home/ANON1/repos/TS_Archive-1#ts_archive_experiments,https://github.com/ANON2/TS_Archive.git,local,mercurial-yak-425
b001c530fb264042892631d8d4f83fe6,492412552823949607,FINISHED,/data/d1/ts_archive/results/492412552823949607/b001c530fb264042892631d8d4f83fe6/artifacts,2026-01-12 16:47:22.300000+00:00,2026-01-12 17:00:16.806000+00:00,1.2093697935342789,4.084604814692917e-05,1899.3304201269168,0.009688413058517753,0.5714344506679745,0.5436854967857258,761.4743681084365,286.85453383659365,0.5683698280119184,0.5436049751491585,0.5762293974601459,7.614743681084365,4.187338480656935,28226.0,189933.04201269167,346805.0,0.5762293974601459,200,8,SFCN,0.5,,False,8,9,DREAMERV,0,PyTorch 2.9.0+cu128,256,100,/data/d1/ts_archive/datasets,entropy,2,0,32,/data/d1/ts_archive/results/492412552823949607/b001c530fb264042892631d8d4f83fe6/artifacts,64,0.01,1234,XRF,0.001,156182,2,14,NVIDIA GeForce RTX 4090,126574,20,0.1,main.py,ANON1,conda,PROJECT,2ba81db4ea05c65817b596ef2f113e084de3fbd8,file:///home/ANON1/repos/TS_Archive-1#ts_archive_experiments,https://github.com/ANON2/TS_Archive.git,local,nimble-kit-148
0924fae07dc34ea08e1960c26cb317c8,492412552823949607,FINISHED,/data/d1/ts_archive/results/492412552823949607/0924fae07dc34ea08e1960c26cb317c8/artifacts,2026-01-12 16:34:27.909000+00:00,2026-01-12 16:47:20.413000+00:00,1.1842827703803778,3.999874258242292e-05,1885.8256058376503,0.0092652431986241,0.5435144588185092,0.5388629928511538,758.6303489282727,274.32532062486234,0.5543456285903694,0.5435031126343539,0.5408673331532018,7.586303489282727,5.242462978914473,28226.0,188582.56058376504,346805.0,0.5408673331532018,200,8,SFCN,0.5,,False,8,9,DREAMERV,0,PyTorch 2.9.0+cu128,256,100,/data/d1/ts_archive/datasets,entropy,2,0,32,/data/d1/ts_archive/results/492412552823949607/0924fae07dc34ea08e1960c26cb317c8/artifacts,64,0.01,1234,XRF,0.001,156182,1,14,NVIDIA GeForce RTX 4090,126574,20,0.1,main.py,ANON1,conda,PROJECT,2ba81db4ea05c65817b596ef2f113e084de3fbd8,file:///home/ANON1/repos/TS_Archive-1#ts_archive_experiments,https://github.com/ANON2/TS_Archive.git,local,fun-wasp-365
ee96432fbef64c509c15fc277c06405f,492412552823949607,FINISHED,/data/d1/ts_archive/results/492412552823949607/ee96432fbef64c509c15fc277c06405f/artifacts,2026-01-12 16:21:32.524000+00:00,2026-01-12 16:34:26.109000+00:00,1.208931377157569,4.083124078484089e-05,1875.9028185841175,0.009493365732801143,0.5777925634370203,0.5573610132727331,760.3001321200281,281.07957261677626,0.5805223931828178,0.5618162539842998,0.5931842745203999,7.603001321200281,18.14805073069418,28226.0,187590.28185841176,346805.0,0.5931842745203999,200,8,SFCN,0.5,,False,8,9,DREAMERV,0,PyTorch 2.9.0+cu128,256,100,/data/d1/ts_archive/datasets,entropy,2,0,32,/data/d1/ts_archive/results/492412552823949607/ee96432fbef64c509c15fc277c06405f/artifacts,64,0.01,1234,XRF,0.001,156182,0,14,NVIDIA GeForce RTX 4090,126574,20,0.1,main.py,ANON1,conda,PROJECT,2ba81db4ea05c65817b596ef2f113e084de3fbd8,file:///home/ANON1/repos/TS_Archive-1#ts_archive_experiments,https://github.com/ANON2/TS_Archive.git,local,beautiful-skunk-172
fe150a81d43348b9b95cdcebe74da307,492412552823949607,FINISHED,/data/d1/ts_archive/results/492412552823949607/fe150a81d43348b9b95cdcebe74da307/artifacts,2026-01-12 15:38:45.562000+00:00,2026-01-12 16:21:30.114000+00:00,2.5787368156015877,8.709594756827843e-05,2836.3905551183,0.01185230626705151,0.5234191831472728,0.5244340104598058,2542.812831582501,350.9230839548611,0.5327663067825447,0.5309535830656962,0.5285395838962442,25.42812831582501,,514306.0,283639.05551183,5544313.0,0.5285395838962442,200,8,ResNet,0.5,,False,8,9,DREAMERA,0,sktime 0.39.0,256,100,/data/d1/ts_archive/datasets,entropy,2,0,32,/data/d1/ts_archive/results/492412552823949607/fe150a81d43348b9b95cdcebe74da307/artifacts,64,0.01,1234,XRF,0.001,156182,2,14,NVIDIA GeForce RTX 4090,126574,20,0.1,main.py,ANON1,conda,PROJECT,2ba81db4ea05c65817b596ef2f113e084de3fbd8,file:///home/ANON1/repos/TS_Archive-1#ts_archive_experiments,https://github.com/ANON2/TS_Archive.git,local,sincere-shad-910
ad55758cc9cc435ea5b849c1d00552e3,492412552823949607,FINISHED,/data/d1/ts_archive/results/492412552823949607/ad55758cc9cc435ea5b849c1d00552e3/artifacts,2026-01-12 14:56:30.375000+00:00,2026-01-12 15:38:43.736000+00:00,2.617952896282077,8.842045718326387e-05,2809.0473934757333,0.012637399580041881,0.5309598137565488,0.5313749463662067,2511.7281386628747,374.16812676588,0.5387980130223401,0.5369992336678002,0.5360713320724129,25.117281386628747,,514306.0,280904.7393475733,5667744.0,0.5360713320724129,200,8,ResNet,0.5,,False,8,9,DREAMERA,0,sktime 0.39.0,256,100,/data/d1/ts_archive/datasets,entropy,2,0,32,/data/d1/ts_archive/results/492412552823949607/ad55758cc9cc435ea5b849c1d00552e3/artifacts,64,0.01,1234,XRF,0.001,156182,1,14,NVIDIA GeForce RTX 4090,126574,20,0.1,main.py,ANON1,conda,PROJECT,2ba81db4ea05c65817b596ef2f113e084de3fbd8,file:///home/ANON1/repos/TS_Archive-1#ts_archive_experiments,https://github.com/ANON2/TS_Archive.git,local,handsome-shad-890
635daa4267d24b59af5981a805374e04,492412552823949607,FINISHED,/data/d1/ts_archive/results/492412552823949607/635daa4267d24b59af5981a805374e04/artifacts,2026-01-12 14:14:32.869000+00:00,2026-01-12 14:56:28.619000+00:00,2.5484410785138607,8.60727194850669e-05,2799.5915202247797,0.012283129511554986,0.4814833218691948,0.4798208775707258,2494.8010720405728,363.67889857812,0.5221200878175762,0.4994255115802039,0.4799378546338827,24.948010720405726,,514306.0,279959.152022478,5699054.0,0.4799378546338827,200,8,ResNet,0.5,,False,8,9,DREAMERA,0,sktime 0.39.0,256,100,/data/d1/ts_archive/datasets,entropy,2,0,32,/data/d1/ts_archive/results/492412552823949607/635daa4267d24b59af5981a805374e04/artifacts,64,0.01,1234,XRF,0.001,156182,0,14,NVIDIA GeForce RTX 4090,126574,20,0.1,main.py,ANON1,conda,PROJECT,2ba81db4ea05c65817b596ef2f113e084de3fbd8,file:///home/ANON1/repos/TS_Archive-1#ts_archive_experiments,https://github.com/ANON2/TS_Archive.git,local,powerful-gull-99
869ed41499bd4a32ae161df173206530,492412552823949607,FINISHED,/data/d1/ts_archive/results/492412552823949607/869ed41499bd4a32ae161df173206530/artifacts,2026-01-12 14:09:08.015000+00:00,2026-01-12 14:14:30.275000+00:00,1.800045581534505,6.079591939795004e-05,390.3311833864884,0.009271681758734671,0.34617019798782744,0.33839828387558096,301.5157314389944,274.51595351261614,0.5114833828694947,0.5,0.5114833828694947,3.015157314389944,,2294502.0,39033.11833864884,15990245.0,0.5114833828694947,200,8,MLP,0.5,,False,8,9,DREAMERA,0,sktime 0.39.0,256,100,/data/d1/ts_archive/datasets,entropy,2,0,32,/data/d1/ts_archive/results/492412552823949607/869ed41499bd4a32ae161df173206530/artifacts,64,0.01,1234,XRF,0.001,156182,2,14,NVIDIA GeForce RTX 4090,126574,20,0.1,main.py,ANON1,conda,PROJECT,2ba81db4ea05c65817b596ef2f113e084de3fbd8,file:///home/ANON1/repos/TS_Archive-1#ts_archive_experiments,https://github.com/ANON2/TS_Archive.git,local,colorful-asp-556
2dc22da699ce4e5f9b5933418bd9c667,492412552823949607,FINISHED,/data/d1/ts_archive/results/492412552823949607/2dc22da699ce4e5f9b5933418bd9c667/artifacts,2026-01-12 14:03:35.300000+00:00,2026-01-12 14:09:06.301000+00:00,1.7870248910039663,6.035615006092834e-05,394.3127911720824,0.009203617310978188,0.33826098856668885,0.33529398558696094,309.3976957835257,272.5007013434422,0.5044244798703054,0.5,0.5044244798703054,3.093976957835257,,2294502.0,39431.27911720824,19530185.0,0.5044244798703054,200,8,MLP,0.5,,False,8,9,DREAMERA,0,sktime 0.39.0,256,100,/data/d1/ts_archive/datasets,entropy,2,0,32,/data/d1/ts_archive/results/492412552823949607/2dc22da699ce4e5f9b5933418bd9c667/artifacts,64,0.01,1234,XRF,0.001,156182,1,14,NVIDIA GeForce RTX 4090,126574,20,0.1,main.py,ANON1,conda,PROJECT,2ba81db4ea05c65817b596ef2f113e084de3fbd8,file:///home/ANON1/repos/TS_Archive-1#ts_archive_experiments,https://github.com/ANON2/TS_Archive.git,local,adorable-doe-558
a0295539d69547d89c6105d79e6ba046,492412552823949607,FINISHED,/data/d1/ts_archive/results/492412552823949607/a0295539d69547d89c6105d79e6ba046/artifacts,2026-01-12 13:58:16.715000+00:00,2026-01-12 14:03:33.671000+00:00,1.7386989332735538,5.8723957486947916e-05,384.7340028632832,0.009199557083703725,0.2221777523910413,0.282352085706668,295.9396888948977,272.3804861342999,0.3934409619021886,0.5,0.3934409619021886,2.959396888948977,,2294502.0,38473.40028632832,16105132.0,0.3934409619021886,200,8,MLP,0.5,,False,8,9,DREAMERA,0,sktime 0.39.0,256,100,/data/d1/ts_archive/datasets,entropy,2,0,32,/data/d1/ts_archive/results/492412552823949607/a0295539d69547d89c6105d79e6ba046/artifacts,64,0.01,1234,XRF,0.001,156182,0,14,NVIDIA GeForce RTX 4090,126574,20,0.1,main.py,ANON1,conda,PROJECT,2ba81db4ea05c65817b596ef2f113e084de3fbd8,file:///home/ANON1/repos/TS_Archive-1#ts_archive_experiments,https://github.com/ANON2/TS_Archive.git,local,handsome-frog-467
e209ae4311ad47a590980049517c2cda,492412552823949607,FAILED,/data/d1/ts_archive/results/492412552823949607/e209ae4311ad47a590980049517c2cda/artifacts,2026-01-12 12:42:33.306000+00:00,2026-01-12 13:58:14.263000+00:00,,,,,,,,,,,,,,,,,,200,8,MCDCNN,0.5,,False,8,9,DREAMERA,0,sktime 0.39.0,256,100,/data/d1/ts_archive/datasets,entropy,2,0,32,/data/d1/ts_archive/results/492412552823949607/e209ae4311ad47a590980049517c2cda/artifacts,64,0.01,1234,XRF,0.001,156182,2,14,NVIDIA GeForce RTX 4090,126574,20,0.1,main.py,ANON1,conda,PROJECT,2ba81db4ea05c65817b596ef2f113e084de3fbd8,file:///home/ANON1/repos/TS_Archive-1#ts_archive_experiments,https://github.com/ANON2/TS_Archive.git,local,dapper-swan-601
8606277cd1e24560915b0260d15e5e77,492412552823949607,FAILED,/data/d1/ts_archive/results/492412552823949607/8606277cd1e24560915b0260d15e5e77/artifacts,2026-01-12 11:26:35.084000+00:00,2026-01-12 12:42:31.546000+00:00,,,,,,,,,,,,,,,,,,200,8,MCDCNN,0.5,,False,8,9,DREAMERA,0,sktime 0.39.0,256,100,/data/d1/ts_archive/datasets,entropy,2,0,32,/data/d1/ts_archive/results/492412552823949607/8606277cd1e24560915b0260d15e5e77/artifacts,64,0.01,1234,XRF,0.001,156182,1,14,NVIDIA GeForce RTX 4090,126574,20,0.1,main.py,ANON1,conda,PROJECT,2ba81db4ea05c65817b596ef2f113e084de3fbd8,file:///home/ANON1/repos/TS_Archive-1#ts_archive_experiments,https://github.com/ANON2/TS_Archive.git,local,polite-boar-429
b5ecbf188bcb47d6940d93fb9fb2e6c9,492412552823949607,FAILED,/data/d1/ts_archive/results/492412552823949607/b5ecbf188bcb47d6940d93fb9fb2e6c9/artifacts,2026-01-12 10:12:15.453000+00:00,2026-01-12 11:26:33.330000+00:00,,,,,,,,,,,,,,,,,,200,8,MCDCNN,0.5,,False,8,9,DREAMERA,0,sktime 0.39.0,256,100,/data/d1/ts_archive/datasets,entropy,2,0,32,/data/d1/ts_archive/results/492412552823949607/b5ecbf188bcb47d6940d93fb9fb2e6c9/artifacts,64,0.01,1234,XRF,0.001,156182,0,14,NVIDIA GeForce RTX 4090,126574,20,0.1,main.py,ANON1,conda,PROJECT,2ba81db4ea05c65817b596ef2f113e084de3fbd8,file:///home/ANON1/repos/TS_Archive-1#ts_archive_experiments,https://github.com/ANON2/TS_Archive.git,local,intrigued-yak-19
fa9cc37b12b84cb5834769ebff16adb2,492412552823949607,FINISHED,/data/d1/ts_archive/results/492412552823949607/fa9cc37b12b84cb5834769ebff16adb2/artifacts,2026-01-12 09:15:49.001000+00:00,2026-01-12 10:12:12.663000+00:00,3.854924309998751,0.00013019874054305428,4748.151960659268,0.015318301288301812,0.481792546315541,0.47894347633502315,3361.097988139838,453.54426454404006,0.5043401911260371,0.5032750309418959,0.508477438530127,33.61097988139838,,280050.0,474815.1960659268,3105100.0,0.508477438530127,200,8,LSTMFCN,0.5,,False,8,9,DREAMERA,0,sktime 0.39.0,256,100,/data/d1/ts_archive/datasets,entropy,2,0,32,/data/d1/ts_archive/results/492412552823949607/fa9cc37b12b84cb5834769ebff16adb2/artifacts,64,0.01,1234,XRF,0.001,156182,2,14,NVIDIA GeForce RTX 4090,126574,20,0.1,main.py,ANON1,conda,PROJECT,2ba81db4ea05c65817b596ef2f113e084de3fbd8,file:///home/ANON1/repos/TS_Archive-1#ts_archive_experiments,https://github.com/ANON2/TS_Archive.git,local,zealous-sow-940
9bfe416eb690450e9e4dc8dd5c916e2b,492412552823949607,FINISHED,/data/d1/ts_archive/results/492412552823949607/9bfe416eb690450e9e4dc8dd5c916e2b/artifacts,2026-01-12 08:17:53.958000+00:00,2026-01-12 09:15:47.236000+00:00,3.210835875943303,0.00010844487557225422,4805.095804753565,0.014029861392564172,0.4817199656588843,0.48081999344659365,3451.519274191931,415.39613611104,0.4989282114431546,0.4990486706850338,0.5007430424209673,34.51519274191931,,280050.0,480509.5804753565,3108662.0,0.5007430424209673,200,8,LSTMFCN,0.5,,False,8,9,DREAMERA,0,sktime 0.39.0,256,100,/data/d1/ts_archive/datasets,entropy,2,0,32,/data/d1/ts_archive/results/492412552823949607/9bfe416eb690450e9e4dc8dd5c916e2b/artifacts,64,0.01,1234,XRF,0.001,156182,1,14,NVIDIA GeForce RTX 4090,126574,20,0.1,main.py,ANON1,conda,PROJECT,2ba81db4ea05c65817b596ef2f113e084de3fbd8,file:///home/ANON1/repos/TS_Archive-1#ts_archive_experiments,https://github.com/ANON2/TS_Archive.git,local,suave-vole-54
5667df3f40424982925f7f6fdec9f6e6,492412552823949607,FINISHED,/data/d1/ts_archive/results/492412552823949607/5667df3f40424982925f7f6fdec9f6e6/artifacts,2026-01-12 07:17:33.984000+00:00,2026-01-12 08:17:52.452000+00:00,2.9114341363310814,9.833268496119567e-05,4955.876691977866,0.013312030891637395,0.44631479303784544,0.4571271041435342,3596.7637868952006,394.1426106396,0.5285170837331418,0.5047087778382242,0.4618684139421778,35.967637868952,,280050.0,495587.6691977866,3109084.0,0.4618684139421778,200,8,LSTMFCN,0.5,,False,8,9,DREAMERA,0,sktime 0.39.0,256,100,/data/d1/ts_archive/datasets,entropy,2,0,32,/data/d1/ts_archive/results/492412552823949607/5667df3f40424982925f7f6fdec9f6e6/artifacts,64,0.01,1234,XRF,0.001,156182,0,14,NVIDIA GeForce RTX 4090,126574,20,0.1,main.py,ANON1,conda,PROJECT,2ba81db4ea05c65817b596ef2f113e084de3fbd8,file:///home/ANON1/repos/TS_Archive-1#ts_archive_experiments,https://github.com/ANON2/TS_Archive.git,local,kindly-bird-897
42bea20aacb049a6a8e6d830618be2f1,492412552823949607,FINISHED,/data/d1/ts_archive/results/492412552823949607/42bea20aacb049a6a8e6d830618be2f1/artifacts,2026-01-12 06:18:26.343000+00:00,2026-01-12 07:17:31.407000+00:00,4.293154841288924,0.0001449998257663106,4673.278702973851,0.01632126133035936,0.4847508913952071,0.48622625508202383,3522.152935096994,483.23990546928,0.49742979481347416,0.49739229064695734,0.49425830856525266,35.22152935096994,,494466.0,467327.87029738515,5438487.0,0.49425830856525266,200,8,InceptionTime,0.5,,False,8,9,DREAMERA,0,sktime 0.39.0,256,100,/data/d1/ts_archive/datasets,entropy,2,0,32,/data/d1/ts_archive/results/492412552823949607/42bea20aacb049a6a8e6d830618be2f1/artifacts,64,0.01,1234,XRF,0.001,156182,2,14,NVIDIA GeForce RTX 4090,126574,20,0.1,main.py,ANON1,conda,PROJECT,2ba81db4ea05c65817b596ef2f113e084de3fbd8,file:///home/ANON1/repos/TS_Archive-1#ts_archive_experiments,https://github.com/ANON2/TS_Archive.git,local,redolent-shad-387
b12b7aaa8ed845a3a3cd9d973f86fb36,492412552823949607,FINISHED,/data/d1/ts_archive/results/492412552823949607/b12b7aaa8ed845a3a3cd9d973f86fb36/artifacts,2026-01-12 05:17:54.612000+00:00,2026-01-12 06:18:24.776000+00:00,4.98015882447362,0.00016820314862448055,4657.367270730985,0.018203593160378277,0.4734987457190646,0.4724150136641379,3606.504591574893,538.97198629248,0.4985681592940027,0.4988292893549414,0.5008443663874629,36.065045915748925,,494466.0,465736.7270730985,5427629.0,0.5008443663874629,200,8,InceptionTime,0.5,,False,8,9,DREAMERA,0,sktime 0.39.0,256,100,/data/d1/ts_archive/datasets,entropy,2,0,32,/data/d1/ts_archive/results/492412552823949607/b12b7aaa8ed845a3a3cd9d973f86fb36/artifacts,64,0.01,1234,XRF,0.001,156182,1,14,NVIDIA GeForce RTX 4090,126574,20,0.1,main.py,ANON1,conda,PROJECT,2ba81db4ea05c65817b596ef2f113e084de3fbd8,file:///home/ANON1/repos/TS_Archive-1#ts_archive_experiments,https://github.com/ANON2/TS_Archive.git,local,salty-snipe-84
0fa6b0919e134bb29907bc7b7e21de6a,492412552823949607,FINISHED,/data/d1/ts_archive/results/492412552823949607/0fa6b0919e134bb29907bc7b7e21de6a/artifacts,2026-01-12 04:18:12.483000+00:00,2026-01-12 05:17:53.063000+00:00,4.742205472663045,0.0001601663561423617,4643.769374718494,0.017575979080428263,0.5049974270530335,0.493886272948449,3556.535956054926,520.38958861332,0.5227224235976508,0.5000133529702061,0.4992569575790327,35.56535956054926,,494466.0,464376.9374718494,5426466.0,0.4992569575790327,200,8,InceptionTime,0.5,,False,8,9,DREAMERA,0,sktime 0.39.0,256,100,/data/d1/ts_archive/datasets,entropy,2,0,32,/data/d1/ts_archive/results/492412552823949607/0fa6b0919e134bb29907bc7b7e21de6a/artifacts,64,0.01,1234,XRF,0.001,156182,0,14,NVIDIA GeForce RTX 4090,126574,20,0.1,main.py,ANON1,conda,PROJECT,2ba81db4ea05c65817b596ef2f113e084de3fbd8,file:///home/ANON1/repos/TS_Archive-1#ts_archive_experiments,https://github.com/ANON2/TS_Archive.git,local,stately-frog-193
41b6298bcf324c8da6d73ec937551676,492412552823949607,FINISHED,/data/d1/ts_archive/results/492412552823949607/41b6298bcf324c8da6d73ec937551676/artifacts,2026-01-12 04:02:35.378000+00:00,2026-01-12 04:18:09.982000+00:00,1.5177265889942646,5.126069268421591e-05,1109.0493024227749,0.006774601770008262,0.5355877057088897,0.5354983484759543,914.3262799270452,200.5824092064046,0.535872494317168,0.5356210906273229,0.5355309375844366,9.143262799270452,,279298.0,110904.93024227748,3099307.0,0.5355309375844366,200,8,FCN,0.5,,False,8,9,DREAMERA,0,sktime 0.39.0,256,100,/data/d1/ts_archive/datasets,entropy,2,0,32,/data/d1/ts_archive/results/492412552823949607/41b6298bcf324c8da6d73ec937551676/artifacts,64,0.01,1234,XRF,0.001,156182,2,14,NVIDIA GeForce RTX 4090,126574,20,0.1,main.py,ANON1,conda,PROJECT,2ba81db4ea05c65817b596ef2f113e084de3fbd8,file:///home/ANON1/repos/TS_Archive-1#ts_archive_experiments,https://github.com/ANON2/TS_Archive.git,local,auspicious-wren-381
a366ceba324d49988daac9489f6fd6d2,492412552823949607,FINISHED,/data/d1/ts_archive/results/492412552823949607/a366ceba324d49988daac9489f6fd6d2/artifacts,2026-01-12 03:47:04.060000+00:00,2026-01-12 04:02:33.708000+00:00,1.5723540373146534,5.310571593199991e-05,1112.2967161052243,0.006959083887532974,0.46970611533193646,0.47131542943195226,909.2523630224168,206.04455574207628,0.572328973894514,0.5369620225091802,0.5338759794650094,9.092523630224168,,279298.0,111229.67161052243,3094065.0,0.5338759794650094,200,8,FCN,0.5,,False,8,9,DREAMERA,0,sktime 0.39.0,256,100,/data/d1/ts_archive/datasets,entropy,2,0,32,/data/d1/ts_archive/results/492412552823949607/a366ceba324d49988daac9489f6fd6d2/artifacts,64,0.01,1234,XRF,0.001,156182,1,14,NVIDIA GeForce RTX 4090,126574,20,0.1,main.py,ANON1,conda,PROJECT,2ba81db4ea05c65817b596ef2f113e084de3fbd8,file:///home/ANON1/repos/TS_Archive-1#ts_archive_experiments,https://github.com/ANON2/TS_Archive.git,local,wise-snail-210
d46530fd16aa438786f28706c1b5eb36,492412552823949607,FINISHED,/data/d1/ts_archive/results/492412552823949607/d46530fd16aa438786f28706c1b5eb36/artifacts,2026-01-12 03:32:48.920000+00:00,2026-01-12 03:47:02.439000+00:00,1.5053163152188065,5.084153996280757e-05,1046.4972115185287,0.006704305913345015,0.5418058688114066,0.4962448753655627,831.8221420459449,198.5010894823192,0.5506153134765516,0.5201519431779039,0.5869697379086734,8.31822142045945,,279298.0,104649.72115185288,3073474.0,0.5869697379086734,200,8,FCN,0.5,,False,8,9,DREAMERA,0,sktime 0.39.0,256,100,/data/d1/ts_archive/datasets,entropy,2,0,32,/data/d1/ts_archive/results/492412552823949607/d46530fd16aa438786f28706c1b5eb36/artifacts,64,0.01,1234,XRF,0.001,156182,0,14,NVIDIA GeForce RTX 4090,126574,20,0.1,main.py,ANON1,conda,PROJECT,2ba81db4ea05c65817b596ef2f113e084de3fbd8,file:///home/ANON1/repos/TS_Archive-1#ts_archive_experiments,https://github.com/ANON2/TS_Archive.git,local,capable-sloth-24
2bb2abe8199546cfb96072df0097c0e7,492412552823949607,FINISHED,/data/d1/ts_archive/results/492412552823949607/2bb2abe8199546cfb96072df0097c0e7/artifacts,2026-01-12 02:53:34.267000+00:00,2026-01-12 03:32:46.317000+00:00,2.3405763283371925,7.905215915756528e-05,7569.450153841648,0.023098392489419077,0.4775764127508187,0.4790130833056207,2337.835639087484,683.89720482672,0.4889635610725841,0.48953972542062274,0.48652391245609294,23.378356390874842,2.4982830023514326,81786.0,756945.0153841648,1162297.0,0.48652391245609294,200,8,ConvTran,0.5,,False,8,9,DREAMERA,0,PyTorch 2.9.0+cu128,256,100,/data/d1/ts_archive/datasets,entropy,2,0,32,/data/d1/ts_archive/results/492412552823949607/2bb2abe8199546cfb96072df0097c0e7/artifacts,64,0.01,1234,XRF,0.001,156182,2,14,NVIDIA GeForce RTX 4090,126574,20,0.1,main.py,ANON1,conda,PROJECT,2ba81db4ea05c65817b596ef2f113e084de3fbd8,file:///home/ANON1/repos/TS_Archive-1#ts_archive_experiments,https://github.com/ANON2/TS_Archive.git,local,rebellious-moose-358
de62b1534ca34ff5a72aa038aa8e2ce5,492412552823949607,FINISHED,/data/d1/ts_archive/results/492412552823949607/de62b1534ca34ff5a72aa038aa8e2ce5/artifacts,2026-01-12 02:14:14.137000+00:00,2026-01-12 02:53:32.712000+00:00,1.248401511460543,4.216433097340391e-05,7579.07334824279,0.01528993764128884,0.4594500426844357,0.4594812208991295,2345.4862383585423,452.70447368327996,0.4596129861998876,0.4595978584680461,0.4595041880572818,23.45486238358542,3.5326249473837703,81786.0,757907.3348242791,1162297.0,0.4595041880572818,200,8,ConvTran,0.5,,False,8,9,DREAMERA,0,PyTorch 2.9.0+cu128,256,100,/data/d1/ts_archive/datasets,entropy,2,0,32,/data/d1/ts_archive/results/492412552823949607/de62b1534ca34ff5a72aa038aa8e2ce5/artifacts,64,0.01,1234,XRF,0.001,156182,1,14,NVIDIA GeForce RTX 4090,126574,20,0.1,main.py,ANON1,conda,PROJECT,2ba81db4ea05c65817b596ef2f113e084de3fbd8,file:///home/ANON1/repos/TS_Archive-1#ts_archive_experiments,https://github.com/ANON2/TS_Archive.git,local,gifted-fowl-964
231a1e151fe24c638050c944015d947a,492412552823949607,FINISHED,/data/d1/ts_archive/results/492412552823949607/231a1e151fe24c638050c944015d947a/artifacts,2026-01-12 01:35:00.206000+00:00,2026-01-12 02:14:12.604000+00:00,2.343150483444333,7.913910035950868e-05,7554.864263584533,0.02240082778521886,0.46412259031641057,0.4649160052968269,2337.960610574112,663.24370906476,0.5106992069223852,0.48861735889664004,0.46494190759254256,23.379606105741118,3.1977127946347554,81786.0,755486.4263584532,1162297.0,0.46494190759254256,200,8,ConvTran,0.5,,False,8,9,DREAMERA,0,PyTorch 2.9.0+cu128,256,100,/data/d1/ts_archive/datasets,entropy,2,0,32,/data/d1/ts_archive/results/492412552823949607/231a1e151fe24c638050c944015d947a/artifacts,64,0.01,1234,XRF,0.001,156182,0,14,NVIDIA GeForce RTX 4090,126574,20,0.1,main.py,ANON1,conda,PROJECT,2ba81db4ea05c65817b596ef2f113e084de3fbd8,file:///home/ANON1/repos/TS_Archive-1#ts_archive_experiments,https://github.com/ANON2/TS_Archive.git,local,treasured-wren-674
f95deeff21f044f690e861e8575e1736,492412552823949607,FINISHED,/data/d1/ts_archive/results/492412552823949607/f95deeff21f044f690e861e8575e1736/artifacts,2026-01-12 01:22:02.225000+00:00,2026-01-12 01:34:57.578000+00:00,1.1945889629423618,4.034683068570528e-05,1893.9650598511307,0.009477058491049746,0.5083561768879448,0.5087433390696421,761.9047909229994,280.5967478030009,0.5107471616235547,0.5103791214955893,0.5093218049175898,7.619047909229994,30.88012328131139,28226.0,189396.50598511306,346805.0,0.5093218049175898,200,8,SFCN,0.5,,False,8,9,DREAMERA,0,PyTorch 2.9.0+cu128,256,100,/data/d1/ts_archive/datasets,entropy,2,0,32,/data/d1/ts_archive/results/492412552823949607/f95deeff21f044f690e861e8575e1736/artifacts,64,0.01,1234,XRF,0.001,156182,2,14,NVIDIA GeForce RTX 4090,126574,20,0.1,main.py,ANON1,conda,PROJECT,2ba81db4ea05c65817b596ef2f113e084de3fbd8,file:///home/ANON1/repos/TS_Archive-1#ts_archive_experiments,https://github.com/ANON2/TS_Archive.git,local,painted-grouse-230
6310d5a7cf0b493a84663608b41b2f69,492412552823949607,FINISHED,/data/d1/ts_archive/results/492412552823949607/6310d5a7cf0b493a84663608b41b2f69/artifacts,2026-01-12 01:09:10.578000+00:00,2026-01-12 01:22:00.498000+00:00,0.6013026349246502,2.030878934492874e-05,1883.7846489135566,0.0048911679556332055,0.4825917469419957,0.48271341850648686,757.1164075080305,144.81770083038793,0.4833189847025152,0.4833519571657103,0.4830788975952445,7.571164075080305,6.63217400538216,28226.0,188378.46489135566,346805.0,0.4830788975952445,200,8,SFCN,0.5,,False,8,9,DREAMERA,0,PyTorch 2.9.0+cu128,256,100,/data/d1/ts_archive/datasets,entropy,2,0,32,/data/d1/ts_archive/results/492412552823949607/6310d5a7cf0b493a84663608b41b2f69/artifacts,64,0.01,1234,XRF,0.001,156182,1,14,NVIDIA GeForce RTX 4090,126574,20,0.1,main.py,ANON1,conda,PROJECT,2ba81db4ea05c65817b596ef2f113e084de3fbd8,file:///home/ANON1/repos/TS_Archive-1#ts_archive_experiments,https://github.com/ANON2/TS_Archive.git,local,upset-foal-247
800c6cb728d7498fafb12ac18e93267b,492412552823949607,FINISHED,/data/d1/ts_archive/results/492412552823949607/800c6cb728d7498fafb12ac18e93267b/artifacts,2026-01-12 00:56:16.955000+00:00,2026-01-12 01:09:08.881000+00:00,0.5280406456440687,1.7834390895841282e-05,1897.2834135646033,0.004490647636139413,0.4324097766092326,0.43870041253216197,759.5326406154782,132.95909521081575,0.4920176305346958,0.4729405392834226,0.4402526344231289,7.595326406154782,51.989220880489356,28226.0,189728.34135646033,346805.0,0.4402526344231289,200,8,SFCN,0.5,,False,8,9,DREAMERA,0,PyTorch 2.9.0+cu128,256,100,/data/d1/ts_archive/datasets,entropy,2,0,32,/data/d1/ts_archive/results/492412552823949607/800c6cb728d7498fafb12ac18e93267b/artifacts,64,0.01,1234,XRF,0.001,156182,0,14,NVIDIA GeForce RTX 4090,126574,20,0.1,main.py,ANON1,conda,PROJECT,2ba81db4ea05c65817b596ef2f113e084de3fbd8,file:///home/ANON1/repos/TS_Archive-1#ts_archive_experiments,https://github.com/ANON2/TS_Archive.git,local,grandiose-ray-629
5b78f24bfee240ee99870b5162f9a5bd,492412552823949607,FINISHED,/data/d1/ts_archive/results/492412552823949607/5b78f24bfee240ee99870b5162f9a5bd/artifacts,2026-01-11 23:56:42.719000+00:00,2026-01-12 00:56:14.257000+00:00,3.1091460827738047,0.00014782228321084983,10380.5248199926,0.038325653413778346,0.3998505742107934,0.3166623777777436,3549.9391489271075,806.103468252,0.438626379664756,0.30339063454239124,0.42633005277421193,35.499391489271076,,507592.0,1038052.48199926,5597398.0,0.42633005277421193,200,8,ResNet,0.5,,False,8,9,WhaleSounds,0,sktime 0.39.0,2500,100,/data/d1/ts_archive/datasets,entropy,8,0,32,/data/d1/ts_archive/results/492412552823949607/5b78f24bfee240ee99870b5162f9a5bd/artifacts,64,0.01,1234,XRF,0.001,96750,2,1,NVIDIA GeForce RTX 4090,75717,20,0.1,main.py,ANON1,conda,PROJECT,2ba81db4ea05c65817b596ef2f113e084de3fbd8,file:///home/ANON1/repos/TS_Archive-1#ts_archive_experiments,https://github.com/ANON2/TS_Archive.git,local,painted-bat-76
3870efcd582243ae8c7dc086b6f6fa27,492412552823949607,FINISHED,/data/d1/ts_archive/results/492412552823949607/3870efcd582243ae8c7dc086b6f6fa27/artifacts,2026-01-11 22:59:05.990000+00:00,2026-01-11 23:56:40.985000+00:00,3.0134179890155792,0.00014327095464344503,9716.28667497249,0.039174346440154044,0.45465447722574226,0.37580578297719913,3432.9401690885425,823.95402867576,0.4817958869450535,0.4023259234443477,0.44786763657110257,34.329401690885426,,507592.0,971628.6674972491,5601415.0,0.44786763657110257,200,8,ResNet,0.5,,False,8,9,WhaleSounds,0,sktime 0.39.0,2500,100,/data/d1/ts_archive/datasets,entropy,8,0,32,/data/d1/ts_archive/results/492412552823949607/3870efcd582243ae8c7dc086b6f6fa27/artifacts,64,0.01,1234,XRF,0.001,96750,1,1,NVIDIA GeForce RTX 4090,75717,20,0.1,main.py,ANON1,conda,PROJECT,2ba81db4ea05c65817b596ef2f113e084de3fbd8,file:///home/ANON1/repos/TS_Archive-1#ts_archive_experiments,https://github.com/ANON2/TS_Archive.git,local,puzzled-dove-797
9daf7bb213744fd099d9f4d08afbce29,492412552823949607,FINISHED,/data/d1/ts_archive/results/492412552823949607/9daf7bb213744fd099d9f4d08afbce29/artifacts,2026-01-11 21:59:53.676000+00:00,2026-01-11 22:59:04.477000+00:00,3.011371601372957,0.0001431736605036351,10071.488941239106,0.038553999496996144,0.48153852788727947,0.3902682892261774,3528.3331127557904,810.90627142032,0.4877919146350205,0.38342609792467275,0.49374791993533973,35.2833311275579,,507592.0,1007148.8941239106,5592051.0,0.49374791993533973,200,8,ResNet,0.5,,False,8,9,WhaleSounds,0,sktime 0.39.0,2500,100,/data/d1/ts_archive/datasets,entropy,8,0,32,/data/d1/ts_archive/results/492412552823949607/9daf7bb213744fd099d9f4d08afbce29/artifacts,64,0.01,1234,XRF,0.001,96750,0,1,NVIDIA GeForce RTX 4090,75717,20,0.1,main.py,ANON1,conda,PROJECT,2ba81db4ea05c65817b596ef2f113e084de3fbd8,file:///home/ANON1/repos/TS_Archive-1#ts_archive_experiments,https://github.com/ANON2/TS_Archive.git,local,popular-hog-862
03a5d906ec614238b5b10ccb04e5b292,492412552823949607,FAILED,/data/d1/ts_archive/results/492412552823949607/03a5d906ec614238b5b10ccb04e5b292/artifacts,2026-01-11 21:56:44.495000+00:00,2026-01-11 21:59:50.646000+00:00,,,,,,,,,,,,,,,,,,200,8,MLP,0.5,,False,8,9,WhaleSounds,0,sktime 0.39.0,2500,100,/data/d1/ts_archive/datasets,entropy,8,0,32,/data/d1/ts_archive/results/492412552823949607/03a5d906ec614238b5b10ccb04e5b292/artifacts,64,0.01,1234,XRF,0.001,96750,2,1,NVIDIA GeForce RTX 4090,75717,20,0.1,main.py,ANON1,conda,PROJECT,2ba81db4ea05c65817b596ef2f113e084de3fbd8,file:///home/ANON1/repos/TS_Archive-1#ts_archive_experiments,https://github.com/ANON2/TS_Archive.git,local,redolent-moose-971
363fa37ea8de44a2af43a12eacb93b02,492412552823949607,FAILED,/data/d1/ts_archive/results/492412552823949607/363fa37ea8de44a2af43a12eacb93b02/artifacts,2026-01-11 21:53:29.300000+00:00,2026-01-11 21:56:42.903000+00:00,,,,,,,,,,,,,,,,,,200,8,MLP,0.5,,False,8,9,WhaleSounds,0,sktime 0.39.0,2500,100,/data/d1/ts_archive/datasets,entropy,8,0,32,/data/d1/ts_archive/results/492412552823949607/363fa37ea8de44a2af43a12eacb93b02/artifacts,64,0.01,1234,XRF,0.001,96750,1,1,NVIDIA GeForce RTX 4090,75717,20,0.1,main.py,ANON1,conda,PROJECT,2ba81db4ea05c65817b596ef2f113e084de3fbd8,file:///home/ANON1/repos/TS_Archive-1#ts_archive_experiments,https://github.com/ANON2/TS_Archive.git,local,smiling-fish-432
2372ca6384b446cebb304b3428a09bc9,492412552823949607,FAILED,/data/d1/ts_archive/results/492412552823949607/2372ca6384b446cebb304b3428a09bc9/artifacts,2026-01-11 21:50:21.186000+00:00,2026-01-11 21:53:27.565000+00:00,,,,,,,,,,,,,,,,,,200,8,MLP,0.5,,False,8,9,WhaleSounds,0,sktime 0.39.0,2500,100,/data/d1/ts_archive/datasets,entropy,8,0,32,/data/d1/ts_archive/results/492412552823949607/2372ca6384b446cebb304b3428a09bc9/artifacts,64,0.01,1234,XRF,0.001,96750,0,1,NVIDIA GeForce RTX 4090,75717,20,0.1,main.py,ANON1,conda,PROJECT,2ba81db4ea05c65817b596ef2f113e084de3fbd8,file:///home/ANON1/repos/TS_Archive-1#ts_archive_experiments,https://github.com/ANON2/TS_Archive.git,local,blushing-moose-200
c6bc6f5a719d436fa5a5ad0c3f9695b0,492412552823949607,FAILED,/data/d1/ts_archive/results/492412552823949607/c6bc6f5a719d436fa5a5ad0c3f9695b0/artifacts,2026-01-11 21:34:01.784000+00:00,2026-01-11 21:50:18.821000+00:00,,,,,,,,,,,,,,,,,,200,8,MCDCNN,0.5,,False,8,9,WhaleSounds,0,sktime 0.39.0,2500,100,/data/d1/ts_archive/datasets,entropy,8,0,32,/data/d1/ts_archive/results/492412552823949607/c6bc6f5a719d436fa5a5ad0c3f9695b0/artifacts,64,0.01,1234,XRF,0.001,96750,2,1,NVIDIA GeForce RTX 4090,75717,20,0.1,main.py,ANON1,conda,PROJECT,2ba81db4ea05c65817b596ef2f113e084de3fbd8,file:///home/ANON1/repos/TS_Archive-1#ts_archive_experiments,https://github.com/ANON2/TS_Archive.git,local,sassy-snake-340
cd5c531ef8f9495390cea2ad443c799e,492412552823949607,FAILED,/data/d1/ts_archive/results/492412552823949607/cd5c531ef8f9495390cea2ad443c799e/artifacts,2026-01-11 21:17:42.013000+00:00,2026-01-11 21:34:00.124000+00:00,,,,,,,,,,,,,,,,,,200,8,MCDCNN,0.5,,False,8,9,WhaleSounds,0,sktime 0.39.0,2500,100,/data/d1/ts_archive/datasets,entropy,8,0,32,/data/d1/ts_archive/results/492412552823949607/cd5c531ef8f9495390cea2ad443c799e/artifacts,64,0.01,1234,XRF,0.001,96750,1,1,NVIDIA GeForce RTX 4090,75717,20,0.1,main.py,ANON1,conda,PROJECT,2ba81db4ea05c65817b596ef2f113e084de3fbd8,file:///home/ANON1/repos/TS_Archive-1#ts_archive_experiments,https://github.com/ANON2/TS_Archive.git,local,placid-hog-97
794adfe37986475ab2d55684212a1fad,492412552823949607,FAILED,/data/d1/ts_archive/results/492412552823949607/794adfe37986475ab2d55684212a1fad/artifacts,2026-01-11 21:01:26.901000+00:00,2026-01-11 21:17:40.505000+00:00,,,,,,,,,,,,,,,,,,200,8,MCDCNN,0.5,,False,8,9,WhaleSounds,0,sktime 0.39.0,2500,100,/data/d1/ts_archive/datasets,entropy,8,0,32,/data/d1/ts_archive/results/492412552823949607/794adfe37986475ab2d55684212a1fad/artifacts,64,0.01,1234,XRF,0.001,96750,0,1,NVIDIA GeForce RTX 4090,75717,20,0.1,main.py,ANON1,conda,PROJECT,2ba81db4ea05c65817b596ef2f113e084de3fbd8,file:///home/ANON1/repos/TS_Archive-1#ts_archive_experiments,https://github.com/ANON2/TS_Archive.git,local,fun-zebra-423
fb51dad6b33846048cca731649c3e8a0,492412552823949607,FINISHED,/data/d1/ts_archive/results/492412552823949607/fb51dad6b33846048cca731649c3e8a0/artifacts,2026-01-11 17:51:48.497000+00:00,2026-01-11 21:01:24.265000+00:00,12.804735712707044,0.0006087926454955092,19790.603960463533,0.0905641413268635,0.33285844182702495,0.2726732106458016,11344.328050673008,1904.8355845279198,0.4414583249694708,0.27378371246335964,0.3658061142014929,113.44328050673008,,267144.0,1979060.3960463533,2972242.0,0.3658061142014929,200,8,LSTMFCN,0.5,,False,8,9,WhaleSounds,0,sktime 0.39.0,2500,100,/data/d1/ts_archive/datasets,entropy,8,0,32,/data/d1/ts_archive/results/492412552823949607/fb51dad6b33846048cca731649c3e8a0/artifacts,64,0.01,1234,XRF,0.001,96750,2,1,NVIDIA GeForce RTX 4090,75717,20,0.1,main.py,ANON1,conda,PROJECT,2ba81db4ea05c65817b596ef2f113e084de3fbd8,file:///home/ANON1/repos/TS_Archive-1#ts_archive_experiments,https://github.com/ANON2/TS_Archive.git,local,suave-jay-897
864a3ca6acd44518b6437c46742b7dad,492412552823949607,FINISHED,/data/d1/ts_archive/results/492412552823949607/864a3ca6acd44518b6437c46742b7dad/artifacts,2026-01-11 14:42:34.433000+00:00,2026-01-11 17:51:46.657000+00:00,12.791499592363834,0.0006081633429545873,19742.294808569775,0.08982266436862643,0.36662089870975456,0.31147133878139543,11320.647103510795,1889.2400996653198,0.5085589056317771,0.3307039781380363,0.41192411924119243,113.20647103510795,,267144.0,1974229.4808569774,2968938.0,0.41192411924119243,200,8,LSTMFCN,0.5,,False,8,9,WhaleSounds,0,sktime 0.39.0,2500,100,/data/d1/ts_archive/datasets,entropy,8,0,32,/data/d1/ts_archive/results/492412552823949607/864a3ca6acd44518b6437c46742b7dad/artifacts,64,0.01,1234,XRF,0.001,96750,1,1,NVIDIA GeForce RTX 4090,75717,20,0.1,main.py,ANON1,conda,PROJECT,2ba81db4ea05c65817b596ef2f113e084de3fbd8,file:///home/ANON1/repos/TS_Archive-1#ts_archive_experiments,https://github.com/ANON2/TS_Archive.git,local,languid-colt-954
9c068471510e42c49a8a1fba59b453ec,492412552823949607,FINISHED,/data/d1/ts_archive/results/492412552823949607/9c068471510e42c49a8a1fba59b453ec/artifacts,2026-01-11 11:32:21.593000+00:00,2026-01-11 14:42:32.678000+00:00,13.007697938010097,0.0006184423495464316,19888.262720299772,0.09149099350168594,0.36184001651079534,0.3149703864268856,11379.928752368316,1924.3300663209602,0.4806468223528864,0.3209399615827567,0.40436456996148906,113.79928752368316,,267144.0,1988826.272029977,2971189.0,0.40436456996148906,200,8,LSTMFCN,0.5,,False,8,9,WhaleSounds,0,sktime 0.39.0,2500,100,/data/d1/ts_archive/datasets,entropy,8,0,32,/data/d1/ts_archive/results/492412552823949607/9c068471510e42c49a8a1fba59b453ec/artifacts,64,0.01,1234,XRF,0.001,96750,0,1,NVIDIA GeForce RTX 4090,75717,20,0.1,main.py,ANON1,conda,PROJECT,2ba81db4ea05c65817b596ef2f113e084de3fbd8,file:///home/ANON1/repos/TS_Archive-1#ts_archive_experiments,https://github.com/ANON2/TS_Archive.git,local,capable-mare-7
f7b223c1672e49219104078a3ac5f0da,492412552823949607,FINISHED,/data/d1/ts_archive/results/492412552823949607/f7b223c1672e49219104078a3ac5f0da/artifacts,2026-01-11 09:33:39.172000+00:00,2026-01-11 11:32:18.946000+00:00,4.657875392585993,0.00022145558848409608,17673.961640039222,0.04486200512169448,0.5971214394426331,0.5023490245414309,7096.6846021506935,943.5825537246,0.6011261605395071,0.4938630020671185,0.6083773118432939,70.96684602150694,,423272.0,1767396.1640039224,4669565.0,0.6083773118432939,200,8,InceptionTime,0.5,,False,8,9,WhaleSounds,0,sktime 0.39.0,2500,100,/data/d1/ts_archive/datasets,entropy,8,0,32,/data/d1/ts_archive/results/492412552823949607/f7b223c1672e49219104078a3ac5f0da/artifacts,64,0.01,1234,XRF,0.001,96750,2,1,NVIDIA GeForce RTX 4090,75717,20,0.1,main.py,ANON1,conda,PROJECT,2ba81db4ea05c65817b596ef2f113e084de3fbd8,file:///home/ANON1/repos/TS_Archive-1#ts_archive_experiments,https://github.com/ANON2/TS_Archive.git,local,abrasive-mule-103
3886353f882740f3a6d432e1673a2b8c,492412552823949607,FINISHED,/data/d1/ts_archive/results/492412552823949607/3886353f882740f3a6d432e1673a2b8c/artifacts,2026-01-11 07:34:55.036000+00:00,2026-01-11 09:33:37.742000+00:00,4.477000335231423,0.00021285600414736004,17699.31289621049,0.04360476531614891,0.5687663794842056,0.48493051435578244,7100.070397356525,917.13902889456,0.5999804045634323,0.5118903578282361,0.5536062378167641,71.00070397356525,,423272.0,1769931.289621049,4669526.0,0.5536062378167641,200,8,InceptionTime,0.5,,False,8,9,WhaleSounds,0,sktime 0.39.0,2500,100,/data/d1/ts_archive/datasets,entropy,8,0,32,/data/d1/ts_archive/results/492412552823949607/3886353f882740f3a6d432e1673a2b8c/artifacts,64,0.01,1234,XRF,0.001,96750,1,1,NVIDIA GeForce RTX 4090,75717,20,0.1,main.py,ANON1,conda,PROJECT,2ba81db4ea05c65817b596ef2f113e084de3fbd8,file:///home/ANON1/repos/TS_Archive-1#ts_archive_experiments,https://github.com/ANON2/TS_Archive.git,local,awesome-shrimp-644
c117f98980c54587a32fe23fd21b401b,492412552823949607,FINISHED,/data/d1/ts_archive/results/492412552823949607/c117f98980c54587a32fe23fd21b401b/artifacts,2026-01-11 05:35:57.553000+00:00,2026-01-11 07:34:53.547000+00:00,4.641804292798042,0.00022069149873047317,17625.580584991218,0.0434899708710997,0.5518617332375186,0.4739077703244987,7112.154480289668,914.7245573318401,0.5770207831507281,0.46204790721879907,0.5501355013550135,71.12154480289668,,423272.0,1762558.0584991218,4671454.0,0.5501355013550135,200,8,InceptionTime,0.5,,False,8,9,WhaleSounds,0,sktime 0.39.0,2500,100,/data/d1/ts_archive/datasets,entropy,8,0,32,/data/d1/ts_archive/results/492412552823949607/c117f98980c54587a32fe23fd21b401b/artifacts,64,0.01,1234,XRF,0.001,96750,0,1,NVIDIA GeForce RTX 4090,75717,20,0.1,main.py,ANON1,conda,PROJECT,2ba81db4ea05c65817b596ef2f113e084de3fbd8,file:///home/ANON1/repos/TS_Archive-1#ts_archive_experiments,https://github.com/ANON2/TS_Archive.git,local,gaudy-bee-870
32ab8f2101a74b4c80e89eca0e325d84,492412552823949607,FINISHED,/data/d1/ts_archive/results/492412552823949607/32ab8f2101a74b4c80e89eca0e325d84/artifacts,2026-01-11 05:05:26.017000+00:00,2026-01-11 05:35:54.901000+00:00,1.6830786243081093,8.002085410108445e-05,4925.854663247235,0.020768699767736414,0.15119067570956624,0.13274808568106328,1808.392442645505,436.8280622148,0.3545423208822827,0.17951605958454048,0.18984453002424762,18.083924426455052,,266760.0,492585.46632472356,2809771.0,0.18984453002424762,200,8,FCN,0.5,,False,8,9,WhaleSounds,0,sktime 0.39.0,2500,100,/data/d1/ts_archive/datasets,entropy,8,0,32,/data/d1/ts_archive/results/492412552823949607/32ab8f2101a74b4c80e89eca0e325d84/artifacts,64,0.01,1234,XRF,0.001,96750,2,1,NVIDIA GeForce RTX 4090,75717,20,0.1,main.py,ANON1,conda,PROJECT,2ba81db4ea05c65817b596ef2f113e084de3fbd8,file:///home/ANON1/repos/TS_Archive-1#ts_archive_experiments,https://github.com/ANON2/TS_Archive.git,local,able-mule-150
1de39ce2f0c2437e91c194970250ea2e,492412552823949607,FINISHED,/data/d1/ts_archive/results/492412552823949607/1de39ce2f0c2437e91c194970250ea2e/artifacts,2026-01-11 04:34:47.311000+00:00,2026-01-11 05:05:24.312000+00:00,1.6728306878358126,7.95336227754392e-05,4940.25206732248,0.022098366535489945,0.2618805986530428,0.21374046731297291,1816.8274909686293,464.79494334096,0.35404584625372626,0.24757961111499452,0.2867398849427091,18.168274909686293,,266760.0,494025.20673224796,2815533.0,0.2867398849427091,200,8,FCN,0.5,,False,8,9,WhaleSounds,0,sktime 0.39.0,2500,100,/data/d1/ts_archive/datasets,entropy,8,0,32,/data/d1/ts_archive/results/492412552823949607/1de39ce2f0c2437e91c194970250ea2e/artifacts,64,0.01,1234,XRF,0.001,96750,1,1,NVIDIA GeForce RTX 4090,75717,20,0.1,main.py,ANON1,conda,PROJECT,2ba81db4ea05c65817b596ef2f113e084de3fbd8,file:///home/ANON1/repos/TS_Archive-1#ts_archive_experiments,https://github.com/ANON2/TS_Archive.git,local,thoughtful-ray-38
98b4ee3c9af640e6948a10f129cba235,492412552823949607,FINISHED,/data/d1/ts_archive/results/492412552823949607/98b4ee3c9af640e6948a10f129cba235/artifacts,2026-01-11 04:05:00.178000+00:00,2026-01-11 04:34:45.536000+00:00,1.6797921620309353,7.986460143730971e-05,4407.548352764961,0.021485266243833973,0.1483869189798542,0.14819290585915712,1763.3448494318873,451.89960490655994,0.4535962934209332,0.23089241221067336,0.17348927875243664,17.633448494318873,,266760.0,440754.83527649613,2899698.0,0.17348927875243664,200,8,FCN,0.5,,False,8,9,WhaleSounds,0,sktime 0.39.0,2500,100,/data/d1/ts_archive/datasets,entropy,8,0,32,/data/d1/ts_archive/results/492412552823949607/98b4ee3c9af640e6948a10f129cba235/artifacts,64,0.01,1234,XRF,0.001,96750,0,1,NVIDIA GeForce RTX 4090,75717,20,0.1,main.py,ANON1,conda,PROJECT,2ba81db4ea05c65817b596ef2f113e084de3fbd8,file:///home/ANON1/repos/TS_Archive-1#ts_archive_experiments,https://github.com/ANON2/TS_Archive.git,local,hilarious-ray-139
a57ae4d360d241699c519c5dfd9ed49b,492412552823949607,FINISHED,/data/d1/ts_archive/results/492412552823949607/a57ae4d360d241699c519c5dfd9ed49b/artifacts,2026-01-11 03:43:22.239000+00:00,2026-01-11 04:04:57.688000+00:00,1.6519004702568054,7.85385094973045e-05,4132.264482868983,0.022085784492186563,0.7173607648205227,0.6336266916619147,1282.316579958424,464.53030522416,0.7231775558019935,0.6243186600418986,0.7360813959016783,12.82316579958424,0.7212584613251776,29184.0,413226.44828689826,598201.0,0.7360813959016783,200,8,ConvTran,0.5,,False,8,9,WhaleSounds,0,PyTorch 2.9.0+cu128,2500,100,/data/d1/ts_archive/datasets,entropy,8,0,32,/data/d1/ts_archive/results/492412552823949607/a57ae4d360d241699c519c5dfd9ed49b/artifacts,64,0.01,1234,XRF,0.001,96750,2,1,NVIDIA GeForce RTX 4090,75717,20,0.1,main.py,ANON1,conda,PROJECT,2ba81db4ea05c65817b596ef2f113e084de3fbd8,file:///home/ANON1/repos/TS_Archive-1#ts_archive_experiments,https://github.com/ANON2/TS_Archive.git,local,enthused-crow-240
724f2b9d70354d308ddf79642f4aa8f9,492412552823949607,FINISHED,/data/d1/ts_archive/results/492412552823949607/724f2b9d70354d308ddf79642f4aa8f9/artifacts,2026-01-11 03:21:45.144000+00:00,2026-01-11 03:43:20.548000+00:00,0.955273311585188,4.541783443090325e-05,4130.781569504673,0.015651984441264984,0.7176498266703427,0.6350072873351831,1282.8083101585507,329.2081887531264,0.7219671037314752,0.6281235625173852,0.7379356249702848,12.828083101585507,0.7212431673281986,29184.0,413078.15695046727,598201.0,0.7379356249702848,200,8,ConvTran,0.5,,False,8,9,WhaleSounds,0,PyTorch 2.9.0+cu128,2500,100,/data/d1/ts_archive/datasets,entropy,8,0,32,/data/d1/ts_archive/results/492412552823949607/724f2b9d70354d308ddf79642f4aa8f9/artifacts,64,0.01,1234,XRF,0.001,96750,1,1,NVIDIA GeForce RTX 4090,75717,20,0.1,main.py,ANON1,conda,PROJECT,2ba81db4ea05c65817b596ef2f113e084de3fbd8,file:///home/ANON1/repos/TS_Archive-1#ts_archive_experiments,https://github.com/ANON2/TS_Archive.git,local,bedecked-steed-790
e1748d82c643478883b78433f9f8be98,492412552823949607,FINISHED,/data/d1/ts_archive/results/492412552823949607/e1748d82c643478883b78433f9f8be98/artifacts,2026-01-11 03:00:28.519000+00:00,2026-01-11 03:21:43.450000+00:00,1.0677567403763533,5.0765784261700814e-05,4099.426820384399,0.0173303796331365,0.7177522087450977,0.6319937519015206,1262.8674853891134,364.50987482376,0.7282276237047459,0.6224787692155822,0.741168639756573,12.628674853891134,0.7224143951010479,29184.0,409942.68203843996,598201.0,0.741168639756573,200,8,ConvTran,0.5,,False,8,9,WhaleSounds,0,PyTorch 2.9.0+cu128,2500,100,/data/d1/ts_archive/datasets,entropy,8,0,32,/data/d1/ts_archive/results/492412552823949607/e1748d82c643478883b78433f9f8be98/artifacts,64,0.01,1234,XRF,0.001,96750,0,1,NVIDIA GeForce RTX 4090,75717,20,0.1,main.py,ANON1,conda,PROJECT,2ba81db4ea05c65817b596ef2f113e084de3fbd8,file:///home/ANON1/repos/TS_Archive-1#ts_archive_experiments,https://github.com/ANON2/TS_Archive.git,local,luxuriant-cow-891
405642e20f6543a897e8cb4ce6559a82,492412552823949607,FINISHED,/data/d1/ts_archive/results/492412552823949607/405642e20f6543a897e8cb4ce6559a82/artifacts,2026-01-11 02:50:22.553000+00:00,2026-01-11 03:00:26.123000+00:00,0.8641415406018496,4.108503497370083e-05,2183.6439084398617,0.011117899413421067,0.39641508898822503,0.29766667777766687,591.2913803271949,233.8427783624853,0.4363189153808412,0.2970490268778603,0.42652023011458184,5.912913803271949,1.4880176393291906,28040.0,218364.39084398616,344501.0,0.42652023011458184,200,8,SFCN,0.5,,False,8,9,WhaleSounds,0,PyTorch 2.9.0+cu128,2500,100,/data/d1/ts_archive/datasets,entropy,8,0,32,/data/d1/ts_archive/results/492412552823949607/405642e20f6543a897e8cb4ce6559a82/artifacts,64,0.01,1234,XRF,0.001,96750,2,1,NVIDIA GeForce RTX 4090,75717,20,0.1,main.py,ANON1,conda,PROJECT,2ba81db4ea05c65817b596ef2f113e084de3fbd8,file:///home/ANON1/repos/TS_Archive-1#ts_archive_experiments,https://github.com/ANON2/TS_Archive.git,local,vaunted-zebra-287
eddc1fd34bea4c92909fa383d927af09,492412552823949607,FINISHED,/data/d1/ts_archive/results/492412552823949607/eddc1fd34bea4c92909fa383d927af09/artifacts,2026-01-11 02:40:18.739000+00:00,2026-01-11 02:50:21.104000+00:00,0.4884728007018566,2.322411452012821e-05,2178.09899496081,0.007616786026726958,0.41166958689640276,0.30962411132647627,590.4883266184479,160.2038605001481,0.4638231568771016,0.31205115248178994,0.444301811439167,5.904883266184479,1.481446764752873,28040.0,217809.899496081,344501.0,0.444301811439167,200,8,SFCN,0.5,,False,8,9,WhaleSounds,0,PyTorch 2.9.0+cu128,2500,100,/data/d1/ts_archive/datasets,entropy,8,0,32,/data/d1/ts_archive/results/492412552823949607/eddc1fd34bea4c92909fa383d927af09/artifacts,64,0.01,1234,XRF,0.001,96750,1,1,NVIDIA GeForce RTX 4090,75717,20,0.1,main.py,ANON1,conda,PROJECT,2ba81db4ea05c65817b596ef2f113e084de3fbd8,file:///home/ANON1/repos/TS_Archive-1#ts_archive_experiments,https://github.com/ANON2/TS_Archive.git,local,unequaled-dog-377
908d58c2c4874fb78492f1709b868d9d,492412552823949607,FINISHED,/data/d1/ts_archive/results/492412552823949607/908d58c2c4874fb78492f1709b868d9d/artifacts,2026-01-11 02:30:17.717000+00:00,2026-01-11 02:40:17.103000+00:00,0.5020996872335672,2.3871995779658975e-05,2139.427600142238,0.007726005624991274,0.4062064088298017,0.30793554997512346,587.4766350276768,162.50107631044148,0.4133431546115581,0.3082166860754145,0.43593400846289165,5.874766350276769,1.4881134927343642,28040.0,213942.7600142238,344501.0,0.43593400846289165,200,8,SFCN,0.5,,False,8,9,WhaleSounds,0,PyTorch 2.9.0+cu128,2500,100,/data/d1/ts_archive/datasets,entropy,8,0,32,/data/d1/ts_archive/results/492412552823949607/908d58c2c4874fb78492f1709b868d9d/artifacts,64,0.01,1234,XRF,0.001,96750,0,1,NVIDIA GeForce RTX 4090,75717,20,0.1,main.py,ANON1,conda,PROJECT,2ba81db4ea05c65817b596ef2f113e084de3fbd8,file:///home/ANON1/repos/TS_Archive-1#ts_archive_experiments,https://github.com/ANON2/TS_Archive.git,local,grandiose-lark-683
c6dee95080fe4169a90c9bcbbbb22756,492412552823949607,FINISHED,/data/d1/ts_archive/results/492412552823949607/c6dee95080fe4169a90c9bcbbbb22756/artifacts,2026-01-11 02:21:19.244000+00:00,2026-01-11 02:30:15.381000+00:00,1.63961960375309,0.00015337882167942843,527.6252215055412,0.01933216213716483,0.5655242234765538,0.5270007640557789,515.9954859148711,206.66081324629207,0.7443599069699584,0.5569228946557702,0.5603367633302152,5.159954859148711,,537484.0,52762.52215055412,5984506.0,0.5603367633302152,200,8,ResNet,0.5,,False,8,9,PAMAP2,0,sktime 0.39.0,100,100,/data/d1/ts_archive/datasets,entropy,12,0,32,/data/d1/ts_archive/results/492412552823949607/c6dee95080fe4169a90c9bcbbbb22756/artifacts,64,0.01,1234,XRF,0.001,36039,2,52,NVIDIA GeForce RTX 4090,25349,20,0.1,main.py,ANON1,conda,PROJECT,2ba81db4ea05c65817b596ef2f113e084de3fbd8,file:///home/ANON1/repos/TS_Archive-1#ts_archive_experiments,https://github.com/ANON2/TS_Archive.git,local,able-grouse-74
f95254cc787a45e0b49ac7295a5a1981,492412552823949607,FINISHED,/data/d1/ts_archive/results/492412552823949607/f95254cc787a45e0b49ac7295a5a1981/artifacts,2026-01-11 02:10:57.288000+00:00,2026-01-11 02:21:17.708000+00:00,1.321776857599616,0.0002578573658992618,621.8011149391116,0.03418335665979979,0.660582869831131,0.6641786963061205,600.762064859271,175.22388623813373,0.6407650820937874,0.7207558447361175,0.7179087007413187,6.00762064859271,,537484.0,62180.11149391116,5997036.0,0.7179087007413187,200,8,ResNet,0.5,,False,8,9,PAMAP2,0,sktime 0.39.0,100,100,/data/d1/ts_archive/datasets,entropy,12,0,32,/data/d1/ts_archive/results/492412552823949607/f95254cc787a45e0b49ac7295a5a1981/artifacts,64,0.01,1234,XRF,0.001,35483,1,52,NVIDIA GeForce RTX 4090,30357,20,0.1,main.py,ANON1,conda,PROJECT,2ba81db4ea05c65817b596ef2f113e084de3fbd8,file:///home/ANON1/repos/TS_Archive-1#ts_archive_experiments,https://github.com/ANON2/TS_Archive.git,local,vaunted-fowl-989
ef2e9248f1bb45f9beecddb1ac4b8dc4,492412552823949607,FINISHED,/data/d1/ts_archive/results/492412552823949607/ef2e9248f1bb45f9beecddb1ac4b8dc4/artifacts,2026-01-11 02:01:51.185000+00:00,2026-01-11 02:10:55.539000+00:00,1.6498429756611586,0.00016673501522598873,539.6806928183616,0.021463252899037482,0.8204657198518802,0.8250082187091442,524.3238750733435,212.37888743597588,0.8639382508454279,0.8331014313046592,0.8205154118241537,5.243238750733435,,537484.0,53968.069281836164,5991885.0,0.8205154118241537,200,8,ResNet,0.5,,False,8,9,PAMAP2,0,sktime 0.39.0,100,100,/data/d1/ts_archive/datasets,entropy,12,0,32,/data/d1/ts_archive/results/492412552823949607/ef2e9248f1bb45f9beecddb1ac4b8dc4/artifacts,64,0.01,1234,XRF,0.001,35959,0,52,NVIDIA GeForce RTX 4090,26064,20,0.1,main.py,ANON1,conda,PROJECT,2ba81db4ea05c65817b596ef2f113e084de3fbd8,file:///home/ANON1/repos/TS_Archive-1#ts_archive_experiments,https://github.com/ANON2/TS_Archive.git,local,awesome-donkey-490
479608eb725943c4b42bfa4d38a3d9e7,492412552823949607,FAILED,/data/d1/ts_archive/results/492412552823949607/479608eb725943c4b42bfa4d38a3d9e7/artifacts,2026-01-11 02:00:17.519000+00:00,2026-01-11 02:01:48.909000+00:00,,,,,,,,,,,,,,,,,,200,8,MLP,0.5,,False,8,9,PAMAP2,0,sktime 0.39.0,100,100,/data/d1/ts_archive/datasets,entropy,12,0,32,/data/d1/ts_archive/results/492412552823949607/479608eb725943c4b42bfa4d38a3d9e7/artifacts,64,0.01,1234,XRF,0.001,36039,2,52,NVIDIA GeForce RTX 4090,25349,20,0.1,main.py,ANON1,conda,PROJECT,2ba81db4ea05c65817b596ef2f113e084de3fbd8,file:///home/ANON1/repos/TS_Archive-1#ts_archive_experiments,https://github.com/ANON2/TS_Archive.git,local,puzzled-gull-451
93ef7bc766e540df95c1850750e978e9,492412552823949607,FAILED,/data/d1/ts_archive/results/492412552823949607/93ef7bc766e540df95c1850750e978e9/artifacts,2026-01-11 01:58:34.724000+00:00,2026-01-11 02:00:16.118000+00:00,,,,,,,,,,,,,,,,,,200,8,MLP,0.5,,False,8,9,PAMAP2,0,sktime 0.39.0,100,100,/data/d1/ts_archive/datasets,entropy,12,0,32,/data/d1/ts_archive/results/492412552823949607/93ef7bc766e540df95c1850750e978e9/artifacts,64,0.01,1234,XRF,0.001,35483,1,52,NVIDIA GeForce RTX 4090,30357,20,0.1,main.py,ANON1,conda,PROJECT,2ba81db4ea05c65817b596ef2f113e084de3fbd8,file:///home/ANON1/repos/TS_Archive-1#ts_archive_experiments,https://github.com/ANON2/TS_Archive.git,local,clean-crab-898
e60bc559440f48638113ad23f0433313,492412552823949607,FAILED,/data/d1/ts_archive/results/492412552823949607/e60bc559440f48638113ad23f0433313/artifacts,2026-01-11 01:56:58.793000+00:00,2026-01-11 01:58:33.141000+00:00,,,,,,,,,,,,,,,,,,200,8,MLP,0.5,,False,8,9,PAMAP2,0,sktime 0.39.0,100,100,/data/d1/ts_archive/datasets,entropy,12,0,32,/data/d1/ts_archive/results/492412552823949607/e60bc559440f48638113ad23f0433313/artifacts,64,0.01,1234,XRF,0.001,35959,0,52,NVIDIA GeForce RTX 4090,26064,20,0.1,main.py,ANON1,conda,PROJECT,2ba81db4ea05c65817b596ef2f113e084de3fbd8,file:///home/ANON1/repos/TS_Archive-1#ts_archive_experiments,https://github.com/ANON2/TS_Archive.git,local,melodic-skink-93
dc41868d822342709751cd4906f42433,492412552823949607,FINISHED,/data/d1/ts_archive/results/492412552823949607/dc41868d822342709751cd4906f42433/artifacts,2026-01-11 01:38:47.446000+00:00,2026-01-11 01:56:56.476000+00:00,6.484714778140187,0.000606615040050532,1106.2158302935118,0.06688837984761833,0.652435523257076,0.6526057831354427,1060.049669297412,715.03678057104,0.7199076885187197,0.6357691194311511,0.6397567820392891,10.60049669297412,,7641880.0,110621.58302935117,60503423.0,0.6397567820392891,200,8,MCDCNN,0.5,,False,8,9,PAMAP2,0,sktime 0.39.0,100,100,/data/d1/ts_archive/datasets,entropy,12,0,32,/data/d1/ts_archive/results/492412552823949607/dc41868d822342709751cd4906f42433/artifacts,64,0.01,1234,XRF,0.001,36039,2,52,NVIDIA GeForce RTX 4090,25349,20,0.1,main.py,ANON1,conda,PROJECT,2ba81db4ea05c65817b596ef2f113e084de3fbd8,file:///home/ANON1/repos/TS_Archive-1#ts_archive_experiments,https://github.com/ANON2/TS_Archive.git,local,silent-cow-357
c1591bf98e3b44fcb23d5e1cd92719ae,492412552823949607,FINISHED,/data/d1/ts_archive/results/492412552823949607/c1591bf98e3b44fcb23d5e1cd92719ae/artifacts,2026-01-11 01:17:27.286000+00:00,2026-01-11 01:38:46+00:00,4.445292880758643,0.0008672050099021933,1324.8251306206812,0.10349515425104175,0.5253948544937056,0.5298538201592325,1252.255259577185,530.51616069084,0.5798312790884333,0.5854303603879735,0.5706203667577058,12.522552595771849,,7641880.0,132482.51306206812,53915418.0,0.5706203667577058,200,8,MCDCNN,0.5,,False,8,9,PAMAP2,0,sktime 0.39.0,100,100,/data/d1/ts_archive/datasets,entropy,12,0,32,/data/d1/ts_archive/results/492412552823949607/c1591bf98e3b44fcb23d5e1cd92719ae/artifacts,64,0.01,1234,XRF,0.001,35483,1,52,NVIDIA GeForce RTX 4090,30357,20,0.1,main.py,ANON1,conda,PROJECT,2ba81db4ea05c65817b596ef2f113e084de3fbd8,file:///home/ANON1/repos/TS_Archive-1#ts_archive_experiments,https://github.com/ANON2/TS_Archive.git,local,debonair-mare-445
e9972dd5d21c456d9d9bcc8ab5f19f10,492412552823949607,FINISHED,/data/d1/ts_archive/results/492412552823949607/e9972dd5d21c456d9d9bcc8ab5f19f10/artifacts,2026-01-11 00:57:44.236000+00:00,2026-01-11 01:17:25.655000+00:00,5.285759676247835,0.0005341849091710798,1172.850638152176,0.06186257806091156,0.6704219055692311,0.6493092064213205,1153.8265872187912,612.1302099127199,0.7509583244638307,0.6600031205925423,0.6660939868620516,11.538265872187912,,7641880.0,117285.06381521761,59169733.0,0.6660939868620516,200,8,MCDCNN,0.5,,False,8,9,PAMAP2,0,sktime 0.39.0,100,100,/data/d1/ts_archive/datasets,entropy,12,0,32,/data/d1/ts_archive/results/492412552823949607/e9972dd5d21c456d9d9bcc8ab5f19f10/artifacts,64,0.01,1234,XRF,0.001,35959,0,52,NVIDIA GeForce RTX 4090,26064,20,0.1,main.py,ANON1,conda,PROJECT,2ba81db4ea05c65817b596ef2f113e084de3fbd8,file:///home/ANON1/repos/TS_Archive-1#ts_archive_experiments,https://github.com/ANON2/TS_Archive.git,local,delightful-doe-313
90cbbc43cbfc47d08ec995e55399c42b,492412552823949607,FINISHED,/data/d1/ts_archive/results/492412552823949607/90cbbc43cbfc47d08ec995e55399c42b/artifacts,2026-01-11 00:48:17.137000+00:00,2026-01-11 00:57:41.641000+00:00,1.1393923740833998,0.00010658488064391018,692.6762839732669,0.012371630049118652,0.5140811638962233,0.47432225898727415,545.0382264740765,132.2527252250784,0.7134874994359455,0.5093469266745086,0.5100093545369504,5.450382264740765,,321548.0,69267.62839732668,3583526.0,0.5100093545369504,200,8,LSTMFCN,0.5,,False,8,9,PAMAP2,0,sktime 0.39.0,100,100,/data/d1/ts_archive/datasets,entropy,12,0,32,/data/d1/ts_archive/results/492412552823949607/90cbbc43cbfc47d08ec995e55399c42b/artifacts,64,0.01,1234,XRF,0.001,36039,2,52,NVIDIA GeForce RTX 4090,25349,20,0.1,main.py,ANON1,conda,PROJECT,2ba81db4ea05c65817b596ef2f113e084de3fbd8,file:///home/ANON1/repos/TS_Archive-1#ts_archive_experiments,https://github.com/ANON2/TS_Archive.git,local,enchanting-moose-280
909a38c3a53c4fc7a907d8b01a83e3de,492412552823949607,FINISHED,/data/d1/ts_archive/results/492412552823949607/909a38c3a53c4fc7a907d8b01a83e3de/artifacts,2026-01-11 00:37:46.103000+00:00,2026-01-11 00:48:15.599000+00:00,0.6558650992810726,0.00012794871230610078,794.5839801948168,0.014723236575624344,0.658190564187267,0.6633513754140502,610.9054289851338,75.47131068665038,0.6335267036016433,0.720931492736221,0.7122512680452595,6.109054289851338,,321548.0,79458.39801948168,3592116.0,0.7122512680452595,200,8,LSTMFCN,0.5,,False,8,9,PAMAP2,0,sktime 0.39.0,100,100,/data/d1/ts_archive/datasets,entropy,12,0,32,/data/d1/ts_archive/results/492412552823949607/909a38c3a53c4fc7a907d8b01a83e3de/artifacts,64,0.01,1234,XRF,0.001,35483,1,52,NVIDIA GeForce RTX 4090,30357,20,0.1,main.py,ANON1,conda,PROJECT,2ba81db4ea05c65817b596ef2f113e084de3fbd8,file:///home/ANON1/repos/TS_Archive-1#ts_archive_experiments,https://github.com/ANON2/TS_Archive.git,local,debonair-boar-80
2c0dd450e2f646bbb02b4a612e662f5e,492412552823949607,FINISHED,/data/d1/ts_archive/results/492412552823949607/2c0dd450e2f646bbb02b4a612e662f5e/artifacts,2026-01-11 00:28:40.307000+00:00,2026-01-11 00:37:44.585000+00:00,1.413537748157978,0.00014285373907609681,679.022254097766,0.01475680663467694,0.8049539684819145,0.8090194088561306,524.7513529956341,146.01860165012832,0.8546411710930781,0.8201648918002822,0.8058615462354725,5.247513529956341,,321548.0,67902.2254097766,3579033.0,0.8058615462354725,200,8,LSTMFCN,0.5,,False,8,9,PAMAP2,0,sktime 0.39.0,100,100,/data/d1/ts_archive/datasets,entropy,12,0,32,/data/d1/ts_archive/results/492412552823949607/2c0dd450e2f646bbb02b4a612e662f5e/artifacts,64,0.01,1234,XRF,0.001,35959,0,52,NVIDIA GeForce RTX 4090,26064,20,0.1,main.py,ANON1,conda,PROJECT,2ba81db4ea05c65817b596ef2f113e084de3fbd8,file:///home/ANON1/repos/TS_Archive-1#ts_archive_experiments,https://github.com/ANON2/TS_Archive.git,local,intrigued-fawn-83
ff5448bc1c4a467fbd30681aefe296f6,492412552823949607,FINISHED,/data/d1/ts_archive/results/492412552823949607/ff5448bc1c4a467fbd30681aefe296f6/artifacts,2026-01-11 00:15:59.399000+00:00,2026-01-11 00:28:37.855000+00:00,2.534270226955414,0.00023706924480406115,738.2357776599372,0.02691371151077175,0.4783576993158162,0.47912443883360906,737.5800928715616,287.70757605015,0.7169871597293626,0.5003377977025633,0.4722170252572498,7.375800928715616,,503052.0,73823.57776599372,5618005.0,0.4722170252572498,200,8,InceptionTime,0.5,,False,8,9,PAMAP2,0,sktime 0.39.0,100,100,/data/d1/ts_archive/datasets,entropy,12,0,32,/data/d1/ts_archive/results/492412552823949607/ff5448bc1c4a467fbd30681aefe296f6/artifacts,64,0.01,1234,XRF,0.001,36039,2,52,NVIDIA GeForce RTX 4090,25349,20,0.1,main.py,ANON1,conda,PROJECT,2ba81db4ea05c65817b596ef2f113e084de3fbd8,file:///home/ANON1/repos/TS_Archive-1#ts_archive_experiments,https://github.com/ANON2/TS_Archive.git,local,lyrical-sloth-467
42e3d5a9930f47e4a576101e25bf7d18,492412552823949607,FINISHED,/data/d1/ts_archive/results/492412552823949607/42e3d5a9930f47e4a576101e25bf7d18/artifacts,2026-01-11 00:00:52.273000+00:00,2026-01-11 00:15:57.832000+00:00,1.8553698286414144,0.000361952756270272,886.9707619115616,0.0420015199103766,0.6482420006920236,0.654080889117082,885.0064785517752,215.29979106059045,0.6297359314421811,0.7010789506713099,0.6935232149824424,8.850064785517752,,503052.0,88697.07619115616,5609859.0,0.6935232149824424,200,8,InceptionTime,0.5,,False,8,9,PAMAP2,0,sktime 0.39.0,100,100,/data/d1/ts_archive/datasets,entropy,12,0,32,/data/d1/ts_archive/results/492412552823949607/42e3d5a9930f47e4a576101e25bf7d18/artifacts,64,0.01,1234,XRF,0.001,35483,1,52,NVIDIA GeForce RTX 4090,30357,20,0.1,main.py,ANON1,conda,PROJECT,2ba81db4ea05c65817b596ef2f113e084de3fbd8,file:///home/ANON1/repos/TS_Archive-1#ts_archive_experiments,https://github.com/ANON2/TS_Archive.git,local,fortunate-quail-231
4826e738d33343a3a5aef05ea35b31e2,492412552823949607,FINISHED,/data/d1/ts_archive/results/492412552823949607/4826e738d33343a3a5aef05ea35b31e2/artifacts,2026-01-10 23:47:45.333000+00:00,2026-01-11 00:00:50.717000+00:00,2.185020564123988,0.00022082067348398062,764.2399587892199,0.025434836137119297,0.8687689645933447,0.8635569089052103,764.8009594231844,251.67770357679544,0.8903716914039936,0.8735816091198424,0.8679130874178879,7.648009594231844,,503052.0,76423.995878922,5610128.0,0.8679130874178879,200,8,InceptionTime,0.5,,False,8,9,PAMAP2,0,sktime 0.39.0,100,100,/data/d1/ts_archive/datasets,entropy,12,0,32,/data/d1/ts_archive/results/492412552823949607/4826e738d33343a3a5aef05ea35b31e2/artifacts,64,0.01,1234,XRF,0.001,35959,0,52,NVIDIA GeForce RTX 4090,26064,20,0.1,main.py,ANON1,conda,PROJECT,2ba81db4ea05c65817b596ef2f113e084de3fbd8,file:///home/ANON1/repos/TS_Archive-1#ts_archive_experiments,https://github.com/ANON2/TS_Archive.git,local,rebellious-mink-31
999f950be1894a2399e5192a98e0472b,492412552823949607,FINISHED,/data/d1/ts_archive/results/492412552823949607/999f950be1894a2399e5192a98e0472b/artifacts,2026-01-10 23:44:30.843000+00:00,2026-01-10 23:47:43.010000+00:00,0.9699926264584064,9.073831865841033e-05,195.4477863865908,0.012088092685962434,0.5485285318560024,0.5319013452766012,172.93973858468237,129.22171081293843,0.7834749793074955,0.561453159099034,0.5451824134705332,1.7293973858468237,,319500.0,19544.778638659078,3563722.0,0.5451824134705332,200,8,FCN,0.5,,False,8,9,PAMAP2,0,sktime 0.39.0,100,100,/data/d1/ts_archive/datasets,entropy,12,0,32,/data/d1/ts_archive/results/492412552823949607/999f950be1894a2399e5192a98e0472b/artifacts,64,0.01,1234,XRF,0.001,36039,2,52,NVIDIA GeForce RTX 4090,25349,20,0.1,main.py,ANON1,conda,PROJECT,2ba81db4ea05c65817b596ef2f113e084de3fbd8,file:///home/ANON1/repos/TS_Archive-1#ts_archive_experiments,https://github.com/ANON2/TS_Archive.git,local,unruly-snail-914
b5cb49c0677e4f34b6475e20a95fe7aa,492412552823949607,FINISHED,/data/d1/ts_archive/results/492412552823949607/b5cb49c0677e4f34b6475e20a95fe7aa/artifacts,2026-01-10 23:41:19.470000+00:00,2026-01-10 23:44:29.168000+00:00,0.7386848442256451,0.0001441055099932979,205.1937211493808,0.018907032989836918,0.6376368418770506,0.6348093414860854,170.37295203097165,96.91745110590405,0.6202198931249928,0.7005599426446909,0.6917674600078033,1.7037295203097165,,319500.0,20519.37211493808,3561452.0,0.6917674600078033,200,8,FCN,0.5,,False,8,9,PAMAP2,0,sktime 0.39.0,100,100,/data/d1/ts_archive/datasets,entropy,12,0,32,/data/d1/ts_archive/results/492412552823949607/b5cb49c0677e4f34b6475e20a95fe7aa/artifacts,64,0.01,1234,XRF,0.001,35483,1,52,NVIDIA GeForce RTX 4090,30357,20,0.1,main.py,ANON1,conda,PROJECT,2ba81db4ea05c65817b596ef2f113e084de3fbd8,file:///home/ANON1/repos/TS_Archive-1#ts_archive_experiments,https://github.com/ANON2/TS_Archive.git,local,upset-worm-796
e8f0bd399c2141dd9f0acd7295132f17,492412552823949607,FINISHED,/data/d1/ts_archive/results/492412552823949607/e8f0bd399c2141dd9f0acd7295132f17/artifacts,2026-01-10 23:38:02.202000+00:00,2026-01-10 23:41:17.787000+00:00,0.946495845913887,9.56539510777046e-05,199.90954086813719,0.012655826534538074,0.7771466014648817,0.7800529062235485,175.5889041274786,125.22940355925424,0.8278402482506932,0.8038475634609404,0.7910055583628095,1.755889041274786,,319500.0,19990.95408681372,3554609.0,0.7910055583628095,200,8,FCN,0.5,,False,8,9,PAMAP2,0,sktime 0.39.0,100,100,/data/d1/ts_archive/datasets,entropy,12,0,32,/data/d1/ts_archive/results/492412552823949607/e8f0bd399c2141dd9f0acd7295132f17/artifacts,64,0.01,1234,XRF,0.001,35959,0,52,NVIDIA GeForce RTX 4090,26064,20,0.1,main.py,ANON1,conda,PROJECT,2ba81db4ea05c65817b596ef2f113e084de3fbd8,file:///home/ANON1/repos/TS_Archive-1#ts_archive_experiments,https://github.com/ANON2/TS_Archive.git,local,marvelous-crab-77
1bc69097a7b04db5b876345802b94fc7,492412552823949607,FINISHED,/data/d1/ts_archive/results/492412552823949607/1bc69097a7b04db5b876345802b94fc7/artifacts,2026-01-10 23:26:19.795000+00:00,2026-01-10 23:37:59.716000+00:00,0.7477119024842978,6.994498620058912e-05,2772.6456915403774,0.025350706752295612,0.6121321966250188,0.5870949036303262,687.8388751335442,270.9990551820401,0.7404163983829928,0.6050946969902692,0.6059869036482695,6.878388751335442,3.0467640169097288,237316.0,277264.56915403774,2973881.0,0.6059869036482695,200,8,ConvTran,0.5,,False,8,9,PAMAP2,0,PyTorch 2.9.0+cu128,100,100,/data/d1/ts_archive/datasets,entropy,12,0,32,/data/d1/ts_archive/results/492412552823949607/1bc69097a7b04db5b876345802b94fc7/artifacts,64,0.01,1234,XRF,0.001,36039,2,52,NVIDIA GeForce RTX 4090,25349,20,0.1,main.py,ANON1,conda,PROJECT,2ba81db4ea05c65817b596ef2f113e084de3fbd8,file:///home/ANON1/repos/TS_Archive-1#ts_archive_experiments,https://github.com/ANON2/TS_Archive.git,local,efficient-hog-140
c28c9dfec35743e59581b0eaf71364e7,492412552823949607,FINISHED,/data/d1/ts_archive/results/492412552823949607/c28c9dfec35743e59581b0eaf71364e7/artifacts,2026-01-10 23:12:17.306000+00:00,2026-01-10 23:26:18.161000+00:00,0.3459191787987947,6.748325766656158e-05,3326.6310789769304,0.022630251638932924,0.629148540821827,0.6397732284006323,828.7912308350205,116.00266990117017,0.6987229181071057,0.6999662748582143,0.6913772922356614,8.287912308350206,3.6238071588255027,237316.0,332663.10789769306,2973881.0,0.6913772922356614,200,8,ConvTran,0.5,,False,8,9,PAMAP2,0,PyTorch 2.9.0+cu128,100,100,/data/d1/ts_archive/datasets,entropy,12,0,32,/data/d1/ts_archive/results/492412552823949607/c28c9dfec35743e59581b0eaf71364e7/artifacts,64,0.01,1234,XRF,0.001,35483,1,52,NVIDIA GeForce RTX 4090,30357,20,0.1,main.py,ANON1,conda,PROJECT,2ba81db4ea05c65817b596ef2f113e084de3fbd8,file:///home/ANON1/repos/TS_Archive-1#ts_archive_experiments,https://github.com/ANON2/TS_Archive.git,local,efficient-sloth-308
a1719019b8e549ee87456db21a2a51b4,492412552823949607,FINISHED,/data/d1/ts_archive/results/492412552823949607/a1719019b8e549ee87456db21a2a51b4/artifacts,2026-01-10 23:00:14.441000+00:00,2026-01-10 23:12:15.624000+00:00,0.6443433109670877,6.511807084053439e-05,2840.923695677954,0.02354163420943602,0.8272955840929908,0.793553243825948,708.9887629877776,232.9444705023694,0.8769405454252212,0.8027716627891781,0.826478019201617,7.089887629877776,1.4358043581985234,237316.0,284092.3695677954,2973881.0,0.826478019201617,200,8,ConvTran,0.5,,False,8,9,PAMAP2,0,PyTorch 2.9.0+cu128,100,100,/data/d1/ts_archive/datasets,entropy,12,0,32,/data/d1/ts_archive/results/492412552823949607/a1719019b8e549ee87456db21a2a51b4/artifacts,64,0.01,1234,XRF,0.001,35959,0,52,NVIDIA GeForce RTX 4090,26064,20,0.1,main.py,ANON1,conda,PROJECT,2ba81db4ea05c65817b596ef2f113e084de3fbd8,file:///home/ANON1/repos/TS_Archive-1#ts_archive_experiments,https://github.com/ANON2/TS_Archive.git,local,crawling-ram-370
d222308e30d1494eab852ab4092a6032,492412552823949607,FINISHED,/data/d1/ts_archive/results/492412552823949607/d222308e30d1494eab852ab4092a6032/artifacts,2026-01-10 22:57:17.046000+00:00,2026-01-10 23:00:11.953000+00:00,0.2212881576269865,2.0700482472122216e-05,406.59117348957477,0.004996715114085287,0.5592772906591225,0.5184084360809553,163.1930224057287,53.41488456957172,0.7043228196119292,0.5372103670845119,0.5323666978484565,1.631930224057287,25.027019102134027,39372.0,40659.11734895748,480437.0,0.5323666978484565,200,8,SFCN,0.5,,False,8,9,PAMAP2,0,PyTorch 2.9.0+cu128,100,100,/data/d1/ts_archive/datasets,entropy,12,0,32,/data/d1/ts_archive/results/492412552823949607/d222308e30d1494eab852ab4092a6032/artifacts,64,0.01,1234,XRF,0.001,36039,2,52,NVIDIA GeForce RTX 4090,25349,20,0.1,main.py,ANON1,conda,PROJECT,2ba81db4ea05c65817b596ef2f113e084de3fbd8,file:///home/ANON1/repos/TS_Archive-1#ts_archive_experiments,https://github.com/ANON2/TS_Archive.git,local,masked-skunk-554
85ed9d7db0b84f8c84840ce1dee2b512,492412552823949607,FINISHED,/data/d1/ts_archive/results/492412552823949607/85ed9d7db0b84f8c84840ce1dee2b512/artifacts,2026-01-10 22:53:49.555000+00:00,2026-01-10 22:57:15.328000+00:00,0.116247970610857,2.2678105854634606e-05,487.8696946741956,0.004523721051336465,0.625081609444402,0.6223607254623068,194.3305902555585,23.18859410915072,0.6067755530936844,0.6732482147769484,0.6701131486539211,1.943305902555585,12.139764701946843,39372.0,48786.96946741956,480437.0,0.6701131486539211,200,8,SFCN,0.5,,False,8,9,PAMAP2,0,PyTorch 2.9.0+cu128,100,100,/data/d1/ts_archive/datasets,entropy,12,0,32,/data/d1/ts_archive/results/492412552823949607/85ed9d7db0b84f8c84840ce1dee2b512/artifacts,64,0.01,1234,XRF,0.001,35483,1,52,NVIDIA GeForce RTX 4090,30357,20,0.1,main.py,ANON1,conda,PROJECT,2ba81db4ea05c65817b596ef2f113e084de3fbd8,file:///home/ANON1/repos/TS_Archive-1#ts_archive_experiments,https://github.com/ANON2/TS_Archive.git,local,bouncy-elk-320
397a6a1a0b64407abe1c2ba7a1b6e5a3,492412552823949607,FINISHED,/data/d1/ts_archive/results/492412552823949607/397a6a1a0b64407abe1c2ba7a1b6e5a3/artifacts,2026-01-10 22:50:44.984000+00:00,2026-01-10 22:53:47.953000+00:00,0.2525508068501949,2.5523072951005042e-05,427.936397212926,0.006045991762783583,0.6905443392791236,0.7145771373114109,170.85274750553071,59.82508849274356,0.7635255064357819,0.726662129919796,0.6902475997978778,1.7085274750553072,3.2388404015400845,39372.0,42793.6397212926,480437.0,0.6902475997978778,200,8,SFCN,0.5,,False,8,9,PAMAP2,0,PyTorch 2.9.0+cu128,100,100,/data/d1/ts_archive/datasets,entropy,12,0,32,/data/d1/ts_archive/results/492412552823949607/397a6a1a0b64407abe1c2ba7a1b6e5a3/artifacts,64,0.01,1234,XRF,0.001,35959,0,52,NVIDIA GeForce RTX 4090,26064,20,0.1,main.py,ANON1,conda,PROJECT,2ba81db4ea05c65817b596ef2f113e084de3fbd8,file:///home/ANON1/repos/TS_Archive-1#ts_archive_experiments,https://github.com/ANON2/TS_Archive.git,local,bedecked-cow-510
1507f9df713c4be880e5760f34298d85,492412552823949607,FINISHED,/data/d1/ts_archive/results/492412552823949607/1507f9df713c4be880e5760f34298d85/artifacts,2026-01-10 22:15:15.196000+00:00,2026-01-10 22:50:42.561000+00:00,2.7439689356833696,0.0003974462537200709,6854.821864792622,0.10079958877597335,0.9791565606205686,0.9706881245511694,2106.1024264357984,695.92036090932,0.9792982918358506,0.971911629927357,0.9791425260718424,21.061024264357982,,506947.0,685482.1864792622,5650709.0,0.9791425260718424,200,8,ResNet,0.5,,False,8,9,FruitFlies,0,sktime 0.39.0,5000,100,/data/d1/ts_archive/datasets,entropy,3,0,32,/data/d1/ts_archive/results/492412552823949607/1507f9df713c4be880e5760f34298d85/artifacts,64,0.01,1234,XRF,0.001,31756,2,1,NVIDIA GeForce RTX 4090,24852,20,0.1,main.py,ANON1,conda,PROJECT,2ba81db4ea05c65817b596ef2f113e084de3fbd8,file:///home/ANON1/repos/TS_Archive-1#ts_archive_experiments,https://github.com/ANON2/TS_Archive.git,local,monumental-boar-349
7c785d5deb5349ef9f1ce97ff4b3a068,492412552823949607,FINISHED,/data/d1/ts_archive/results/492412552823949607/7c785d5deb5349ef9f1ce97ff4b3a068/artifacts,2026-01-10 21:39:41.930000+00:00,2026-01-10 22:15:13.554000+00:00,2.760040413588285,0.00039977410393804826,6849.923514545708,0.10124611726239283,0.9787450863566358,0.969624335159672,2109.538589099422,699.00319357956,0.9791160095255759,0.9716038820928161,0.9787079953650057,21.095385890994223,,506947.0,684992.3514545708,5656656.0,0.9787079953650057,200,8,ResNet,0.5,,False,8,9,FruitFlies,0,sktime 0.39.0,5000,100,/data/d1/ts_archive/datasets,entropy,3,0,32,/data/d1/ts_archive/results/492412552823949607/7c785d5deb5349ef9f1ce97ff4b3a068/artifacts,64,0.01,1234,XRF,0.001,31756,1,1,NVIDIA GeForce RTX 4090,24852,20,0.1,main.py,ANON1,conda,PROJECT,2ba81db4ea05c65817b596ef2f113e084de3fbd8,file:///home/ANON1/repos/TS_Archive-1#ts_archive_experiments,https://github.com/ANON2/TS_Archive.git,local,useful-stork-585
bb94f5a5f1d047a6a65af790c4c8d600,492412552823949607,FINISHED,/data/d1/ts_archive/results/492412552823949607/bb94f5a5f1d047a6a65af790c4c8d600/artifacts,2026-01-10 21:04:07.420000+00:00,2026-01-10 21:39:40.217000+00:00,2.7040003202855587,0.0003916570568200404,6844.455841106156,0.09763646580318076,0.977862605113166,0.9681452698011382,2111.735874827951,674.08215990516,0.9780373482444065,0.9695944355942844,0.9778389339513326,21.11735874827951,,506947.0,684445.5841106157,5651133.0,0.9778389339513326,200,8,ResNet,0.5,,False,8,9,FruitFlies,0,sktime 0.39.0,5000,100,/data/d1/ts_archive/datasets,entropy,3,0,32,/data/d1/ts_archive/results/492412552823949607/bb94f5a5f1d047a6a65af790c4c8d600/artifacts,64,0.01,1234,XRF,0.001,31756,0,1,NVIDIA GeForce RTX 4090,24852,20,0.1,main.py,ANON1,conda,PROJECT,2ba81db4ea05c65817b596ef2f113e084de3fbd8,file:///home/ANON1/repos/TS_Archive-1#ts_archive_experiments,https://github.com/ANON2/TS_Archive.git,local,popular-ray-336
3aaa974e6bd4458c9c60787dd45ff86a,492412552823949607,FINISHED,/data/d1/ts_archive/results/492412552823949607/3aaa974e6bd4458c9c60787dd45ff86a/artifacts,2026-01-10 21:02:32.324000+00:00,2026-01-10 21:04:04.791000+00:00,1.516493996605277,0.00021965440275279217,93.16260157783319,0.03598848535930026,0.8266096753848882,0.7605975487777927,71.27206545509398,248.46450292060896,0.8246247195712626,0.7572460098143402,0.8293742757821553,0.7127206545509398,,3003003.0,9316.26015778332,33378545.0,0.8293742757821553,200,8,MLP,0.5,,False,8,9,FruitFlies,0,sktime 0.39.0,5000,100,/data/d1/ts_archive/datasets,entropy,3,0,32,/data/d1/ts_archive/results/492412552823949607/3aaa974e6bd4458c9c60787dd45ff86a/artifacts,64,0.01,1234,XRF,0.001,31756,2,1,NVIDIA GeForce RTX 4090,24852,20,0.1,main.py,ANON1,conda,PROJECT,2ba81db4ea05c65817b596ef2f113e084de3fbd8,file:///home/ANON1/repos/TS_Archive-1#ts_archive_experiments,https://github.com/ANON2/TS_Archive.git,local,worried-snake-811
359a41828cc14c29806f7cb40d10ddbc,492412552823949607,FINISHED,/data/d1/ts_archive/results/492412552823949607/359a41828cc14c29806f7cb40d10ddbc/artifacts,2026-01-10 21:00:58.275000+00:00,2026-01-10 21:02:30.793000+00:00,1.5118636954575777,0.00021898373340926676,94.0115973859812,0.03623423863894435,0.8231844406468972,0.7556665614738965,71.21426540799439,250.16118356327178,0.823383586157796,0.7556498403096158,0.8240150637311703,0.7121426540799439,,3003003.0,9401.15973859812,33438149.0,0.8240150637311703,200,8,MLP,0.5,,False,8,9,FruitFlies,0,sktime 0.39.0,5000,100,/data/d1/ts_archive/datasets,entropy,3,0,32,/data/d1/ts_archive/results/492412552823949607/359a41828cc14c29806f7cb40d10ddbc/artifacts,64,0.01,1234,XRF,0.001,31756,1,1,NVIDIA GeForce RTX 4090,24852,20,0.1,main.py,ANON1,conda,PROJECT,2ba81db4ea05c65817b596ef2f113e084de3fbd8,file:///home/ANON1/repos/TS_Archive-1#ts_archive_experiments,https://github.com/ANON2/TS_Archive.git,local,fortunate-whale-659
94df7fd5101a403a93b0b215b7eaf38e,492412552823949607,FINISHED,/data/d1/ts_archive/results/492412552823949607/94df7fd5101a403a93b0b215b7eaf38e/artifacts,2026-01-10 20:59:26.395000+00:00,2026-01-10 21:00:56.427000+00:00,1.4723692759871485,0.00021326322073973763,91.9623779857728,0.03634066462279722,0.8231555257383026,0.7536005558446971,69.12980529665947,250.89594855579202,0.8217107897438678,0.7515445540299677,0.8250289687137891,0.6912980529665947,,3003003.0,9196.23779857728,33320631.0,0.8250289687137891,200,8,MLP,0.5,,False,8,9,FruitFlies,0,sktime 0.39.0,5000,100,/data/d1/ts_archive/datasets,entropy,3,0,32,/data/d1/ts_archive/results/492412552823949607/94df7fd5101a403a93b0b215b7eaf38e/artifacts,64,0.01,1234,XRF,0.001,31756,0,1,NVIDIA GeForce RTX 4090,24852,20,0.1,main.py,ANON1,conda,PROJECT,2ba81db4ea05c65817b596ef2f113e084de3fbd8,file:///home/ANON1/repos/TS_Archive-1#ts_archive_experiments,https://github.com/ANON2/TS_Archive.git,local,placid-dolphin-926
a2a9265a737d4d08bf04f4cead0c84a1,492412552823949607,FINISHED,/data/d1/ts_archive/results/492412552823949607/a2a9265a737d4d08bf04f4cead0c84a1/artifacts,2026-01-10 20:50:49.164000+00:00,2026-01-10 20:59:23.639000+00:00,1.1702417824417353,0.00016950199629804972,554.2413770554272,0.023917928453948658,0.8796744856366482,0.8222903753571925,492.4881476629525,165.12937804606153,0.8789180766707871,0.8206251346907063,0.8805040556199305,4.924881476629525,,7323307.0,55424.13770554272,70879943.0,0.8805040556199305,200,8,MCDCNN,0.5,,False,8,9,FruitFlies,0,sktime 0.39.0,5000,100,/data/d1/ts_archive/datasets,entropy,3,0,32,/data/d1/ts_archive/results/492412552823949607/a2a9265a737d4d08bf04f4cead0c84a1/artifacts,64,0.01,1234,XRF,0.001,31756,2,1,NVIDIA GeForce RTX 4090,24852,20,0.1,main.py,ANON1,conda,PROJECT,2ba81db4ea05c65817b596ef2f113e084de3fbd8,file:///home/ANON1/repos/TS_Archive-1#ts_archive_experiments,https://github.com/ANON2/TS_Archive.git,local,vaunted-hen-442
7283f09f276f4478afc7b02e561de670,492412552823949607,FINISHED,/data/d1/ts_archive/results/492412552823949607/7283f09f276f4478afc7b02e561de670/artifacts,2026-01-10 20:42:11.017000+00:00,2026-01-10 20:50:47.317000+00:00,1.1120823752135038,0.0001610779801873557,555.3183273875316,0.023818013201619942,0.8642940090743023,0.7974096514093544,494.0191615410149,164.4395631439841,0.8634458377394163,0.7941493903983599,0.8664542294322132,4.940191615410149,,7323307.0,55531.83273875316,68865536.0,0.8664542294322132,200,8,MCDCNN,0.5,,False,8,9,FruitFlies,0,sktime 0.39.0,5000,100,/data/d1/ts_archive/datasets,entropy,3,0,32,/data/d1/ts_archive/results/492412552823949607/7283f09f276f4478afc7b02e561de670/artifacts,64,0.01,1234,XRF,0.001,31756,1,1,NVIDIA GeForce RTX 4090,24852,20,0.1,main.py,ANON1,conda,PROJECT,2ba81db4ea05c65817b596ef2f113e084de3fbd8,file:///home/ANON1/repos/TS_Archive-1#ts_archive_experiments,https://github.com/ANON2/TS_Archive.git,local,bittersweet-elk-371
5540fd2c0c5641d1a74f8b8b8b5abab1,492412552823949607,FINISHED,/data/d1/ts_archive/results/492412552823949607/5540fd2c0c5641d1a74f8b8b8b5abab1/artifacts,2026-01-10 20:33:33.021000+00:00,2026-01-10 20:42:09.225000+00:00,1.0936475358903408,0.00015840781226685122,555.2396913506149,0.022439093888686788,0.8741693755002684,0.8147679620941867,494.2928591482341,154.9195042074936,0.8735331234253149,0.8135846005937774,0.8748551564310545,4.942928591482341,,7323307.0,55523.96913506148,71442387.0,0.8748551564310545,200,8,MCDCNN,0.5,,False,8,9,FruitFlies,0,sktime 0.39.0,5000,100,/data/d1/ts_archive/datasets,entropy,3,0,32,/data/d1/ts_archive/results/492412552823949607/5540fd2c0c5641d1a74f8b8b8b5abab1/artifacts,64,0.01,1234,XRF,0.001,31756,0,1,NVIDIA GeForce RTX 4090,24852,20,0.1,main.py,ANON1,conda,PROJECT,2ba81db4ea05c65817b596ef2f113e084de3fbd8,file:///home/ANON1/repos/TS_Archive-1#ts_archive_experiments,https://github.com/ANON2/TS_Archive.git,local,illustrious-frog-188
11ba9a3e344a4c6cbc73d7507308e90b,492412552823949607,FINISHED,/data/d1/ts_archive/results/492412552823949607/11ba9a3e344a4c6cbc73d7507308e90b/artifacts,2026-01-10 18:32:34.372000+00:00,2026-01-10 20:33:30.357000+00:00,8.32179818302393,0.0012053589488736861,12847.291310729623,0.1939846949251217,0.2832663232709634,0.3049955761956186,7229.189479621127,1339.27033376304,0.7999076608016369,0.4141762987599756,0.3723928157589803,72.29189479621127,,266459.0,1284729.1310729622,2997224.0,0.3723928157589803,200,8,LSTMFCN,0.5,,False,8,9,FruitFlies,0,sktime 0.39.0,5000,100,/data/d1/ts_archive/datasets,entropy,3,0,32,/data/d1/ts_archive/results/492412552823949607/11ba9a3e344a4c6cbc73d7507308e90b/artifacts,64,0.01,1234,XRF,0.001,31756,2,1,NVIDIA GeForce RTX 4090,24852,20,0.1,main.py,ANON1,conda,PROJECT,2ba81db4ea05c65817b596ef2f113e084de3fbd8,file:///home/ANON1/repos/TS_Archive-1#ts_archive_experiments,https://github.com/ANON2/TS_Archive.git,local,respected-croc-710
c188c7d7c96b4110ac373478120eeae5,492412552823949607,FINISHED,/data/d1/ts_archive/results/492412552823949607/c188c7d7c96b4110ac373478120eeae5/artifacts,2026-01-10 16:31:37.322000+00:00,2026-01-10 18:32:32.585000+00:00,8.315552119165659,0.0012044542466925926,12912.224079895363,0.19616349457016802,0.2823834605758929,0.36102379189251804,7228.566403178498,1354.31276651244,0.7341832365166037,0.5453472699810451,0.3936848203939745,72.28566403178498,,266459.0,1291222.4079895362,2997449.0,0.3936848203939745,200,8,LSTMFCN,0.5,,False,8,9,FruitFlies,0,sktime 0.39.0,5000,100,/data/d1/ts_archive/datasets,entropy,3,0,32,/data/d1/ts_archive/results/492412552823949607/c188c7d7c96b4110ac373478120eeae5/artifacts,64,0.01,1234,XRF,0.001,31756,1,1,NVIDIA GeForce RTX 4090,24852,20,0.1,main.py,ANON1,conda,PROJECT,2ba81db4ea05c65817b596ef2f113e084de3fbd8,file:///home/ANON1/repos/TS_Archive-1#ts_archive_experiments,https://github.com/ANON2/TS_Archive.git,local,sincere-ape-550
c3fbfec550664ce5b996afc456cd2dc1,492412552823949607,FINISHED,/data/d1/ts_archive/results/492412552823949607/c3fbfec550664ce5b996afc456cd2dc1/artifacts,2026-01-10 14:29:45.329000+00:00,2026-01-10 16:31:35.535000+00:00,8.376237949356437,0.0012132441989218478,13016.157373129556,0.1953528855740093,0.732605815559334,0.6878049397734731,7283.397108003497,1348.7163220029602,0.8013890135659312,0.6976997340754139,0.75941483198146,72.83397108003497,,266459.0,1301615.7373129555,2999578.0,0.75941483198146,200,8,LSTMFCN,0.5,,False,8,9,FruitFlies,0,sktime 0.39.0,5000,100,/data/d1/ts_archive/datasets,entropy,3,0,32,/data/d1/ts_archive/results/492412552823949607/c3fbfec550664ce5b996afc456cd2dc1/artifacts,64,0.01,1234,XRF,0.001,31756,0,1,NVIDIA GeForce RTX 4090,24852,20,0.1,main.py,ANON1,conda,PROJECT,2ba81db4ea05c65817b596ef2f113e084de3fbd8,file:///home/ANON1/repos/TS_Archive-1#ts_archive_experiments,https://github.com/ANON2/TS_Archive.git,local,blushing-skink-110
0432037ed4964886a5acd5115599815e,492412552823949607,FINISHED,/data/d1/ts_archive/results/492412552823949607/0432037ed4964886a5acd5115599815e/artifacts,2026-01-10 13:15:22.325000+00:00,2026-01-10 14:29:42.618000+00:00,3.055188687518239,0.0004425244333021783,12278.551015098456,0.11107893412965818,0.9701622823450375,0.9629078793236231,4436.620090568438,766.88896123116,0.970701934047395,0.9544319889776164,0.97045191193511,44.36620090568438,,422627.0,1227855.1015098456,4710979.0,0.97045191193511,200,8,InceptionTime,0.5,,False,8,9,FruitFlies,0,sktime 0.39.0,5000,100,/data/d1/ts_archive/datasets,entropy,3,0,32,/data/d1/ts_archive/results/492412552823949607/0432037ed4964886a5acd5115599815e/artifacts,64,0.01,1234,XRF,0.001,31756,2,1,NVIDIA GeForce RTX 4090,24852,20,0.1,main.py,ANON1,conda,PROJECT,2ba81db4ea05c65817b596ef2f113e084de3fbd8,file:///home/ANON1/repos/TS_Archive-1#ts_archive_experiments,https://github.com/ANON2/TS_Archive.git,local,sedate-doe-960
3b617f4c017b45a691a43c161fb788ea,492412552823949607,FINISHED,/data/d1/ts_archive/results/492412552823949607/3b617f4c017b45a691a43c161fb788ea/artifacts,2026-01-10 12:01:09.383000+00:00,2026-01-10 13:15:20.561000+00:00,3.0039935559034348,0.00043510914772645345,12253.743044347844,0.10867281894020858,0.9818752217109098,0.9726557061354134,4429.147324239835,750.2771419632,0.9818748744234982,0.9719810070815207,0.9818945538818077,44.291473242398354,,422627.0,1225374.3044347845,4717435.0,0.9818945538818077,200,8,InceptionTime,0.5,,False,8,9,FruitFlies,0,sktime 0.39.0,5000,100,/data/d1/ts_archive/datasets,entropy,3,0,32,/data/d1/ts_archive/results/492412552823949607/3b617f4c017b45a691a43c161fb788ea/artifacts,64,0.01,1234,XRF,0.001,31756,1,1,NVIDIA GeForce RTX 4090,24852,20,0.1,main.py,ANON1,conda,PROJECT,2ba81db4ea05c65817b596ef2f113e084de3fbd8,file:///home/ANON1/repos/TS_Archive-1#ts_archive_experiments,https://github.com/ANON2/TS_Archive.git,local,thoughtful-lark-286
9c37034017cb47f0b93b90dba332d02c,492412552823949607,FINISHED,/data/d1/ts_archive/results/492412552823949607/9c37034017cb47f0b93b90dba332d02c/artifacts,2026-01-10 10:46:50.829000+00:00,2026-01-10 12:01:07.662000+00:00,3.059705540537834,0.0004431786704139389,12267.355039979682,0.11544505602882965,0.9683085895215496,0.9593772574455439,4434.899345912039,797.0326668230399,0.9686448397897496,0.9534451509792756,0.9685689455388181,44.34899345912039,,422627.0,1226735.5039979683,4713314.0,0.9685689455388181,200,8,InceptionTime,0.5,,False,8,9,FruitFlies,0,sktime 0.39.0,5000,100,/data/d1/ts_archive/datasets,entropy,3,0,32,/data/d1/ts_archive/results/492412552823949607/9c37034017cb47f0b93b90dba332d02c/artifacts,64,0.01,1234,XRF,0.001,31756,0,1,NVIDIA GeForce RTX 4090,24852,20,0.1,main.py,ANON1,conda,PROJECT,2ba81db4ea05c65817b596ef2f113e084de3fbd8,file:///home/ANON1/repos/TS_Archive-1#ts_archive_experiments,https://github.com/ANON2/TS_Archive.git,local,chill-ant-897
6f924d27d9fb466195c2b872681bdd9a,492412552823949607,FINISHED,/data/d1/ts_archive/results/492412552823949607/6f924d27d9fb466195c2b872681bdd9a/artifacts,2026-01-10 10:28:26.188000+00:00,2026-01-10 10:46:48.319000+00:00,1.3724946808069944,0.0001987970279268532,2918.4734681058417,0.051637675174679265,0.1346054494807459,0.15252839431264556,1082.05952408351,356.50650940598564,0.7925920701294776,0.3338811343757757,0.2943221320973349,10.8205952408351,,266115.0,291847.3468105842,2982511.0,0.2943221320973349,200,8,FCN,0.5,,False,8,9,FruitFlies,0,sktime 0.39.0,5000,100,/data/d1/ts_archive/datasets,entropy,3,0,32,/data/d1/ts_archive/results/492412552823949607/6f924d27d9fb466195c2b872681bdd9a/artifacts,64,0.01,1234,XRF,0.001,31756,2,1,NVIDIA GeForce RTX 4090,24852,20,0.1,main.py,ANON1,conda,PROJECT,2ba81db4ea05c65817b596ef2f113e084de3fbd8,file:///home/ANON1/repos/TS_Archive-1#ts_archive_experiments,https://github.com/ANON2/TS_Archive.git,local,likeable-flea-462
88f7fbc059df4e18889fd9a3b46cee72,492412552823949607,FINISHED,/data/d1/ts_archive/results/492412552823949607/88f7fbc059df4e18889fd9a3b46cee72/artifacts,2026-01-10 10:09:58.612000+00:00,2026-01-10 10:28:24.496000+00:00,1.4214354325085878,0.00020588578107018943,2911.804402212259,0.05184691552195052,0.1423182750150806,0.16796608751086517,1085.9540654718876,357.95110476354637,0.5588738519605825,0.341577356416598,0.2980880648899189,10.859540654718876,,266115.0,291180.4402212259,2997318.0,0.2980880648899189,200,8,FCN,0.5,,False,8,9,FruitFlies,0,sktime 0.39.0,5000,100,/data/d1/ts_archive/datasets,entropy,3,0,32,/data/d1/ts_archive/results/492412552823949607/88f7fbc059df4e18889fd9a3b46cee72/artifacts,64,0.01,1234,XRF,0.001,31756,1,1,NVIDIA GeForce RTX 4090,24852,20,0.1,main.py,ANON1,conda,PROJECT,2ba81db4ea05c65817b596ef2f113e084de3fbd8,file:///home/ANON1/repos/TS_Archive-1#ts_archive_experiments,https://github.com/ANON2/TS_Archive.git,local,burly-panda-454
103761605449475ab6a91787a4b39028,492412552823949607,FINISHED,/data/d1/ts_archive/results/492412552823949607/103761605449475ab6a91787a4b39028/artifacts,2026-01-10 09:51:30.001000+00:00,2026-01-10 10:09:57.007000+00:00,1.3973695766180754,0.00020239999661327858,2914.9911608947455,0.048765713339067325,0.13536425611098782,0.15506623254864352,1086.225941941142,336.67848489292084,0.19811316356818254,0.3344355160153049,0.2941772885283893,10.862259419411421,,266115.0,291499.1160894745,2985390.0,0.2941772885283893,200,8,FCN,0.5,,False,8,9,FruitFlies,0,sktime 0.39.0,5000,100,/data/d1/ts_archive/datasets,entropy,3,0,32,/data/d1/ts_archive/results/492412552823949607/103761605449475ab6a91787a4b39028/artifacts,64,0.01,1234,XRF,0.001,31756,0,1,NVIDIA GeForce RTX 4090,24852,20,0.1,main.py,ANON1,conda,PROJECT,2ba81db4ea05c65817b596ef2f113e084de3fbd8,file:///home/ANON1/repos/TS_Archive-1#ts_archive_experiments,https://github.com/ANON2/TS_Archive.git,local,efficient-bat-290
6d523b0bb657492db639726be52d301e,492412552823949607,FINISHED,/data/d1/ts_archive/results/492412552823949607/6d523b0bb657492db639726be52d301e/artifacts,2026-01-10 09:42:48.507000+00:00,2026-01-10 09:51:27.474000+00:00,0.5885135214775801,8.524239882351971e-05,1766.59629113664,0.026645338953794735,0.9769462579361435,0.9660778900151584,506.6713374629617,183.95942013699886,0.9769246645720577,0.9656928973309213,0.9769698725376593,5.066713374629617,0.06292265080382804,29019.0,176659.629113664,596281.0,0.9769698725376593,200,8,ConvTran,0.5,,False,8,9,FruitFlies,0,PyTorch 2.9.0+cu128,5000,100,/data/d1/ts_archive/datasets,entropy,3,0,32,/data/d1/ts_archive/results/492412552823949607/6d523b0bb657492db639726be52d301e/artifacts,64,0.01,1234,XRF,0.001,31756,2,1,NVIDIA GeForce RTX 4090,24852,20,0.1,main.py,ANON1,conda,PROJECT,2ba81db4ea05c65817b596ef2f113e084de3fbd8,file:///home/ANON1/repos/TS_Archive-1#ts_archive_experiments,https://github.com/ANON2/TS_Archive.git,local,masked-smelt-960
8f207a705c6541e293dccacf774ca774,492412552823949607,FINISHED,/data/d1/ts_archive/results/492412552823949607/8f207a705c6541e293dccacf774ca774/artifacts,2026-01-10 09:34:15.095000+00:00,2026-01-10 09:42:46.863000+00:00,0.4061552695930004,5.882897879388766e-05,1753.4220268268123,0.021471266160008193,0.975482635703911,0.9639572596200049,499.565062450245,148.23762156869657,0.975772086883218,0.9665700691447409,0.9753765932792584,4.99565062450245,0.07416943087627537,29019.0,175342.20268268124,596281.0,0.9753765932792584,200,8,ConvTran,0.5,,False,8,9,FruitFlies,0,PyTorch 2.9.0+cu128,5000,100,/data/d1/ts_archive/datasets,entropy,3,0,32,/data/d1/ts_archive/results/492412552823949607/8f207a705c6541e293dccacf774ca774/artifacts,64,0.01,1234,XRF,0.001,31756,1,1,NVIDIA GeForce RTX 4090,24852,20,0.1,main.py,ANON1,conda,PROJECT,2ba81db4ea05c65817b596ef2f113e084de3fbd8,file:///home/ANON1/repos/TS_Archive-1#ts_archive_experiments,https://github.com/ANON2/TS_Archive.git,local,likeable-bug-816
1e356d1f15ad4157b75e9a23f64edf39,492412552823949607,FINISHED,/data/d1/ts_archive/results/492412552823949607/1e356d1f15ad4157b75e9a23f64edf39/artifacts,2026-01-10 09:25:37.351000+00:00,2026-01-10 09:34:13.435000+00:00,0.5873985849320889,8.508090743512295e-05,1769.0531165529155,0.027703918435012923,0.9736771330406245,0.9609976695849941,503.856645507738,191.26785287532923,0.973728426284453,0.9587683030199892,0.9737833140208575,5.03856645507738,0.07201790488720305,29019.0,176905.31165529156,596281.0,0.9737833140208575,200,8,ConvTran,0.5,,False,8,9,FruitFlies,0,PyTorch 2.9.0+cu128,5000,100,/data/d1/ts_archive/datasets,entropy,3,0,32,/data/d1/ts_archive/results/492412552823949607/1e356d1f15ad4157b75e9a23f64edf39/artifacts,64,0.01,1234,XRF,0.001,31756,0,1,NVIDIA GeForce RTX 4090,24852,20,0.1,main.py,ANON1,conda,PROJECT,2ba81db4ea05c65817b596ef2f113e084de3fbd8,file:///home/ANON1/repos/TS_Archive-1#ts_archive_experiments,https://github.com/ANON2/TS_Archive.git,local,upbeat-fish-269
3b33bc1b98554547ac08bc7bae877168,492412552823949607,FINISHED,/data/d1/ts_archive/results/492412552823949607/3b33bc1b98554547ac08bc7bae877168/artifacts,2026-01-10 09:19:30.139000+00:00,2026-01-10 09:25:34.872000+00:00,0.3388557899743318,4.908108197774215e-05,1499.3434464187785,0.019702826399111875,0.8833659963321124,0.8295315466688775,352.8167475759983,136.0283134594684,0.883916130071193,0.8215585409446783,0.8868771726535342,3.5281674757599832,0.2560659816201565,26115.0,149934.34464187786,321461.0,0.8868771726535342,200,8,SFCN,0.5,,False,8,9,FruitFlies,0,PyTorch 2.9.0+cu128,5000,100,/data/d1/ts_archive/datasets,entropy,3,0,32,/data/d1/ts_archive/results/492412552823949607/3b33bc1b98554547ac08bc7bae877168/artifacts,64,0.01,1234,XRF,0.001,31756,2,1,NVIDIA GeForce RTX 4090,24852,20,0.1,main.py,ANON1,conda,PROJECT,2ba81db4ea05c65817b596ef2f113e084de3fbd8,file:///home/ANON1/repos/TS_Archive-1#ts_archive_experiments,https://github.com/ANON2/TS_Archive.git,local,nervous-stork-977
2768499136c147c0adcd1001934a35b0,492412552823949607,FINISHED,/data/d1/ts_archive/results/492412552823949607/2768499136c147c0adcd1001934a35b0/artifacts,2026-01-10 09:13:23.455000+00:00,2026-01-10 09:19:28.427000+00:00,0.3370582442730665,4.882071904302817e-05,1491.4915181785043,0.01650706539248052,0.8845121211448903,0.8354221059469853,352.93998858332634,113.96477946968552,0.8836481444764293,0.8252849008286892,0.8884704519119351,3.5293998858332634,0.2634646248499737,26115.0,149149.15181785042,321461.0,0.8884704519119351,200,8,SFCN,0.5,,False,8,9,FruitFlies,0,PyTorch 2.9.0+cu128,5000,100,/data/d1/ts_archive/datasets,entropy,3,0,32,/data/d1/ts_archive/results/492412552823949607/2768499136c147c0adcd1001934a35b0/artifacts,64,0.01,1234,XRF,0.001,31756,1,1,NVIDIA GeForce RTX 4090,24852,20,0.1,main.py,ANON1,conda,PROJECT,2ba81db4ea05c65817b596ef2f113e084de3fbd8,file:///home/ANON1/repos/TS_Archive-1#ts_archive_experiments,https://github.com/ANON2/TS_Archive.git,local,angry-calf-811
d75516f4cdda4e90a6fd7292ad8bc797,492412552823949607,FINISHED,/data/d1/ts_archive/results/492412552823949607/d75516f4cdda4e90a6fd7292ad8bc797/artifacts,2026-01-10 09:07:14.289000+00:00,2026-01-10 09:13:21.673000+00:00,0.4603683277964592,6.668139162752885e-05,1469.4877539024444,0.021847582277208812,0.8854018168053659,0.8363045468217511,353.1077927686274,150.83570804184964,0.8844110991474867,0.8326102254000672,0.8867323290845887,3.5310779276862743,0.2585194365381504,26115.0,146948.77539024444,321461.0,0.8867323290845887,200,8,SFCN,0.5,,False,8,9,FruitFlies,0,PyTorch 2.9.0+cu128,5000,100,/data/d1/ts_archive/datasets,entropy,3,0,32,/data/d1/ts_archive/results/492412552823949607/d75516f4cdda4e90a6fd7292ad8bc797/artifacts,64,0.01,1234,XRF,0.001,31756,0,1,NVIDIA GeForce RTX 4090,24852,20,0.1,main.py,ANON1,conda,PROJECT,2ba81db4ea05c65817b596ef2f113e084de3fbd8,file:///home/ANON1/repos/TS_Archive-1#ts_archive_experiments,https://github.com/ANON2/TS_Archive.git,local,capricious-dog-634
b937b6aa38214fe2acefaf12b9cca519,492412552823949607,FINISHED,/data/d1/ts_archive/results/492412552823949607/b937b6aa38214fe2acefaf12b9cca519/artifacts,2026-01-10 09:03:00.850000+00:00,2026-01-10 09:07:11.555000+00:00,1.5462239291518929,0.0003184151419176056,243.463423733946,0.04048042532580122,0.8495212179382727,0.8661096954676234,230.22531838342547,196.57294538209072,0.8523790482519062,0.8571993170104554,0.8484349258649094,2.302253183834255,,571717.0,24346.3423733946,6332175.0,0.8484349258649094,200,8,ResNet,0.5,,False,8,9,Opportunity,0,sktime 0.39.0,100,100,/data/d1/ts_archive/datasets,entropy,5,0,32,/data/d1/ts_archive/results/492412552823949607/b937b6aa38214fe2acefaf12b9cca519/artifacts,64,0.01,1234,XRF,0.001,16133,2,113,NVIDIA GeForce RTX 4090,11277,20,0.1,main.py,ANON1,conda,PROJECT,2ba81db4ea05c65817b596ef2f113e084de3fbd8,file:///home/ANON1/repos/TS_Archive-1#ts_archive_experiments,https://github.com/ANON2/TS_Archive.git,local,powerful-newt-443
4390b1c03a7b4fd2bc6e81ac234f21c8,492412552823949607,FINISHED,/data/d1/ts_archive/results/492412552823949607/4390b1c03a7b4fd2bc6e81ac234f21c8/artifacts,2026-01-10 08:58:37.929000+00:00,2026-01-10 09:02:59.144000+00:00,1.4256696235388515,0.00031128157719188896,254.35076904548282,0.040598460940331246,0.8401938304607214,0.8696073052712402,240.95630991086364,185.9409511067171,0.8434282642946642,0.8731207092283366,0.8390829694323144,2.4095630991086363,,571717.0,25435.07690454828,6337669.0,0.8390829694323144,200,8,ResNet,0.5,,False,8,9,Opportunity,0,sktime 0.39.0,100,100,/data/d1/ts_archive/datasets,entropy,5,0,32,/data/d1/ts_archive/results/492412552823949607/4390b1c03a7b4fd2bc6e81ac234f21c8/artifacts,64,0.01,1234,XRF,0.001,16105,1,113,NVIDIA GeForce RTX 4090,11525,20,0.1,main.py,ANON1,conda,PROJECT,2ba81db4ea05c65817b596ef2f113e084de3fbd8,file:///home/ANON1/repos/TS_Archive-1#ts_archive_experiments,https://github.com/ANON2/TS_Archive.git,local,popular-turtle-10
cf06f414adc84de6a1a8cc02b9f95b23,492412552823949607,FINISHED,/data/d1/ts_archive/results/492412552823949607/cf06f414adc84de6a1a8cc02b9f95b23/artifacts,2026-01-10 08:54:31.006000+00:00,2026-01-10 08:58:36.202000+00:00,1.4259993359446526,0.00027412520875521966,238.2322282207416,0.03766508687728646,0.827248591381773,0.8546955266895667,224.9840748850256,195.93378193564416,0.8300060232833713,0.8517662900896503,0.8277585544021531,2.249840748850256,,571717.0,23823.22282207416,6323203.0,0.8277585544021531,200,8,ResNet,0.5,,False,8,9,Opportunity,0,sktime 0.39.0,100,100,/data/d1/ts_archive/datasets,entropy,5,0,32,/data/d1/ts_archive/results/492412552823949607/cf06f414adc84de6a1a8cc02b9f95b23/artifacts,64,0.01,1234,XRF,0.001,16167,0,113,NVIDIA GeForce RTX 4090,10965,20,0.1,main.py,ANON1,conda,PROJECT,2ba81db4ea05c65817b596ef2f113e084de3fbd8,file:///home/ANON1/repos/TS_Archive-1#ts_archive_experiments,https://github.com/ANON2/TS_Archive.git,local,awesome-ant-705
ea858fc51c814b7f9150f6ac85b7ffbb,492412552823949607,FINISHED,/data/d1/ts_archive/results/492412552823949607/ea858fc51c814b7f9150f6ac85b7ffbb/artifacts,2026-01-10 08:53:16.306000+00:00,2026-01-10 08:54:28.386000+00:00,1.6257329247891903,0.00033478849357273274,65.56465811135519,0.054943296476214286,0.2585845625915775,0.12027649769585254,50.63613142631948,266.8046476884966,0.4299835255354201,0.2,0.4299835255354201,0.5063613142631948,,6154005.0,6556.465811135519,45992529.0,0.4299835255354201,200,8,MLP,0.5,,False,8,9,Opportunity,0,sktime 0.39.0,100,100,/data/d1/ts_archive/datasets,entropy,5,0,32,/data/d1/ts_archive/results/492412552823949607/ea858fc51c814b7f9150f6ac85b7ffbb/artifacts,64,0.01,1234,XRF,0.001,16133,2,113,NVIDIA GeForce RTX 4090,11277,20,0.1,main.py,ANON1,conda,PROJECT,2ba81db4ea05c65817b596ef2f113e084de3fbd8,file:///home/ANON1/repos/TS_Archive-1#ts_archive_experiments,https://github.com/ANON2/TS_Archive.git,local,delicate-conch-547
525a6802a96c4c75b6cc02cb872a06ef,492412552823949607,FINISHED,/data/d1/ts_archive/results/492412552823949607/525a6802a96c4c75b6cc02cb872a06ef/artifacts,2026-01-10 08:51:58.505000+00:00,2026-01-10 08:53:14.652000+00:00,1.3534409068524835,0.00029551111503329337,69.53924627514361,0.04861444930321576,0.26276295283736417,0.12107186358099878,55.4162518158555,222.65417780872818,0.434061135371179,0.2,0.434061135371179,0.554162518158555,,6154005.0,6953.9246275143605,45902586.0,0.434061135371179,200,8,MLP,0.5,,False,8,9,Opportunity,0,sktime 0.39.0,100,100,/data/d1/ts_archive/datasets,entropy,5,0,32,/data/d1/ts_archive/results/492412552823949607/525a6802a96c4c75b6cc02cb872a06ef/artifacts,64,0.01,1234,XRF,0.001,16105,1,113,NVIDIA GeForce RTX 4090,11525,20,0.1,main.py,ANON1,conda,PROJECT,2ba81db4ea05c65817b596ef2f113e084de3fbd8,file:///home/ANON1/repos/TS_Archive-1#ts_archive_experiments,https://github.com/ANON2/TS_Archive.git,local,debonair-owl-965
b0755e766b464083aabd2a54b589f30f,492412552823949607,FINISHED,/data/d1/ts_archive/results/492412552823949607/b0755e766b464083aabd2a54b589f30f/artifacts,2026-01-10 08:50:43.999000+00:00,2026-01-10 08:51:56.826000+00:00,1.5576484985649586,0.00029943262179257183,65.77415426043,0.04972401888393558,0.3147086605854521,0.13029163966299417,51.57304955273867,258.6643462342329,0.48308342945021143,0.2,0.48308342945021143,0.5157304955273867,,6154005.0,6577.415426043,45875725.0,0.48308342945021143,200,8,MLP,0.5,,False,8,9,Opportunity,0,sktime 0.39.0,100,100,/data/d1/ts_archive/datasets,entropy,5,0,32,/data/d1/ts_archive/results/492412552823949607/b0755e766b464083aabd2a54b589f30f/artifacts,64,0.01,1234,XRF,0.001,16167,0,113,NVIDIA GeForce RTX 4090,10965,20,0.1,main.py,ANON1,conda,PROJECT,2ba81db4ea05c65817b596ef2f113e084de3fbd8,file:///home/ANON1/repos/TS_Archive-1#ts_archive_experiments,https://github.com/ANON2/TS_Archive.git,local,angry-sow-903
2c96c84b8ba347ddb43960a68eb625ec,492412552823949607,FINISHED,/data/d1/ts_archive/results/492412552823949607/2c96c84b8ba347ddb43960a68eb625ec/artifacts,2026-01-10 08:38:10.499000+00:00,2026-01-10 08:50:41.622000+00:00,7.576008901000023,0.0015601336287067592,936.6209880230592,0.19289696499993408,0.8113575482431676,0.8304000929600068,716.0963854882866,936.7076620396799,0.8133040630291914,0.821797077334678,0.810337726523888,7.1609638548828665,,16590085.0,93662.09880230592,123764912.0,0.810337726523888,200,8,MCDCNN,0.5,,False,8,9,Opportunity,0,sktime 0.39.0,100,100,/data/d1/ts_archive/datasets,entropy,5,0,32,/data/d1/ts_archive/results/492412552823949607/2c96c84b8ba347ddb43960a68eb625ec/artifacts,64,0.01,1234,XRF,0.001,16133,2,113,NVIDIA GeForce RTX 4090,11277,20,0.1,main.py,ANON1,conda,PROJECT,2ba81db4ea05c65817b596ef2f113e084de3fbd8,file:///home/ANON1/repos/TS_Archive-1#ts_archive_experiments,https://github.com/ANON2/TS_Archive.git,local,dapper-doe-596
7bd391a58d9a41c78b0c88c40b0095e3,492412552823949607,FINISHED,/data/d1/ts_archive/results/492412552823949607/7bd391a58d9a41c78b0c88c40b0095e3/artifacts,2026-01-10 08:25:24.413000+00:00,2026-01-10 08:38:08.827000+00:00,7.653452152386308,0.001671059421918408,968.1880159319903,0.20104084845699563,0.8234241007034548,0.8515588738165041,729.7774945609272,920.76708593304,0.8271720879655485,0.8501597441828871,0.8220524017467249,7.297774945609271,,16590085.0,96818.80159319904,124693753.0,0.8220524017467249,200,8,MCDCNN,0.5,,False,8,9,Opportunity,0,sktime 0.39.0,100,100,/data/d1/ts_archive/datasets,entropy,5,0,32,/data/d1/ts_archive/results/492412552823949607/7bd391a58d9a41c78b0c88c40b0095e3/artifacts,64,0.01,1234,XRF,0.001,16105,1,113,NVIDIA GeForce RTX 4090,11525,20,0.1,main.py,ANON1,conda,PROJECT,2ba81db4ea05c65817b596ef2f113e084de3fbd8,file:///home/ANON1/repos/TS_Archive-1#ts_archive_experiments,https://github.com/ANON2/TS_Archive.git,local,peaceful-sponge-663
8cbbf613a6fb470e853d84c668863498,492412552823949607,FINISHED,/data/d1/ts_archive/results/492412552823949607/8cbbf613a6fb470e853d84c668863498/artifacts,2026-01-10 08:12:46.628000+00:00,2026-01-10 08:25:22.737000+00:00,7.810651820152998,0.001501470938130142,956.6458011791568,0.18529894352442905,0.7997965381436984,0.8187763025066834,720.8073226567358,963.9251042140799,0.8068295234252204,0.8134870422734938,0.7995001922337562,7.2080732265673575,,16590085.0,95664.58011791568,127130684.0,0.7995001922337562,200,8,MCDCNN,0.5,,False,8,9,Opportunity,0,sktime 0.39.0,100,100,/data/d1/ts_archive/datasets,entropy,5,0,32,/data/d1/ts_archive/results/492412552823949607/8cbbf613a6fb470e853d84c668863498/artifacts,64,0.01,1234,XRF,0.001,16167,0,113,NVIDIA GeForce RTX 4090,10965,20,0.1,main.py,ANON1,conda,PROJECT,2ba81db4ea05c65817b596ef2f113e084de3fbd8,file:///home/ANON1/repos/TS_Archive-1#ts_archive_experiments,https://github.com/ANON2/TS_Archive.git,local,unruly-sloth-101
78e4eeaec63e403f94b85cfb5137ed3b,492412552823949607,FINISHED,/data/d1/ts_archive/results/492412552823949607/78e4eeaec63e403f94b85cfb5137ed3b/artifacts,2026-01-10 08:08:27.010000+00:00,2026-01-10 08:12:43.987000+00:00,0.857056500390172,0.0001764943369831491,310.82732633375997,0.018866476872404333,0.8413499175673185,0.8720425954879513,238.07060337252915,91.61561169239545,0.8436852993520318,0.872537465038579,0.8404036243822076,2.3807060337252914,,385005.0,31082.732633375996,4242943.0,0.8404036243822076,200,8,LSTMFCN,0.5,,False,8,9,Opportunity,0,sktime 0.39.0,100,100,/data/d1/ts_archive/datasets,entropy,5,0,32,/data/d1/ts_archive/results/492412552823949607/78e4eeaec63e403f94b85cfb5137ed3b/artifacts,64,0.01,1234,XRF,0.001,16133,2,113,NVIDIA GeForce RTX 4090,11277,20,0.1,main.py,ANON1,conda,PROJECT,2ba81db4ea05c65817b596ef2f113e084de3fbd8,file:///home/ANON1/repos/TS_Archive-1#ts_archive_experiments,https://github.com/ANON2/TS_Archive.git,local,powerful-frog-830
faa40dbe7c354ff3a032523d5add6575,492412552823949607,FINISHED,/data/d1/ts_archive/results/492412552823949607/faa40dbe7c354ff3a032523d5add6575/artifacts,2026-01-10 08:03:49.117000+00:00,2026-01-10 08:08:25.278000+00:00,0.7228790614753962,0.0001578338562173354,327.923040210534,0.017321614300483172,0.827276602111798,0.8565506374601857,256.5732596553862,79.33299349621292,0.8293275746801897,0.8562984577671753,0.8264192139737991,2.565732596553862,,385005.0,32792.3040210534,4245606.0,0.8264192139737991,200,8,LSTMFCN,0.5,,False,8,9,Opportunity,0,sktime 0.39.0,100,100,/data/d1/ts_archive/datasets,entropy,5,0,32,/data/d1/ts_archive/results/492412552823949607/faa40dbe7c354ff3a032523d5add6575/artifacts,64,0.01,1234,XRF,0.001,16105,1,113,NVIDIA GeForce RTX 4090,11525,20,0.1,main.py,ANON1,conda,PROJECT,2ba81db4ea05c65817b596ef2f113e084de3fbd8,file:///home/ANON1/repos/TS_Archive-1#ts_archive_experiments,https://github.com/ANON2/TS_Archive.git,local,serious-dog-933
64400a344cdd47e0ad95dbabe2a1d3bf,492412552823949607,FINISHED,/data/d1/ts_archive/results/492412552823949607/64400a344cdd47e0ad95dbabe2a1d3bf/artifacts,2026-01-10 07:59:22.636000+00:00,2026-01-10 08:03:47.282000+00:00,0.6862090155482292,0.00013191253662980185,312.5121707331036,0.016096020530674472,0.8063369134438935,0.8289714256272257,245.80477797426283,83.7314988005686,0.8115633889344381,0.8213851148065444,0.8073817762399077,2.4580477797426283,,385005.0,31251.21707331036,4245728.0,0.8073817762399077,200,8,LSTMFCN,0.5,,False,8,9,Opportunity,0,sktime 0.39.0,100,100,/data/d1/ts_archive/datasets,entropy,5,0,32,/data/d1/ts_archive/results/492412552823949607/64400a344cdd47e0ad95dbabe2a1d3bf/artifacts,64,0.01,1234,XRF,0.001,16167,0,113,NVIDIA GeForce RTX 4090,10965,20,0.1,main.py,ANON1,conda,PROJECT,2ba81db4ea05c65817b596ef2f113e084de3fbd8,file:///home/ANON1/repos/TS_Archive-1#ts_archive_experiments,https://github.com/ANON2/TS_Archive.git,local,exultant-calf-448
42be4e5faefc45a29e03d9ad4007e910,492412552823949607,FINISHED,/data/d1/ts_archive/results/492412552823949607/42be4e5faefc45a29e03d9ad4007e910/artifacts,2026-01-10 07:53:26.543000+00:00,2026-01-10 07:59:20.216000+00:00,1.6043724920600653,0.0003303897224176411,341.1259839939924,0.04312246514451259,0.8079491847205343,0.838170820288652,333.75276932120323,209.40269074175313,0.8104664945221092,0.8453813882447629,0.8072487644151565,3.3375276932120324,,513861.0,34112.59839939924,5717814.0,0.8072487644151565,200,8,InceptionTime,0.5,,False,8,9,Opportunity,0,sktime 0.39.0,100,100,/data/d1/ts_archive/datasets,entropy,5,0,32,/data/d1/ts_archive/results/492412552823949607/42be4e5faefc45a29e03d9ad4007e910/artifacts,64,0.01,1234,XRF,0.001,16133,2,113,NVIDIA GeForce RTX 4090,11277,20,0.1,main.py,ANON1,conda,PROJECT,2ba81db4ea05c65817b596ef2f113e084de3fbd8,file:///home/ANON1/repos/TS_Archive-1#ts_archive_experiments,https://github.com/ANON2/TS_Archive.git,local,luminous-sheep-694
fbeade4d09034aeea00855985df088ce,492412552823949607,FINISHED,/data/d1/ts_archive/results/492412552823949607/fbeade4d09034aeea00855985df088ce/artifacts,2026-01-10 07:47:26.528000+00:00,2026-01-10 07:53:25+00:00,1.7389204800128937,0.0003796769607015052,346.62892116656883,0.045432837270754076,0.835297286556391,0.8584641941682853,338.80816398374736,208.08239470005367,0.8378060678901577,0.856175528220694,0.835589519650655,3.388081639837474,,513861.0,34662.89211665688,5715790.0,0.835589519650655,200,8,InceptionTime,0.5,,False,8,9,Opportunity,0,sktime 0.39.0,100,100,/data/d1/ts_archive/datasets,entropy,5,0,32,/data/d1/ts_archive/results/492412552823949607/fbeade4d09034aeea00855985df088ce/artifacts,64,0.01,1234,XRF,0.001,16105,1,113,NVIDIA GeForce RTX 4090,11525,20,0.1,main.py,ANON1,conda,PROJECT,2ba81db4ea05c65817b596ef2f113e084de3fbd8,file:///home/ANON1/repos/TS_Archive-1#ts_archive_experiments,https://github.com/ANON2/TS_Archive.git,local,unruly-calf-229
1921ae49f790488296cc5cf77d128dd2,492412552823949607,FINISHED,/data/d1/ts_archive/results/492412552823949607/1921ae49f790488296cc5cf77d128dd2/artifacts,2026-01-10 07:41:35.665000+00:00,2026-01-10 07:47:24.672000+00:00,1.7813549898564816,0.0003424365609105116,335.56054683652917,0.04240138487382256,0.7383946074610033,0.7604014271227839,329.3694298993796,220.57200411362498,0.7871332149051533,0.7659501261222046,0.7412533640907343,3.2936942989937963,,513861.0,33556.05468365292,5718575.0,0.7412533640907343,200,8,InceptionTime,0.5,,False,8,9,Opportunity,0,sktime 0.39.0,100,100,/data/d1/ts_archive/datasets,entropy,5,0,32,/data/d1/ts_archive/results/492412552823949607/1921ae49f790488296cc5cf77d128dd2/artifacts,64,0.01,1234,XRF,0.001,16167,0,113,NVIDIA GeForce RTX 4090,10965,20,0.1,main.py,ANON1,conda,PROJECT,2ba81db4ea05c65817b596ef2f113e084de3fbd8,file:///home/ANON1/repos/TS_Archive-1#ts_archive_experiments,https://github.com/ANON2/TS_Archive.git,local,resilient-crab-782
331a8e407a0f46bea9dbd6d436ce9add,492412552823949607,FINISHED,/data/d1/ts_archive/results/492412552823949607/331a8e407a0f46bea9dbd6d436ce9add/artifacts,2026-01-10 07:40:03.943000+00:00,2026-01-10 07:41:33.071000+00:00,0.8826157804578543,0.00018175778016018415,100.40167717231321,0.024974264912771188,0.8499932441352027,0.8724382339623344,70.08765768073499,121.2750304164169,0.8511831247680558,0.8688228227146432,0.8496705107084019,0.7008765768073499,,381061.0,10040.167717231321,4203496.0,0.8496705107084019,200,8,FCN,0.5,,False,8,9,Opportunity,0,sktime 0.39.0,100,100,/data/d1/ts_archive/datasets,entropy,5,0,32,/data/d1/ts_archive/results/492412552823949607/331a8e407a0f46bea9dbd6d436ce9add/artifacts,64,0.01,1234,XRF,0.001,16133,2,113,NVIDIA GeForce RTX 4090,11277,20,0.1,main.py,ANON1,conda,PROJECT,2ba81db4ea05c65817b596ef2f113e084de3fbd8,file:///home/ANON1/repos/TS_Archive-1#ts_archive_experiments,https://github.com/ANON2/TS_Archive.git,local,wise-foal-915
c6e391842ccc4651aa906f0569a99e0c,492412552823949607,FINISHED,/data/d1/ts_archive/results/492412552823949607/c6e391842ccc4651aa906f0569a99e0c/artifacts,2026-01-10 07:38:16.114000+00:00,2026-01-10 07:40:02.276000+00:00,0.8300634417682886,0.0001812365593380543,100.1157884718696,0.022425129719540072,0.8487277159433798,0.869174896352505,87.24001211114228,102.70709411549353,0.8500329914111046,0.8660380313575036,0.8480349344978166,0.8724001211114227,,381061.0,10011.57884718696,4203502.0,0.8480349344978166,200,8,FCN,0.5,,False,8,9,Opportunity,0,sktime 0.39.0,100,100,/data/d1/ts_archive/datasets,entropy,5,0,32,/data/d1/ts_archive/results/492412552823949607/c6e391842ccc4651aa906f0569a99e0c/artifacts,64,0.01,1234,XRF,0.001,16105,1,113,NVIDIA GeForce RTX 4090,11525,20,0.1,main.py,ANON1,conda,PROJECT,2ba81db4ea05c65817b596ef2f113e084de3fbd8,file:///home/ANON1/repos/TS_Archive-1#ts_archive_experiments,https://github.com/ANON2/TS_Archive.git,local,rumbling-jay-727
09df563fe6764befb017af725a83c120,492412552823949607,FINISHED,/data/d1/ts_archive/results/492412552823949607/09df563fe6764befb017af725a83c120/artifacts,2026-01-10 07:36:29.162000+00:00,2026-01-10 07:38:14.667000+00:00,0.8662500567734241,0.00016652250226324955,100.0540687315824,0.024329375040853224,0.819819675626608,0.8487085640427349,85.67345014773309,126.56140896251847,0.8244017376225451,0.838129842116268,0.8206459054209919,0.8567345014773309,,381061.0,10005.406873158241,4201306.0,0.8206459054209919,200,8,FCN,0.5,,False,8,9,Opportunity,0,sktime 0.39.0,100,100,/data/d1/ts_archive/datasets,entropy,5,0,32,/data/d1/ts_archive/results/492412552823949607/09df563fe6764befb017af725a83c120/artifacts,64,0.01,1234,XRF,0.001,16167,0,113,NVIDIA GeForce RTX 4090,10965,20,0.1,main.py,ANON1,conda,PROJECT,2ba81db4ea05c65817b596ef2f113e084de3fbd8,file:///home/ANON1/repos/TS_Archive-1#ts_archive_experiments,https://github.com/ANON2/TS_Archive.git,local,gregarious-asp-623
cf43f91c1278454a9234bdcc11457bf9,492412552823949607,FINISHED,/data/d1/ts_archive/results/492412552823949607/cf43f91c1278454a9234bdcc11457bf9/artifacts,2026-01-10 07:24:53.664000+00:00,2026-01-10 07:36:26.589000+00:00,0.6154138166457415,0.00012673266405390063,3078.057115631394,0.04441099854645424,0.8506948136943316,0.8714224714348873,681.0575416218489,215.65980894158182,0.854116657947891,0.8636038913099501,0.8509060955518946,6.810575416218489,0.4859169751798498,486941.0,307805.7115631394,5969465.0,0.8509060955518946,200,8,ConvTran,0.5,,False,8,9,Opportunity,0,PyTorch 2.9.0+cu128,100,100,/data/d1/ts_archive/datasets,entropy,5,0,32,/data/d1/ts_archive/results/492412552823949607/cf43f91c1278454a9234bdcc11457bf9/artifacts,64,0.01,1234,XRF,0.001,16133,2,113,NVIDIA GeForce RTX 4090,11277,20,0.1,main.py,ANON1,conda,PROJECT,2ba81db4ea05c65817b596ef2f113e084de3fbd8,file:///home/ANON1/repos/TS_Archive-1#ts_archive_experiments,https://github.com/ANON2/TS_Archive.git,local,treasured-whale-337
3c6fede744c942c6974fca349202b995,492412552823949607,FINISHED,/data/d1/ts_archive/results/492412552823949607/3c6fede744c942c6974fca349202b995/artifacts,2026-01-10 07:13:03.151000+00:00,2026-01-10 07:24:52.064000+00:00,0.56163439899683,0.00012262759803424234,3145.1344862259925,0.045737274631945504,0.8730126561879665,0.8909628240170007,696.8977912198752,209.4767178143104,0.8748237553917422,0.8905115872782361,0.872707423580786,6.968977912198752,0.3899740657171308,486941.0,314513.44862259924,5969465.0,0.872707423580786,200,8,ConvTran,0.5,,False,8,9,Opportunity,0,PyTorch 2.9.0+cu128,100,100,/data/d1/ts_archive/datasets,entropy,5,0,32,/data/d1/ts_archive/results/492412552823949607/3c6fede744c942c6974fca349202b995/artifacts,64,0.01,1234,XRF,0.001,16105,1,113,NVIDIA GeForce RTX 4090,11525,20,0.1,main.py,ANON1,conda,PROJECT,2ba81db4ea05c65817b596ef2f113e084de3fbd8,file:///home/ANON1/repos/TS_Archive-1#ts_archive_experiments,https://github.com/ANON2/TS_Archive.git,local,fortunate-boar-302
1872d5b56c2e4795987e0bf3ce0cea72,492412552823949607,FINISHED,/data/d1/ts_archive/results/492412552823949607/1872d5b56c2e4795987e0bf3ce0cea72/artifacts,2026-01-10 07:01:47.637000+00:00,2026-01-10 07:13:01.425000+00:00,0.6322864331305027,0.00012154679606507164,2977.558786880881,0.042680984417894766,0.8303355091317011,0.8557331176765446,661.8587437868118,222.02648094188856,0.8436249220891783,0.8401969717591884,0.8348712033833141,6.618587437868118,0.5912782248512042,486941.0,297755.8786880881,5969465.0,0.8348712033833141,200,8,ConvTran,0.5,,False,8,9,Opportunity,0,PyTorch 2.9.0+cu128,100,100,/data/d1/ts_archive/datasets,entropy,5,0,32,/data/d1/ts_archive/results/492412552823949607/1872d5b56c2e4795987e0bf3ce0cea72/artifacts,64,0.01,1234,XRF,0.001,16167,0,113,NVIDIA GeForce RTX 4090,10965,20,0.1,main.py,ANON1,conda,PROJECT,2ba81db4ea05c65817b596ef2f113e084de3fbd8,file:///home/ANON1/repos/TS_Archive-1#ts_archive_experiments,https://github.com/ANON2/TS_Archive.git,local,respected-mole-170
55e1e65bde4c4f009aa033524e05c81a,492412552823949607,FINISHED,/data/d1/ts_archive/results/492412552823949607/55e1e65bde4c4f009aa033524e05c81a/artifacts,2026-01-10 07:00:13.131000+00:00,2026-01-10 07:01:44.938000+00:00,0.1245049554854631,2.5639405989592896e-05,201.13850873306876,0.005147979102222808,0.8374739548416829,0.858774402984408,80.22890339978039,24.998586520393953,0.840921682028952,0.8568328660904839,0.8371087314662273,0.8022890339978039,0.5590583020713813,48389.0,20113.850873306877,588725.0,0.8371087314662273,200,8,SFCN,0.5,,False,8,9,Opportunity,0,PyTorch 2.9.0+cu128,100,100,/data/d1/ts_archive/datasets,entropy,5,0,32,/data/d1/ts_archive/results/492412552823949607/55e1e65bde4c4f009aa033524e05c81a/artifacts,64,0.01,1234,XRF,0.001,16133,2,113,NVIDIA GeForce RTX 4090,11277,20,0.1,main.py,ANON1,conda,PROJECT,2ba81db4ea05c65817b596ef2f113e084de3fbd8,file:///home/ANON1/repos/TS_Archive-1#ts_archive_experiments,https://github.com/ANON2/TS_Archive.git,local,beautiful-squid-418
2ca018ffe34a43149435971302c12d63,492412552823949607,FINISHED,/data/d1/ts_archive/results/492412552823949607/2ca018ffe34a43149435971302c12d63/artifacts,2026-01-10 06:58:36.799000+00:00,2026-01-10 07:00:11.199000+00:00,0.1196614950895309,2.612696399334736e-05,208.5142098172716,0.005986957305367794,0.8527102158425907,0.8752873494903414,82.85896289162338,27.420264458584494,0.8586538593954914,0.8626091123023467,0.8524017467248908,0.8285896289162338,0.5672088594936388,48389.0,20851.42098172716,588725.0,0.8524017467248908,200,8,SFCN,0.5,,False,8,9,Opportunity,0,PyTorch 2.9.0+cu128,100,100,/data/d1/ts_archive/datasets,entropy,5,0,32,/data/d1/ts_archive/results/492412552823949607/2ca018ffe34a43149435971302c12d63/artifacts,64,0.01,1234,XRF,0.001,16105,1,113,NVIDIA GeForce RTX 4090,11525,20,0.1,main.py,ANON1,conda,PROJECT,2ba81db4ea05c65817b596ef2f113e084de3fbd8,file:///home/ANON1/repos/TS_Archive-1#ts_archive_experiments,https://github.com/ANON2/TS_Archive.git,local,marvelous-sow-297
2e1ca68048214ea8a20e5114a4335ffa,492412552823949607,FINISHED,/data/d1/ts_archive/results/492412552823949607/2e1ca68048214ea8a20e5114a4335ffa/artifacts,2026-01-10 06:57:05.548000+00:00,2026-01-10 06:58:35.018000+00:00,0.1444396637380123,2.7766179111497946e-05,196.94061006346442,0.006651098376568355,0.7936619130950329,0.8151658138539281,78.21669110096991,34.59901375490858,0.8034997140097132,0.7929415259572613,0.792964244521338,0.7821669110096992,0.6246485445234511,48389.0,19694.06100634644,588725.0,0.792964244521338,200,8,SFCN,0.5,,False,8,9,Opportunity,0,PyTorch 2.9.0+cu128,100,100,/data/d1/ts_archive/datasets,entropy,5,0,32,/data/d1/ts_archive/results/492412552823949607/2e1ca68048214ea8a20e5114a4335ffa/artifacts,64,0.01,1234,XRF,0.001,16167,0,113,NVIDIA GeForce RTX 4090,10965,20,0.1,main.py,ANON1,conda,PROJECT,2ba81db4ea05c65817b596ef2f113e084de3fbd8,file:///home/ANON1/repos/TS_Archive-1#ts_archive_experiments,https://github.com/ANON2/TS_Archive.git,local,efficient-snail-763
d20634f71cfa4dfebeb7822bf2aeda4c,492412552823949607,FINISHED,/data/d1/ts_archive/results/492412552823949607/d20634f71cfa4dfebeb7822bf2aeda4c/artifacts,2026-01-10 06:31:49.676000+00:00,2026-01-10 06:57:03.050000+00:00,2.0500955786556005,0.0003416825964426001,4669.917938278282,0.08375006334138001,0.8147099981808975,0.7482263750202806,1492.3812492210418,502.50038004828,0.8212366097011932,0.7615348572446454,0.8103333333333333,14.923812492210418,,506818.0,466991.79382782825,5664247.0,0.8103333333333333,200,8,ResNet,0.5,,False,8,9,CornellWhaleChallenge,0,sktime 0.39.0,4000,100,/data/d1/ts_archive/datasets,entropy,2,0,32,/data/d1/ts_archive/results/492412552823949607/d20634f71cfa4dfebeb7822bf2aeda4c/artifacts,64,0.01,1234,XRF,0.001,27600,2,1,NVIDIA GeForce RTX 4090,21600,20,0.1,main.py,ANON1,conda,PROJECT,2ba81db4ea05c65817b596ef2f113e084de3fbd8,file:///home/ANON1/repos/TS_Archive-1#ts_archive_experiments,https://github.com/ANON2/TS_Archive.git,local,spiffy-robin-561
2cb5e4d8c4c94431a1ee2d214676361d,492412552823949607,FINISHED,/data/d1/ts_archive/results/492412552823949607/2cb5e4d8c4c94431a1ee2d214676361d/artifacts,2026-01-10 06:06:36.357000+00:00,2026-01-10 06:31:47.944000+00:00,2.0624502077698708,0.00034374170129497847,4672.954947249288,0.08053747108619999,0.8169940122938454,0.7546969982484732,1490.7069947514683,483.2248265172,0.8283327485545628,0.7760818466614261,0.8106666666666666,14.907069947514684,,506818.0,467295.4947249288,5667564.0,0.8106666666666666,200,8,ResNet,0.5,,False,8,9,CornellWhaleChallenge,0,sktime 0.39.0,4000,100,/data/d1/ts_archive/datasets,entropy,2,0,32,/data/d1/ts_archive/results/492412552823949607/2cb5e4d8c4c94431a1ee2d214676361d/artifacts,64,0.01,1234,XRF,0.001,27600,1,1,NVIDIA GeForce RTX 4090,21600,20,0.1,main.py,ANON1,conda,PROJECT,2ba81db4ea05c65817b596ef2f113e084de3fbd8,file:///home/ANON1/repos/TS_Archive-1#ts_archive_experiments,https://github.com/ANON2/TS_Archive.git,local,kindly-crab-361
7fb02fa4aec24dfbb93386e763f6e904,492412552823949607,FINISHED,/data/d1/ts_archive/results/492412552823949607/7fb02fa4aec24dfbb93386e763f6e904/artifacts,2026-01-10 05:40:56.075000+00:00,2026-01-10 06:06:34.608000+00:00,2.0600674245506525,0.00034334457075844207,4864.794940810757,0.08564595410886,0.815831376963268,0.7481428896204312,1518.4055139310658,513.87572465316,0.8203843616617976,0.7580082791522582,0.8125,15.184055139310658,,506818.0,486479.4940810757,5679655.0,0.8125,200,8,ResNet,0.5,,False,8,9,CornellWhaleChallenge,0,sktime 0.39.0,4000,100,/data/d1/ts_archive/datasets,entropy,2,0,32,/data/d1/ts_archive/results/492412552823949607/7fb02fa4aec24dfbb93386e763f6e904/artifacts,64,0.01,1234,XRF,0.001,27600,0,1,NVIDIA GeForce RTX 4090,21600,20,0.1,main.py,ANON1,conda,PROJECT,2ba81db4ea05c65817b596ef2f113e084de3fbd8,file:///home/ANON1/repos/TS_Archive-1#ts_archive_experiments,https://github.com/ANON2/TS_Archive.git,local,upset-kit-672
343665c12e4b45d18c6da4f7ec52fecb,492412552823949607,FINISHED,/data/d1/ts_archive/results/492412552823949607/343665c12e4b45d18c6da4f7ec52fecb/artifacts,2026-01-10 05:39:34.959000+00:00,2026-01-10 05:40:53.341000+00:00,1.259036771953106,0.00020983946199218433,75.99036938172121,0.033858035318573884,0.6642763882334435,0.4336951392166116,57.86153092049062,203.1482119114433,0.7658333333333334,0.5,0.7658333333333334,0.5786153092049062,,2502502.0,7599.03693817212,19450975.0,0.7658333333333334,200,8,MLP,0.5,,False,8,9,CornellWhaleChallenge,0,sktime 0.39.0,4000,100,/data/d1/ts_archive/datasets,entropy,2,0,32,/data/d1/ts_archive/results/492412552823949607/343665c12e4b45d18c6da4f7ec52fecb/artifacts,64,0.01,1234,XRF,0.001,27600,2,1,NVIDIA GeForce RTX 4090,21600,20,0.1,main.py,ANON1,conda,PROJECT,2ba81db4ea05c65817b596ef2f113e084de3fbd8,file:///home/ANON1/repos/TS_Archive-1#ts_archive_experiments,https://github.com/ANON2/TS_Archive.git,local,omniscient-loon-821
8dda1276d19241de8fe8ea9748a07d61,492412552823949607,FINISHED,/data/d1/ts_archive/results/492412552823949607/8dda1276d19241de8fe8ea9748a07d61/artifacts,2026-01-10 05:38:17.234000+00:00,2026-01-10 05:39:33.429000+00:00,1.2740146219730375,0.00021233577032883958,74.81919767284799,0.03437754589000436,0.6642763882334435,0.4336951392166116,56.410130470991135,206.26527534002616,0.7658333333333334,0.5,0.7658333333333334,0.5641013047099114,,2502502.0,7481.9197672847995,22463815.0,0.7658333333333334,200,8,MLP,0.5,,False,8,9,CornellWhaleChallenge,0,sktime 0.39.0,4000,100,/data/d1/ts_archive/datasets,entropy,2,0,32,/data/d1/ts_archive/results/492412552823949607/8dda1276d19241de8fe8ea9748a07d61/artifacts,64,0.01,1234,XRF,0.001,27600,1,1,NVIDIA GeForce RTX 4090,21600,20,0.1,main.py,ANON1,conda,PROJECT,2ba81db4ea05c65817b596ef2f113e084de3fbd8,file:///home/ANON1/repos/TS_Archive-1#ts_archive_experiments,https://github.com/ANON2/TS_Archive.git,local,sassy-carp-364
25f6683f4df44877919bb3752630465b,492412552823949607,FINISHED,/data/d1/ts_archive/results/492412552823949607/25f6683f4df44877919bb3752630465b/artifacts,2026-01-10 05:36:59.511000+00:00,2026-01-10 05:38:15.436000+00:00,1.3185734394937754,0.00021976223991562922,74.56982185227241,0.03536827401125839,0.6642763882334435,0.4336951392166116,56.27737623825669,212.20964406755033,0.7658333333333334,0.5,0.7658333333333334,0.5627737623825669,,2502502.0,7456.982185227241,19289660.0,0.7658333333333334,200,8,MLP,0.5,,False,8,9,CornellWhaleChallenge,0,sktime 0.39.0,4000,100,/data/d1/ts_archive/datasets,entropy,2,0,32,/data/d1/ts_archive/results/492412552823949607/25f6683f4df44877919bb3752630465b/artifacts,64,0.01,1234,XRF,0.001,27600,0,1,NVIDIA GeForce RTX 4090,21600,20,0.1,main.py,ANON1,conda,PROJECT,2ba81db4ea05c65817b596ef2f113e084de3fbd8,file:///home/ANON1/repos/TS_Archive-1#ts_archive_experiments,https://github.com/ANON2/TS_Archive.git,local,puzzled-elk-18
97b6d0374b80441593c3406fd225ed7a,492412552823949607,FAILED,/data/d1/ts_archive/results/492412552823949607/97b6d0374b80441593c3406fd225ed7a/artifacts,2026-01-10 05:30:28.486000+00:00,2026-01-10 05:36:57.197000+00:00,,,,,,,,,,,,,,,,,,200,8,MCDCNN,0.5,,False,8,9,CornellWhaleChallenge,0,sktime 0.39.0,4000,100,/data/d1/ts_archive/datasets,entropy,2,0,32,/data/d1/ts_archive/results/492412552823949607/97b6d0374b80441593c3406fd225ed7a/artifacts,64,0.01,1234,XRF,0.001,27600,2,1,NVIDIA GeForce RTX 4090,21600,20,0.1,main.py,ANON1,conda,PROJECT,2ba81db4ea05c65817b596ef2f113e084de3fbd8,file:///home/ANON1/repos/TS_Archive-1#ts_archive_experiments,https://github.com/ANON2/TS_Archive.git,local,bedecked-dog-411
009ad765948943a5a07f0560cff0b260,492412552823949607,FAILED,/data/d1/ts_archive/results/492412552823949607/009ad765948943a5a07f0560cff0b260/artifacts,2026-01-10 05:23:58.601000+00:00,2026-01-10 05:30:26.839000+00:00,,,,,,,,,,,,,,,,,,200,8,MCDCNN,0.5,,False,8,9,CornellWhaleChallenge,0,sktime 0.39.0,4000,100,/data/d1/ts_archive/datasets,entropy,2,0,32,/data/d1/ts_archive/results/492412552823949607/009ad765948943a5a07f0560cff0b260/artifacts,64,0.01,1234,XRF,0.001,27600,1,1,NVIDIA GeForce RTX 4090,21600,20,0.1,main.py,ANON1,conda,PROJECT,2ba81db4ea05c65817b596ef2f113e084de3fbd8,file:///home/ANON1/repos/TS_Archive-1#ts_archive_experiments,https://github.com/ANON2/TS_Archive.git,local,abrasive-skink-263
0788826efdb94426aa1d2bf55a3c95a3,492412552823949607,FAILED,/data/d1/ts_archive/results/492412552823949607/0788826efdb94426aa1d2bf55a3c95a3/artifacts,2026-01-10 05:17:29.216000+00:00,2026-01-10 05:23:56.989000+00:00,,,,,,,,,,,,,,,,,,200,8,MCDCNN,0.5,,False,8,9,CornellWhaleChallenge,0,sktime 0.39.0,4000,100,/data/d1/ts_archive/datasets,entropy,2,0,32,/data/d1/ts_archive/results/492412552823949607/0788826efdb94426aa1d2bf55a3c95a3/artifacts,64,0.01,1234,XRF,0.001,27600,0,1,NVIDIA GeForce RTX 4090,21600,20,0.1,main.py,ANON1,conda,PROJECT,2ba81db4ea05c65817b596ef2f113e084de3fbd8,file:///home/ANON1/repos/TS_Archive-1#ts_archive_experiments,https://github.com/ANON2/TS_Archive.git,local,auspicious-calf-978
becad029a20a4f7fbaeef278d80ce764,492412552823949607,FINISHED,/data/d1/ts_archive/results/492412552823949607/becad029a20a4f7fbaeef278d80ce764/artifacts,2026-01-10 03:55:53.832000+00:00,2026-01-10 05:17:26.576000+00:00,5.7895248234272,0.0009649208039045334,8896.682815720938,0.15432601806959997,0.8363541080645196,0.758818959036705,4868.6805407051,925.9561084175999,0.8387160059018954,0.7326035184460906,0.847,48.686805407051,,266322.0,889668.2815720938,2972740.0,0.847,200,8,LSTMFCN,0.5,,False,8,9,CornellWhaleChallenge,0,sktime 0.39.0,4000,100,/data/d1/ts_archive/datasets,entropy,2,0,32,/data/d1/ts_archive/results/492412552823949607/becad029a20a4f7fbaeef278d80ce764/artifacts,64,0.01,1234,XRF,0.001,27600,2,1,NVIDIA GeForce RTX 4090,21600,20,0.1,main.py,ANON1,conda,PROJECT,2ba81db4ea05c65817b596ef2f113e084de3fbd8,file:///home/ANON1/repos/TS_Archive-1#ts_archive_experiments,https://github.com/ANON2/TS_Archive.git,local,efficient-loon-684
0984e11c705a413ea34e7f6f9e8dfa03,492412552823949607,FINISHED,/data/d1/ts_archive/results/492412552823949607/0984e11c705a413ea34e7f6f9e8dfa03/artifacts,2026-01-10 02:34:03.944000+00:00,2026-01-10 03:55:52.106000+00:00,5.763038240373135,0.0009605063733955225,8912.680918072665,0.15507059833914,0.8529845715964471,0.7957333348310325,4884.388141125441,930.42359003484,0.8535103470584783,0.7977118096027324,0.8525,48.84388141125441,,266322.0,891268.0918072665,2973035.0,0.8525,200,8,LSTMFCN,0.5,,False,8,9,CornellWhaleChallenge,0,sktime 0.39.0,4000,100,/data/d1/ts_archive/datasets,entropy,2,0,32,/data/d1/ts_archive/results/492412552823949607/0984e11c705a413ea34e7f6f9e8dfa03/artifacts,64,0.01,1234,XRF,0.001,27600,1,1,NVIDIA GeForce RTX 4090,21600,20,0.1,main.py,ANON1,conda,PROJECT,2ba81db4ea05c65817b596ef2f113e084de3fbd8,file:///home/ANON1/repos/TS_Archive-1#ts_archive_experiments,https://github.com/ANON2/TS_Archive.git,local,funny-fawn-506
4056e56b02e24dffb37ff5f746fcc79c,492412552823949607,FINISHED,/data/d1/ts_archive/results/492412552823949607/4056e56b02e24dffb37ff5f746fcc79c/artifacts,2026-01-10 01:11:59.177000+00:00,2026-01-10 02:34:02.301000+00:00,5.779535140842199,0.0009632558568070332,8930.971600023646,0.15622389593784,0.7472437946512438,0.5968461197533363,4899.119487369433,937.34337562704,0.7834415314575599,0.588683351468988,0.7953333333333333,48.99119487369433,,266322.0,893097.1600023647,2981001.0,0.7953333333333333,200,8,LSTMFCN,0.5,,False,8,9,CornellWhaleChallenge,0,sktime 0.39.0,4000,100,/data/d1/ts_archive/datasets,entropy,2,0,32,/data/d1/ts_archive/results/492412552823949607/4056e56b02e24dffb37ff5f746fcc79c/artifacts,64,0.01,1234,XRF,0.001,27600,0,1,NVIDIA GeForce RTX 4090,21600,20,0.1,main.py,ANON1,conda,PROJECT,2ba81db4ea05c65817b596ef2f113e084de3fbd8,file:///home/ANON1/repos/TS_Archive-1#ts_archive_experiments,https://github.com/ANON2/TS_Archive.git,local,kindly-shrimp-647
5a2dc0de7e3b49308d60d056d631b8c1,492412552823949607,FINISHED,/data/d1/ts_archive/results/492412552823949607/5a2dc0de7e3b49308d60d056d631b8c1/artifacts,2026-01-10 00:20:17.843000+00:00,2026-01-10 01:11:56.719000+00:00,2.677590670064092,0.0004462651116773487,8000.165089962803,0.09394196813568001,0.8319570803692898,0.7500537070977042,3077.8997586723417,563.65180881408,0.8370133062698817,0.7211683750324311,0.845,30.778997586723417,,422498.0,800016.5089962803,4707343.0,0.845,200,8,InceptionTime,0.5,,False,8,9,CornellWhaleChallenge,0,sktime 0.39.0,4000,100,/data/d1/ts_archive/datasets,entropy,2,0,32,/data/d1/ts_archive/results/492412552823949607/5a2dc0de7e3b49308d60d056d631b8c1/artifacts,64,0.01,1234,XRF,0.001,27600,2,1,NVIDIA GeForce RTX 4090,21600,20,0.1,main.py,ANON1,conda,PROJECT,2ba81db4ea05c65817b596ef2f113e084de3fbd8,file:///home/ANON1/repos/TS_Archive-1#ts_archive_experiments,https://github.com/ANON2/TS_Archive.git,local,peaceful-zebra-532
474ae9b1b5c14502a1598b703e75c1da,492412552823949607,FINISHED,/data/d1/ts_archive/results/492412552823949607/474ae9b1b5c14502a1598b703e75c1da/artifacts,2026-01-09 23:28:37.518000+00:00,2026-01-10 00:20:16.151000+00:00,2.593628827482462,0.000432271471247077,7989.206248574189,0.08972065316688001,0.8657988253418747,0.813100553602653,3076.949099106714,538.32391900128,0.8659347395660002,0.8137198486673198,0.8656666666666667,30.76949099106714,,422498.0,798920.6248574189,4704145.0,0.8656666666666667,200,8,InceptionTime,0.5,,False,8,9,CornellWhaleChallenge,0,sktime 0.39.0,4000,100,/data/d1/ts_archive/datasets,entropy,2,0,32,/data/d1/ts_archive/results/492412552823949607/474ae9b1b5c14502a1598b703e75c1da/artifacts,64,0.01,1234,XRF,0.001,27600,1,1,NVIDIA GeForce RTX 4090,21600,20,0.1,main.py,ANON1,conda,PROJECT,2ba81db4ea05c65817b596ef2f113e084de3fbd8,file:///home/ANON1/repos/TS_Archive-1#ts_archive_experiments,https://github.com/ANON2/TS_Archive.git,local,capable-wren-936
bd4de1ec0aeb45bd87609af8e9128665,492412552823949607,FINISHED,/data/d1/ts_archive/results/492412552823949607/bd4de1ec0aeb45bd87609af8e9128665/artifacts,2026-01-09 22:36:46.979000+00:00,2026-01-09 23:28:35.619000+00:00,2.4787991754710674,0.00041313319591184457,8030.785340763817,0.09461455360212,0.8616105797003862,0.810655791611723,3087.131913488731,567.68732161272,0.8653476007600072,0.8225701772389143,0.8591666666666666,30.871319134887308,,422498.0,803078.5340763817,4697866.0,0.8591666666666666,200,8,InceptionTime,0.5,,False,8,9,CornellWhaleChallenge,0,sktime 0.39.0,4000,100,/data/d1/ts_archive/datasets,entropy,2,0,32,/data/d1/ts_archive/results/492412552823949607/bd4de1ec0aeb45bd87609af8e9128665/artifacts,64,0.01,1234,XRF,0.001,27600,0,1,NVIDIA GeForce RTX 4090,21600,20,0.1,main.py,ANON1,conda,PROJECT,2ba81db4ea05c65817b596ef2f113e084de3fbd8,file:///home/ANON1/repos/TS_Archive-1#ts_archive_experiments,https://github.com/ANON2/TS_Archive.git,local,redolent-grouse-614
3b48f47554934e0aa7a18d239f6e5526,492412552823949607,FINISHED,/data/d1/ts_archive/results/492412552823949607/3b48f47554934e0aa7a18d239f6e5526/artifacts,2026-01-09 22:23:39.555000+00:00,2026-01-09 22:36:44.164000+00:00,1.0843725446611645,0.00018072875744352742,2030.5987963281325,0.044792273324127524,0.8363881894682689,0.7581744019402492,765.2295418884605,268.75363994476515,0.8396698276629038,0.7308152525373781,0.8476666666666667,7.652295418884605,,265986.0,203059.87963281324,2967337.0,0.8476666666666667,200,8,FCN,0.5,,False,8,9,CornellWhaleChallenge,0,sktime 0.39.0,4000,100,/data/d1/ts_archive/datasets,entropy,2,0,32,/data/d1/ts_archive/results/492412552823949607/3b48f47554934e0aa7a18d239f6e5526/artifacts,64,0.01,1234,XRF,0.001,27600,2,1,NVIDIA GeForce RTX 4090,21600,20,0.1,main.py,ANON1,conda,PROJECT,2ba81db4ea05c65817b596ef2f113e084de3fbd8,file:///home/ANON1/repos/TS_Archive-1#ts_archive_experiments,https://github.com/ANON2/TS_Archive.git,local,stylish-grub-16
c2a91e91eb4045e2b22e0798f03d0091,492412552823949607,FINISHED,/data/d1/ts_archive/results/492412552823949607/c2a91e91eb4045e2b22e0798f03d0091/artifacts,2026-01-09 22:10:30.751000+00:00,2026-01-09 22:23:37.790000+00:00,1.065019587054849,0.00017750326450914148,2037.6552856024477,0.04234140156420202,0.8497880821764975,0.7891635150800109,766.4339563455433,254.04840938521212,0.8489178614097969,0.7852590042557476,0.8508333333333333,7.6643395634554325,,265986.0,203765.52856024477,2962927.0,0.8508333333333333,200,8,FCN,0.5,,False,8,9,CornellWhaleChallenge,0,sktime 0.39.0,4000,100,/data/d1/ts_archive/datasets,entropy,2,0,32,/data/d1/ts_archive/results/492412552823949607/c2a91e91eb4045e2b22e0798f03d0091/artifacts,64,0.01,1234,XRF,0.001,27600,1,1,NVIDIA GeForce RTX 4090,21600,20,0.1,main.py,ANON1,conda,PROJECT,2ba81db4ea05c65817b596ef2f113e084de3fbd8,file:///home/ANON1/repos/TS_Archive-1#ts_archive_experiments,https://github.com/ANON2/TS_Archive.git,local,delicate-kite-294
ebc980f3bbe8481ba305a83b9b3b477f,492412552823949607,FINISHED,/data/d1/ts_archive/results/492412552823949607/ebc980f3bbe8481ba305a83b9b3b477f/artifacts,2026-01-09 21:57:21.210000+00:00,2026-01-09 22:10:28.808000+00:00,1.0657849870622158,0.00017763083117703596,2043.2042986118834,0.043376780756861764,0.7995319547900849,0.698607114575661,766.9513647072017,260.2606845411706,0.8038774282861292,0.6737553196844783,0.8181666666666667,7.6695136470720175,,265986.0,204320.42986118834,2965947.0,0.8181666666666667,200,8,FCN,0.5,,False,8,9,CornellWhaleChallenge,0,sktime 0.39.0,4000,100,/data/d1/ts_archive/datasets,entropy,2,0,32,/data/d1/ts_archive/results/492412552823949607/ebc980f3bbe8481ba305a83b9b3b477f/artifacts,64,0.01,1234,XRF,0.001,27600,0,1,NVIDIA GeForce RTX 4090,21600,20,0.1,main.py,ANON1,conda,PROJECT,2ba81db4ea05c65817b596ef2f113e084de3fbd8,file:///home/ANON1/repos/TS_Archive-1#ts_archive_experiments,https://github.com/ANON2/TS_Archive.git,local,bustling-boar-294
1124eeb59c8343368c494ec4e4a79426,492412552823949607,FINISHED,/data/d1/ts_archive/results/492412552823949607/1124eeb59c8343368c494ec4e4a79426/artifacts,2026-01-09 21:49:53.169000+00:00,2026-01-09 21:57:18.458000+00:00,0.4920598249882459,8.200997083137432e-05,1608.7967189339365,0.02803320480434613,0.913693947801889,0.8794908827782332,433.1430380884558,168.1992288260768,0.9135656940952267,0.8782728402758685,0.9138333333333334,4.331430380884558,0.20025310405095417,30490.0,160879.67189339365,931257.0,0.9138333333333334,200,8,ConvTran,0.5,,False,8,9,CornellWhaleChallenge,0,PyTorch 2.9.0+cu128,4000,100,/data/d1/ts_archive/datasets,entropy,2,0,32,/data/d1/ts_archive/results/492412552823949607/1124eeb59c8343368c494ec4e4a79426/artifacts,64,0.01,1234,XRF,0.001,27600,2,1,NVIDIA GeForce RTX 4090,21600,20,0.1,main.py,ANON1,conda,PROJECT,2ba81db4ea05c65817b596ef2f113e084de3fbd8,file:///home/ANON1/repos/TS_Archive-1#ts_archive_experiments,https://github.com/ANON2/TS_Archive.git,local,rebellious-bass-389
47700385306d4e48a95c9f56334a71fc,492412552823949607,FINISHED,/data/d1/ts_archive/results/492412552823949607/47700385306d4e48a95c9f56334a71fc/artifacts,2026-01-09 21:42:27.797000+00:00,2026-01-09 21:49:51.353000+00:00,0.4867197480052709,8.111995800087849e-05,1607.9247328735728,0.028634138025206198,0.9127166427646821,0.8777025879517332,431.3903545867652,171.8048281512372,0.912378506705565,0.8738846572361263,0.9131666666666667,4.313903545867652,0.20836695168415706,30490.0,160792.47328735728,931257.0,0.9131666666666667,200,8,ConvTran,0.5,,False,8,9,CornellWhaleChallenge,0,PyTorch 2.9.0+cu128,4000,100,/data/d1/ts_archive/datasets,entropy,2,0,32,/data/d1/ts_archive/results/492412552823949607/47700385306d4e48a95c9f56334a71fc/artifacts,64,0.01,1234,XRF,0.001,27600,1,1,NVIDIA GeForce RTX 4090,21600,20,0.1,main.py,ANON1,conda,PROJECT,2ba81db4ea05c65817b596ef2f113e084de3fbd8,file:///home/ANON1/repos/TS_Archive-1#ts_archive_experiments,https://github.com/ANON2/TS_Archive.git,local,enthused-hen-750
b8bd5f3144fd453ea2de0a3d70f3fdcd,492412552823949607,FINISHED,/data/d1/ts_archive/results/492412552823949607/b8bd5f3144fd453ea2de0a3d70f3fdcd/artifacts,2026-01-09 21:34:58.461000+00:00,2026-01-09 21:42:25.970000+00:00,0.50414770655334,8.402461775888999e-05,1615.334594220792,0.030511410830283154,0.9019710812233217,0.861943631252546,435.30987123958766,183.06846498169892,0.9013876230652857,0.8546470517621274,0.903,4.353098712395877,0.21834089267253876,30490.0,161533.4594220792,931257.0,0.903,200,8,ConvTran,0.5,,False,8,9,CornellWhaleChallenge,0,PyTorch 2.9.0+cu128,4000,100,/data/d1/ts_archive/datasets,entropy,2,0,32,/data/d1/ts_archive/results/492412552823949607/b8bd5f3144fd453ea2de0a3d70f3fdcd/artifacts,64,0.01,1234,XRF,0.001,27600,0,1,NVIDIA GeForce RTX 4090,21600,20,0.1,main.py,ANON1,conda,PROJECT,2ba81db4ea05c65817b596ef2f113e084de3fbd8,file:///home/ANON1/repos/TS_Archive-1#ts_archive_experiments,https://github.com/ANON2/TS_Archive.git,local,peaceful-colt-810
3c36fc35ef1f4bb9a2265c0e9c4cecb3,492412552823949607,FINISHED,/data/d1/ts_archive/results/492412552823949607/3c36fc35ef1f4bb9a2265c0e9c4cecb3/artifacts,2026-01-09 21:30:53.018000+00:00,2026-01-09 21:34:55.846000+00:00,0.3119229488074779,5.198715813457965e-05,929.3565394124531,0.015037898576180705,0.7103558651897273,0.5429824575777404,231.1520540602505,90.22739145708422,0.7089552016840749,0.5487060436262532,0.7598333333333334,2.311520540602505,0.4285400889714559,25730.0,92935.65394124531,316853.0,0.7598333333333334,200,8,SFCN,0.5,,False,8,9,CornellWhaleChallenge,0,PyTorch 2.9.0+cu128,4000,100,/data/d1/ts_archive/datasets,entropy,2,0,32,/data/d1/ts_archive/results/492412552823949607/3c36fc35ef1f4bb9a2265c0e9c4cecb3/artifacts,64,0.01,1234,XRF,0.001,27600,2,1,NVIDIA GeForce RTX 4090,21600,20,0.1,main.py,ANON1,conda,PROJECT,2ba81db4ea05c65817b596ef2f113e084de3fbd8,file:///home/ANON1/repos/TS_Archive-1#ts_archive_experiments,https://github.com/ANON2/TS_Archive.git,local,colorful-sponge-873
79e277241f55423195a710cdbf5df21d,492412552823949607,FINISHED,/data/d1/ts_archive/results/492412552823949607/79e277241f55423195a710cdbf5df21d/artifacts,2026-01-09 21:26:49.219000+00:00,2026-01-09 21:30:51.306000+00:00,0.2654482796788215,4.4241379946470254e-05,928.7723258059103,0.012412498906467107,0.7075348095196129,0.5326503716695627,230.43889483436945,74.47499343880264,0.7132127620346806,0.5436293511049841,0.7641666666666667,2.3043889483436946,0.41644642758369443,25730.0,92877.23258059104,316853.0,0.7641666666666667,200,8,SFCN,0.5,,False,8,9,CornellWhaleChallenge,0,PyTorch 2.9.0+cu128,4000,100,/data/d1/ts_archive/datasets,entropy,2,0,32,/data/d1/ts_archive/results/492412552823949607/79e277241f55423195a710cdbf5df21d/artifacts,64,0.01,1234,XRF,0.001,27600,1,1,NVIDIA GeForce RTX 4090,21600,20,0.1,main.py,ANON1,conda,PROJECT,2ba81db4ea05c65817b596ef2f113e084de3fbd8,file:///home/ANON1/repos/TS_Archive-1#ts_archive_experiments,https://github.com/ANON2/TS_Archive.git,local,worried-lynx-636
d312366dbf70456fa553a759418ab376,492412552823949607,FINISHED,/data/d1/ts_archive/results/492412552823949607/d312366dbf70456fa553a759418ab376/artifacts,2026-01-09 21:22:45.620000+00:00,2026-01-09 21:26:47.424000+00:00,0.2192051503807306,3.653419173012177e-05,924.4411073496035,0.010494417318033564,0.6916714954974024,0.496755100326683,230.2337687164545,62.96650390820138,0.704411398562195,0.5248823764032543,0.7638333333333334,2.302337687164545,0.4160144599278768,25730.0,92444.11073496036,316853.0,0.7638333333333334,200,8,SFCN,0.5,,False,8,9,CornellWhaleChallenge,0,PyTorch 2.9.0+cu128,4000,100,/data/d1/ts_archive/datasets,entropy,2,0,32,/data/d1/ts_archive/results/492412552823949607/d312366dbf70456fa553a759418ab376/artifacts,64,0.01,1234,XRF,0.001,27600,0,1,NVIDIA GeForce RTX 4090,21600,20,0.1,main.py,ANON1,conda,PROJECT,2ba81db4ea05c65817b596ef2f113e084de3fbd8,file:///home/ANON1/repos/TS_Archive-1#ts_archive_experiments,https://github.com/ANON2/TS_Archive.git,local,auspicious-hound-483
4cf0a86df0e74fefbe26c2ed8c67fbc7,492412552823949607,FINISHED,/data/d1/ts_archive/results/492412552823949607/4cf0a86df0e74fefbe26c2ed8c67fbc7/artifacts,2026-01-09 20:57:34.622000+00:00,2026-01-09 21:22:43.165000+00:00,2.104558549821377,0.0003507597583035628,4615.855616573466,0.08603366416199999,0.8096769466902115,0.8096769466902114,1487.389358630404,516.201984972,0.8484593409874556,0.8103333333333331,0.8103333333333333,14.87389358630404,,507850.0,461585.56165734667,5659059.0,0.8103333333333333,200,8,ResNet,0.5,,False,8,9,AudioMNIST-DS,0,sktime 0.39.0,4000,100,/data/d1/ts_archive/datasets,entropy,10,0,32,/data/d1/ts_archive/results/492412552823949607/4cf0a86df0e74fefbe26c2ed8c67fbc7/artifacts,64,0.01,1234,XRF,0.001,27600,2,1,NVIDIA GeForce RTX 4090,21600,20,0.1,main.py,ANON1,conda,PROJECT,2ba81db4ea05c65817b596ef2f113e084de3fbd8,file:///home/ANON1/repos/TS_Archive-1#ts_archive_experiments,https://github.com/ANON2/TS_Archive.git,local,gregarious-boar-422
9e3fedee082d4150a918c2828e29bf5f,492412552823949607,FINISHED,/data/d1/ts_archive/results/492412552823949607/9e3fedee082d4150a918c2828e29bf5f/artifacts,2026-01-09 20:31:50.048000+00:00,2026-01-09 20:57:32.901000+00:00,2.0407404117286205,0.0003401234019547701,4839.83029043217,0.08324308822338,0.8475051513001888,0.8475051513001886,1521.6789343506098,499.45852934028,0.8884888448347801,0.8406666666666667,0.8406666666666667,15.216789343506099,,507850.0,483983.029043217,5653906.0,0.8406666666666667,200,8,ResNet,0.5,,False,8,9,AudioMNIST-DS,0,sktime 0.39.0,4000,100,/data/d1/ts_archive/datasets,entropy,10,0,32,/data/d1/ts_archive/results/492412552823949607/9e3fedee082d4150a918c2828e29bf5f/artifacts,64,0.01,1234,XRF,0.001,27600,1,1,NVIDIA GeForce RTX 4090,21600,20,0.1,main.py,ANON1,conda,PROJECT,2ba81db4ea05c65817b596ef2f113e084de3fbd8,file:///home/ANON1/repos/TS_Archive-1#ts_archive_experiments,https://github.com/ANON2/TS_Archive.git,local,sedate-shad-102
307ef0b0eb014e5ea69996dd1162a614,492412552823949607,FINISHED,/data/d1/ts_archive/results/492412552823949607/307ef0b0eb014e5ea69996dd1162a614/artifacts,2026-01-09 20:06:35.156000+00:00,2026-01-09 20:31:48.250000+00:00,2.1053676959127188,0.0003508946159854531,4613.920710284891,0.086685110691,0.9227504649838819,0.9227504649838817,1491.9593877848238,520.110664146,0.928094242183923,0.9228333333333332,0.9228333333333333,14.919593877848238,,507850.0,461392.0710284891,5651957.0,0.9228333333333333,200,8,ResNet,0.5,,False,8,9,AudioMNIST-DS,0,sktime 0.39.0,4000,100,/data/d1/ts_archive/datasets,entropy,10,0,32,/data/d1/ts_archive/results/492412552823949607/307ef0b0eb014e5ea69996dd1162a614/artifacts,64,0.01,1234,XRF,0.001,27600,0,1,NVIDIA GeForce RTX 4090,21600,20,0.1,main.py,ANON1,conda,PROJECT,2ba81db4ea05c65817b596ef2f113e084de3fbd8,file:///home/ANON1/repos/TS_Archive-1#ts_archive_experiments,https://github.com/ANON2/TS_Archive.git,local,polite-duck-984
e3105e462bf14818847cfb9c468fdcfa,492412552823949607,FINISHED,/data/d1/ts_archive/results/492412552823949607/e3105e462bf14818847cfb9c468fdcfa/artifacts,2026-01-09 20:05:15.249000+00:00,2026-01-09 20:06:32.600000+00:00,1.3371565323323011,0.0002228594220553835,75.99061030553639,0.03432800895480372,0.5390941277801801,0.5390941277801801,57.088554022833705,205.96805372882235,0.5602597795933482,0.5385,0.5385,0.570885540228337,,2506510.0,7599.061030553639,27696674.0,0.5385,200,8,MLP,0.5,,False,8,9,AudioMNIST-DS,0,sktime 0.39.0,4000,100,/data/d1/ts_archive/datasets,entropy,10,0,32,/data/d1/ts_archive/results/492412552823949607/e3105e462bf14818847cfb9c468fdcfa/artifacts,64,0.01,1234,XRF,0.001,27600,2,1,NVIDIA GeForce RTX 4090,21600,20,0.1,main.py,ANON1,conda,PROJECT,2ba81db4ea05c65817b596ef2f113e084de3fbd8,file:///home/ANON1/repos/TS_Archive-1#ts_archive_experiments,https://github.com/ANON2/TS_Archive.git,local,able-cub-223
3400043861264cffaddb96238232a4bf,492412552823949607,FINISHED,/data/d1/ts_archive/results/492412552823949607/3400043861264cffaddb96238232a4bf/artifacts,2026-01-09 20:03:58.790000+00:00,2026-01-09 20:05:13.410000+00:00,1.352321024984121,0.0002253868374973535,73.5540872915124,0.03535273754200666,0.5955888817561552,0.5955888817561552,53.8119140509516,212.11642525203993,0.6107395201064703,0.5955,0.5955,0.538119140509516,,2506510.0,7355.40872915124,27750841.0,0.5955,200,8,MLP,0.5,,False,8,9,AudioMNIST-DS,0,sktime 0.39.0,4000,100,/data/d1/ts_archive/datasets,entropy,10,0,32,/data/d1/ts_archive/results/492412552823949607/3400043861264cffaddb96238232a4bf/artifacts,64,0.01,1234,XRF,0.001,27600,1,1,NVIDIA GeForce RTX 4090,21600,20,0.1,main.py,ANON1,conda,PROJECT,2ba81db4ea05c65817b596ef2f113e084de3fbd8,file:///home/ANON1/repos/TS_Archive-1#ts_archive_experiments,https://github.com/ANON2/TS_Archive.git,local,mercurial-sponge-104
a39ccf2a67a9451bb3585dd44cce40d1,492412552823949607,FINISHED,/data/d1/ts_archive/results/492412552823949607/a39ccf2a67a9451bb3585dd44cce40d1/artifacts,2026-01-09 20:02:41.360000+00:00,2026-01-09 20:03:56.961000+00:00,1.1895749531686306,0.00019826249219477178,73.5220029857904,0.032751890875845915,0.5209134007365095,0.5209134007365095,54.69635816849768,196.5113452550755,0.5329015157410917,0.5229999999999999,0.523,0.5469635816849768,,2506510.0,7352.20029857904,27671493.0,0.523,200,8,MLP,0.5,,False,8,9,AudioMNIST-DS,0,sktime 0.39.0,4000,100,/data/d1/ts_archive/datasets,entropy,10,0,32,/data/d1/ts_archive/results/492412552823949607/a39ccf2a67a9451bb3585dd44cce40d1/artifacts,64,0.01,1234,XRF,0.001,27600,0,1,NVIDIA GeForce RTX 4090,21600,20,0.1,main.py,ANON1,conda,PROJECT,2ba81db4ea05c65817b596ef2f113e084de3fbd8,file:///home/ANON1/repos/TS_Archive-1#ts_archive_experiments,https://github.com/ANON2/TS_Archive.git,local,bright-cod-642
2ec64b23c17e414db77fba5435563544,492412552823949607,FINISHED,/data/d1/ts_archive/results/492412552823949607/2ec64b23c17e414db77fba5435563544/artifacts,2026-01-09 19:56:08.416000+00:00,2026-01-09 20:02:38.640000+00:00,0.9518114030361176,0.00015863523383935293,405.3591001555776,0.02077336169864957,0.7602955868139002,0.7602955868139001,368.42044258862734,124.64017019189741,0.7663718649388068,0.76,0.76,3.684204425886273,,5864438.0,40535.91001555776,54313574.0,0.76,200,8,MCDCNN,0.5,,False,8,9,AudioMNIST-DS,0,sktime 0.39.0,4000,100,/data/d1/ts_archive/datasets,entropy,10,0,32,/data/d1/ts_archive/results/492412552823949607/2ec64b23c17e414db77fba5435563544/artifacts,64,0.01,1234,XRF,0.001,27600,2,1,NVIDIA GeForce RTX 4090,21600,20,0.1,main.py,ANON1,conda,PROJECT,2ba81db4ea05c65817b596ef2f113e084de3fbd8,file:///home/ANON1/repos/TS_Archive-1#ts_archive_experiments,https://github.com/ANON2/TS_Archive.git,local,debonair-bug-291
eac793848223454c9cbf8f4ec38f0aa7,492412552823949607,FINISHED,/data/d1/ts_archive/results/492412552823949607/eac793848223454c9cbf8f4ec38f0aa7/artifacts,2026-01-09 19:49:39.090000+00:00,2026-01-09 19:56:06.819000+00:00,0.8715105447918177,0.00014525175746530293,403.3590950625588,0.020295604437215984,0.8052014447394563,0.8052014447394562,366.2994683142752,121.77362662329591,0.811339363470752,0.8029999999999999,0.803,3.662994683142752,,5864438.0,40335.909506255884,55567238.0,0.803,200,8,MCDCNN,0.5,,False,8,9,AudioMNIST-DS,0,sktime 0.39.0,4000,100,/data/d1/ts_archive/datasets,entropy,10,0,32,/data/d1/ts_archive/results/492412552823949607/eac793848223454c9cbf8f4ec38f0aa7/artifacts,64,0.01,1234,XRF,0.001,27600,1,1,NVIDIA GeForce RTX 4090,21600,20,0.1,main.py,ANON1,conda,PROJECT,2ba81db4ea05c65817b596ef2f113e084de3fbd8,file:///home/ANON1/repos/TS_Archive-1#ts_archive_experiments,https://github.com/ANON2/TS_Archive.git,local,sincere-doe-677
8525b7797e5a4fa88e553b900ca0e1dc,492412552823949607,FINISHED,/data/d1/ts_archive/results/492412552823949607/8525b7797e5a4fa88e553b900ca0e1dc/artifacts,2026-01-09 19:43:06.974000+00:00,2026-01-09 19:49:37.321000+00:00,0.876699997112155,0.00014611666618535916,405.8175016480608,0.020740649147906565,0.7287986555393134,0.7287986555393136,368.6459637619555,124.44389488743938,0.7423553077944888,0.7285,0.7285,3.686459637619555,,5864438.0,40581.75016480608,54060205.0,0.7285,200,8,MCDCNN,0.5,,False,8,9,AudioMNIST-DS,0,sktime 0.39.0,4000,100,/data/d1/ts_archive/datasets,entropy,10,0,32,/data/d1/ts_archive/results/492412552823949607/8525b7797e5a4fa88e553b900ca0e1dc/artifacts,64,0.01,1234,XRF,0.001,27600,0,1,NVIDIA GeForce RTX 4090,21600,20,0.1,main.py,ANON1,conda,PROJECT,2ba81db4ea05c65817b596ef2f113e084de3fbd8,file:///home/ANON1/repos/TS_Archive-1#ts_archive_experiments,https://github.com/ANON2/TS_Archive.git,local,powerful-kit-939
338fa7fb4ad74b3fa561b290bdb6813d,492412552823949607,FINISHED,/data/d1/ts_archive/results/492412552823949607/338fa7fb4ad74b3fa561b290bdb6813d/artifacts,2026-01-09 18:21:13.780000+00:00,2026-01-09 19:43:04.439000+00:00,5.79276486672461,0.0009654608111207684,9059.284992754432,0.15573337800804,0.020849638919273734,0.020849638919273737,4886.366687072441,934.4002680482399,0.7750333778371161,0.10133333333333334,0.10133333333333333,48.86366687072441,,267418.0,905928.4992754433,3004962.0,0.10133333333333333,200,8,LSTMFCN,0.5,,False,8,9,AudioMNIST-DS,0,sktime 0.39.0,4000,100,/data/d1/ts_archive/datasets,entropy,10,0,32,/data/d1/ts_archive/results/492412552823949607/338fa7fb4ad74b3fa561b290bdb6813d/artifacts,64,0.01,1234,XRF,0.001,27600,2,1,NVIDIA GeForce RTX 4090,21600,20,0.1,main.py,ANON1,conda,PROJECT,2ba81db4ea05c65817b596ef2f113e084de3fbd8,file:///home/ANON1/repos/TS_Archive-1#ts_archive_experiments,https://github.com/ANON2/TS_Archive.git,local,popular-bird-567
f51a463583a144a184e3b0e9ad0dd22d,492412552823949607,FINISHED,/data/d1/ts_archive/results/492412552823949607/f51a463583a144a184e3b0e9ad0dd22d/artifacts,2026-01-09 16:59:30.541000+00:00,2026-01-09 18:21:11.879000+00:00,5.750366291031241,0.0009583943818385403,8867.710987540988,0.15472006928706,0.022826701096675294,0.022826701096675294,4876.916276302189,928.3204157223599,0.4250794181574987,0.10233333333333332,0.10233333333333333,48.76916276302189,,267418.0,886771.0987540989,3002968.0,0.10233333333333333,200,8,LSTMFCN,0.5,,False,8,9,AudioMNIST-DS,0,sktime 0.39.0,4000,100,/data/d1/ts_archive/datasets,entropy,10,0,32,/data/d1/ts_archive/results/492412552823949607/f51a463583a144a184e3b0e9ad0dd22d/artifacts,64,0.01,1234,XRF,0.001,27600,1,1,NVIDIA GeForce RTX 4090,21600,20,0.1,main.py,ANON1,conda,PROJECT,2ba81db4ea05c65817b596ef2f113e084de3fbd8,file:///home/ANON1/repos/TS_Archive-1#ts_archive_experiments,https://github.com/ANON2/TS_Archive.git,local,skillful-tern-357
5f72b48209474c1b98334237cc35e77b,492412552823949607,FINISHED,/data/d1/ts_archive/results/492412552823949607/5f72b48209474c1b98334237cc35e77b/artifacts,2026-01-09 15:37:49.719000+00:00,2026-01-09 16:59:28.702000+00:00,5.720336636528373,0.0009533894394213954,9025.005489129493,0.15298212503514,0.020507547443734318,0.020507547443734318,4874.875278290361,917.8927502108401,0.5500584014683798,0.10116666666666667,0.10116666666666667,48.74875278290361,,267418.0,902500.5489129493,3005554.0,0.10116666666666667,200,8,LSTMFCN,0.5,,False,8,9,AudioMNIST-DS,0,sktime 0.39.0,4000,100,/data/d1/ts_archive/datasets,entropy,10,0,32,/data/d1/ts_archive/results/492412552823949607/5f72b48209474c1b98334237cc35e77b/artifacts,64,0.01,1234,XRF,0.001,27600,0,1,NVIDIA GeForce RTX 4090,21600,20,0.1,main.py,ANON1,conda,PROJECT,2ba81db4ea05c65817b596ef2f113e084de3fbd8,file:///home/ANON1/repos/TS_Archive-1#ts_archive_experiments,https://github.com/ANON2/TS_Archive.git,local,brawny-bird-907
fb3017d503e84759ba5d37b729fcadd8,492412552823949607,FINISHED,/data/d1/ts_archive/results/492412552823949607/fb3017d503e84759ba5d37b729fcadd8/artifacts,2026-01-09 14:46:07.896000+00:00,2026-01-09 15:37:47.143000+00:00,2.476593943312764,0.00041276565721879403,7924.715907702037,0.08865668903519999,0.7352421462734094,0.7352421462734096,3078.414967760444,531.9401342112,0.85150435804777,0.7511666666666665,0.7511666666666666,30.784149677604443,,423530.0,792471.5907702037,4723420.0,0.7511666666666666,200,8,InceptionTime,0.5,,False,8,9,AudioMNIST-DS,0,sktime 0.39.0,4000,100,/data/d1/ts_archive/datasets,entropy,10,0,32,/data/d1/ts_archive/results/492412552823949607/fb3017d503e84759ba5d37b729fcadd8/artifacts,64,0.01,1234,XRF,0.001,27600,2,1,NVIDIA GeForce RTX 4090,21600,20,0.1,main.py,ANON1,conda,PROJECT,2ba81db4ea05c65817b596ef2f113e084de3fbd8,file:///home/ANON1/repos/TS_Archive-1#ts_archive_experiments,https://github.com/ANON2/TS_Archive.git,local,agreeable-turtle-857
d36e48eea13342e38f6a143cb7eb6b4a,492412552823949607,FINISHED,/data/d1/ts_archive/results/492412552823949607/d36e48eea13342e38f6a143cb7eb6b4a/artifacts,2026-01-09 13:54:06.290000+00:00,2026-01-09 14:46:06.157000+00:00,2.6956312395632267,0.0004492718732605378,8028.8814925714605,0.0900443504487,0.9919994893076719,0.9919994893076718,3098.649217735976,540.2661026922,0.9920489977666063,0.992,0.992,30.98649217735976,,423530.0,802888.149257146,4726551.0,0.992,200,8,InceptionTime,0.5,,False,8,9,AudioMNIST-DS,0,sktime 0.39.0,4000,100,/data/d1/ts_archive/datasets,entropy,10,0,32,/data/d1/ts_archive/results/492412552823949607/d36e48eea13342e38f6a143cb7eb6b4a/artifacts,64,0.01,1234,XRF,0.001,27600,1,1,NVIDIA GeForce RTX 4090,21600,20,0.1,main.py,ANON1,conda,PROJECT,2ba81db4ea05c65817b596ef2f113e084de3fbd8,file:///home/ANON1/repos/TS_Archive-1#ts_archive_experiments,https://github.com/ANON2/TS_Archive.git,local,nosy-stag-651
70986f58a02a47cabea8b2761f03eaf2,492412552823949607,FINISHED,/data/d1/ts_archive/results/492412552823949607/70986f58a02a47cabea8b2761f03eaf2/artifacts,2026-01-09 13:02:25.390000+00:00,2026-01-09 13:54:04.664000+00:00,2.734254337847233,0.00045570905630787215,7921.118163309418,0.09187652994444,0.955504917262925,0.955504917262925,3077.5302105974406,551.25917966664,0.9577556052579208,0.9558333333333333,0.9558333333333333,30.775302105974404,,423530.0,792111.8163309419,4724457.0,0.9558333333333333,200,8,InceptionTime,0.5,,False,8,9,AudioMNIST-DS,0,sktime 0.39.0,4000,100,/data/d1/ts_archive/datasets,entropy,10,0,32,/data/d1/ts_archive/results/492412552823949607/70986f58a02a47cabea8b2761f03eaf2/artifacts,64,0.01,1234,XRF,0.001,27600,0,1,NVIDIA GeForce RTX 4090,21600,20,0.1,main.py,ANON1,conda,PROJECT,2ba81db4ea05c65817b596ef2f113e084de3fbd8,file:///home/ANON1/repos/TS_Archive-1#ts_archive_experiments,https://github.com/ANON2/TS_Archive.git,local,bright-worm-873
e2ee05253b1e4c91b530cdbefa9b496b,492412552823949607,FINISHED,/data/d1/ts_archive/results/492412552823949607/e2ee05253b1e4c91b530cdbefa9b496b/artifacts,2026-01-09 12:49:20.101000+00:00,2026-01-09 13:02:22.795000+00:00,1.0666505973786116,0.00017777509956310193,1978.6095752122908,0.042106423469155045,0.04796473135555744,0.04796473135555744,763.4917326774448,252.63854081493028,0.10390903997804732,0.10400000000000001,0.104,7.634917326774448,,267018.0,197860.95752122908,2900608.0,0.104,200,8,FCN,0.5,,False,8,9,AudioMNIST-DS,0,sktime 0.39.0,4000,100,/data/d1/ts_archive/datasets,entropy,10,0,32,/data/d1/ts_archive/results/492412552823949607/e2ee05253b1e4c91b530cdbefa9b496b/artifacts,64,0.01,1234,XRF,0.001,27600,2,1,NVIDIA GeForce RTX 4090,21600,20,0.1,main.py,ANON1,conda,PROJECT,2ba81db4ea05c65817b596ef2f113e084de3fbd8,file:///home/ANON1/repos/TS_Archive-1#ts_archive_experiments,https://github.com/ANON2/TS_Archive.git,local,treasured-steed-19
56a02d65b43c4b8fb7e817e13a1e5bd8,492412552823949607,FINISHED,/data/d1/ts_archive/results/492412552823949607/56a02d65b43c4b8fb7e817e13a1e5bd8/artifacts,2026-01-09 12:36:16.455000+00:00,2026-01-09 12:49:18.492000+00:00,1.080690098926425,0.0001801150164877375,1975.4340875262612,0.044367805788798155,0.04104238918849529,0.04104238918849529,762.841382401064,266.20683473278893,0.2559246314390807,0.11316666666666667,0.11316666666666667,7.62841382401064,,267018.0,197543.40875262613,2885832.0,0.11316666666666667,200,8,FCN,0.5,,False,8,9,AudioMNIST-DS,0,sktime 0.39.0,4000,100,/data/d1/ts_archive/datasets,entropy,10,0,32,/data/d1/ts_archive/results/492412552823949607/56a02d65b43c4b8fb7e817e13a1e5bd8/artifacts,64,0.01,1234,XRF,0.001,27600,1,1,NVIDIA GeForce RTX 4090,21600,20,0.1,main.py,ANON1,conda,PROJECT,2ba81db4ea05c65817b596ef2f113e084de3fbd8,file:///home/ANON1/repos/TS_Archive-1#ts_archive_experiments,https://github.com/ANON2/TS_Archive.git,local,loud-mouse-873
6685fadb00b04a379959a09319afcb7b,492412552823949607,FINISHED,/data/d1/ts_archive/results/492412552823949607/6685fadb00b04a379959a09319afcb7b/artifacts,2026-01-09 12:23:16.747000+00:00,2026-01-09 12:36:14.684000+00:00,1.0676410999149084,0.0001779401833191514,1963.9485890438364,0.04032289141969927,0.05243102009286839,0.05243102009286839,758.5122052114457,241.93734851819562,0.46356913856534093,0.10716666666666667,0.10716666666666666,7.585122052114457,,267018.0,196394.85890438364,2948194.0,0.10716666666666666,200,8,FCN,0.5,,False,8,9,AudioMNIST-DS,0,sktime 0.39.0,4000,100,/data/d1/ts_archive/datasets,entropy,10,0,32,/data/d1/ts_archive/results/492412552823949607/6685fadb00b04a379959a09319afcb7b/artifacts,64,0.01,1234,XRF,0.001,27600,0,1,NVIDIA GeForce RTX 4090,21600,20,0.1,main.py,ANON1,conda,PROJECT,2ba81db4ea05c65817b596ef2f113e084de3fbd8,file:///home/ANON1/repos/TS_Archive-1#ts_archive_experiments,https://github.com/ANON2/TS_Archive.git,local,nimble-snake-145
6f114a44c9f0401999df7f8ebc6a2332,492412552823949607,FINISHED,/data/d1/ts_archive/results/492412552823949607/6f114a44c9f0401999df7f8ebc6a2332/artifacts,2026-01-09 12:15:49.636000+00:00,2026-01-09 12:23:14.265000+00:00,0.3670453354716301,6.117422257860502e-05,1594.8937660680613,0.02109394410808484,0.9660879272650122,0.9660879272650125,433.0293100941926,126.56366464850905,0.9668553588854569,0.9661666666666665,0.9661666666666666,4.330293100941926,0.13938381232554092,30754.0,159489.37660680612,934329.0,0.9661666666666666,200,8,ConvTran,0.5,,False,8,9,AudioMNIST-DS,0,PyTorch 2.9.0+cu128,4000,100,/data/d1/ts_archive/datasets,entropy,10,0,32,/data/d1/ts_archive/results/492412552823949607/6f114a44c9f0401999df7f8ebc6a2332/artifacts,64,0.01,1234,XRF,0.001,27600,2,1,NVIDIA GeForce RTX 4090,21600,20,0.1,main.py,ANON1,conda,PROJECT,2ba81db4ea05c65817b596ef2f113e084de3fbd8,file:///home/ANON1/repos/TS_Archive-1#ts_archive_experiments,https://github.com/ANON2/TS_Archive.git,local,dazzling-perch-493
359eda618ec6400dadfbb8c57e0691a5,492412552823949607,FINISHED,/data/d1/ts_archive/results/492412552823949607/359eda618ec6400dadfbb8c57e0691a5/artifacts,2026-01-09 12:08:22.618000+00:00,2026-01-09 12:15:47.899000+00:00,0.4965784270316362,8.276307117193936e-05,1595.565642948444,0.02576448913775045,0.9844356138533641,0.9844356138533639,433.39069583825767,154.5869348265027,0.9849688908946816,0.9845,0.9845,4.333906958382577,0.05333454604939834,30754.0,159556.5642948444,934329.0,0.9845,200,8,ConvTran,0.5,,False,8,9,AudioMNIST-DS,0,PyTorch 2.9.0+cu128,4000,100,/data/d1/ts_archive/datasets,entropy,10,0,32,/data/d1/ts_archive/results/492412552823949607/359eda618ec6400dadfbb8c57e0691a5/artifacts,64,0.01,1234,XRF,0.001,27600,1,1,NVIDIA GeForce RTX 4090,21600,20,0.1,main.py,ANON1,conda,PROJECT,2ba81db4ea05c65817b596ef2f113e084de3fbd8,file:///home/ANON1/repos/TS_Archive-1#ts_archive_experiments,https://github.com/ANON2/TS_Archive.git,local,fearless-newt-216
46d95caca1ca4238938a33fd49b4bf2b,492412552823949607,FINISHED,/data/d1/ts_archive/results/492412552823949607/46d95caca1ca4238938a33fd49b4bf2b/artifacts,2026-01-09 12:00:57.096000+00:00,2026-01-09 12:08:20.902000+00:00,0.3688040561974048,6.146734269956747e-05,1595.346196796003,0.023864176064459904,0.976448537195504,0.976448537195504,432.069645576179,143.1850563867594,0.9766163282904413,0.9764999999999999,0.9765,4.32069645576179,0.08716821719941678,30754.0,159534.6196796003,934329.0,0.9765,200,8,ConvTran,0.5,,False,8,9,AudioMNIST-DS,0,PyTorch 2.9.0+cu128,4000,100,/data/d1/ts_archive/datasets,entropy,10,0,32,/data/d1/ts_archive/results/492412552823949607/46d95caca1ca4238938a33fd49b4bf2b/artifacts,64,0.01,1234,XRF,0.001,27600,0,1,NVIDIA GeForce RTX 4090,21600,20,0.1,main.py,ANON1,conda,PROJECT,2ba81db4ea05c65817b596ef2f113e084de3fbd8,file:///home/ANON1/repos/TS_Archive-1#ts_archive_experiments,https://github.com/ANON2/TS_Archive.git,local,fun-kite-484
dba4ea28ddf84f12bec6c47607ba077a,492412552823949607,FINISHED,/data/d1/ts_archive/results/492412552823949607/dba4ea28ddf84f12bec6c47607ba077a/artifacts,2026-01-09 11:56:38.428000+00:00,2026-01-09 12:00:54.462000+00:00,0.3416169248521328,5.6936154142022136e-05,987.5108598567228,0.016712290541273853,0.6119861705150005,0.6119861705150005,244.60700061917305,100.27374324764313,0.6332270705899379,0.616,0.616,2.4460700061917304,1.0798704722722372,28810.0,98751.08598567228,353717.0,0.616,200,8,SFCN,0.5,,False,8,9,AudioMNIST-DS,0,PyTorch 2.9.0+cu128,4000,100,/data/d1/ts_archive/datasets,entropy,10,0,32,/data/d1/ts_archive/results/492412552823949607/dba4ea28ddf84f12bec6c47607ba077a/artifacts,64,0.01,1234,XRF,0.001,27600,2,1,NVIDIA GeForce RTX 4090,21600,20,0.1,main.py,ANON1,conda,PROJECT,2ba81db4ea05c65817b596ef2f113e084de3fbd8,file:///home/ANON1/repos/TS_Archive-1#ts_archive_experiments,https://github.com/ANON2/TS_Archive.git,local,inquisitive-newt-522
b97992ac91704e4984a31f6ae37d599a,492412552823949607,FINISHED,/data/d1/ts_archive/results/492412552823949607/b97992ac91704e4984a31f6ae37d599a/artifacts,2026-01-09 11:52:17.190000+00:00,2026-01-09 11:56:36.542000+00:00,0.232398334890604,3.8733055815100666e-05,982.8023083443863,0.011993341558864438,0.5627766656439065,0.5627766656439065,247.4247769117356,71.96004935318663,0.5880167839460966,0.5668333333333334,0.5668333333333333,2.474247769117356,1.1371110455195108,28810.0,98280.23083443864,353717.0,0.5668333333333333,200,8,SFCN,0.5,,False,8,9,AudioMNIST-DS,0,PyTorch 2.9.0+cu128,4000,100,/data/d1/ts_archive/datasets,entropy,10,0,32,/data/d1/ts_archive/results/492412552823949607/b97992ac91704e4984a31f6ae37d599a/artifacts,64,0.01,1234,XRF,0.001,27600,1,1,NVIDIA GeForce RTX 4090,21600,20,0.1,main.py,ANON1,conda,PROJECT,2ba81db4ea05c65817b596ef2f113e084de3fbd8,file:///home/ANON1/repos/TS_Archive-1#ts_archive_experiments,https://github.com/ANON2/TS_Archive.git,local,fun-ant-377
67d03132cd454fea9576e9ae3c31dd00,492412552823949607,FINISHED,/data/d1/ts_archive/results/492412552823949607/67d03132cd454fea9576e9ae3c31dd00/artifacts,2026-01-09 11:47:57.730000+00:00,2026-01-09 11:52:15.417000+00:00,0.2417036667466163,4.0283944457769384e-05,945.9934234351957,0.012336657003786815,0.01818181818181818,0.01818181818181818,245.9580971710384,74.0199420227209,0.1,0.1,0.1,2.459580971710384,2.302586373011271,28810.0,94599.34234351957,353717.0,0.1,200,8,SFCN,0.5,,False,8,9,AudioMNIST-DS,0,PyTorch 2.9.0+cu128,4000,100,/data/d1/ts_archive/datasets,entropy,10,0,32,/data/d1/ts_archive/results/492412552823949607/67d03132cd454fea9576e9ae3c31dd00/artifacts,64,0.01,1234,XRF,0.001,27600,0,1,NVIDIA GeForce RTX 4090,21600,20,0.1,main.py,ANON1,conda,PROJECT,2ba81db4ea05c65817b596ef2f113e084de3fbd8,file:///home/ANON1/repos/TS_Archive-1#ts_archive_experiments,https://github.com/ANON2/TS_Archive.git,local,chill-mouse-781
d3dc6274d31843d09c8f410eddf643cb,492412552823949607,FINISHED,/data/d1/ts_archive/results/492412552823949607/d3dc6274d31843d09c8f410eddf643cb/artifacts,2026-01-09 11:41:01.806000+00:00,2026-01-09 11:47:55.044000+00:00,1.4472567979246378,0.00020303827131378196,446.55903719998196,0.027041694264972573,0.7687798169821408,0.7687798169821407,392.96486939303577,192.7531967207245,0.771285701536051,0.7692199775533108,0.7692199775533108,3.929648693930358,,514306.0,44655.9037199982,5725634.0,0.7692199775533108,200,8,ResNet,0.5,,False,8,9,STEW,0,sktime 0.39.0,256,100,/data/d1/ts_archive/datasets,entropy,2,0,32,/data/d1/ts_archive/results/492412552823949607/d3dc6274d31843d09c8f410eddf643cb/artifacts,64,0.01,1234,XRF,0.001,26373,2,14,NVIDIA GeForce RTX 4090,19245,20,0.1,main.py,ANON1,conda,PROJECT,2ba81db4ea05c65817b596ef2f113e084de3fbd8,file:///home/ANON1/repos/TS_Archive-1#ts_archive_experiments,https://github.com/ANON2/TS_Archive.git,local,languid-pug-974
e46b39e3172647158ce41a110d2b409b,492412552823949607,FINISHED,/data/d1/ts_archive/results/492412552823949607/e46b39e3172647158ce41a110d2b409b/artifacts,2026-01-09 11:34:12.330000+00:00,2026-01-09 11:41:00.121000+00:00,1.5755801368504765,0.0002210409844066325,439.74842101508517,0.027116171772303035,0.7694518122975844,0.7694518122975844,387.2554632704705,193.28407239297604,0.774584680269957,0.7703423120089787,0.7703423120089786,3.872554632704705,,514306.0,43974.84210150852,5732892.0,0.7703423120089786,200,8,ResNet,0.5,,False,8,9,STEW,0,sktime 0.39.0,256,100,/data/d1/ts_archive/datasets,entropy,2,0,32,/data/d1/ts_archive/results/492412552823949607/e46b39e3172647158ce41a110d2b409b/artifacts,64,0.01,1234,XRF,0.001,26373,1,14,NVIDIA GeForce RTX 4090,19245,20,0.1,main.py,ANON1,conda,PROJECT,2ba81db4ea05c65817b596ef2f113e084de3fbd8,file:///home/ANON1/repos/TS_Archive-1#ts_archive_experiments,https://github.com/ANON2/TS_Archive.git,local,trusting-perch-611
908ba8134d814943ab697add86d2458d,492412552823949607,FINISHED,/data/d1/ts_archive/results/492412552823949607/908ba8134d814943ab697add86d2458d/artifacts,2026-01-09 11:27:23.206000+00:00,2026-01-09 11:34:10.615000+00:00,1.413299549371004,0.00019827434755485468,443.11052504782083,0.025222251690148766,0.7819379744284467,0.7819379744284467,387.56331722438335,179.7842100473804,0.797658681804259,0.784371492704826,0.7843714927048261,3.8756331722438335,,514306.0,44311.052504782085,5725966.0,0.7843714927048261,200,8,ResNet,0.5,,False,8,9,STEW,0,sktime 0.39.0,256,100,/data/d1/ts_archive/datasets,entropy,2,0,32,/data/d1/ts_archive/results/492412552823949607/908ba8134d814943ab697add86d2458d/artifacts,64,0.01,1234,XRF,0.001,26373,0,14,NVIDIA GeForce RTX 4090,19245,20,0.1,main.py,ANON1,conda,PROJECT,2ba81db4ea05c65817b596ef2f113e084de3fbd8,file:///home/ANON1/repos/TS_Archive-1#ts_archive_experiments,https://github.com/ANON2/TS_Archive.git,local,beautiful-sloth-768
401675e7791642e68e7d516f0f599bc7,492412552823949607,FINISHED,/data/d1/ts_archive/results/492412552823949607/401675e7791642e68e7d516f0f599bc7/artifacts,2026-01-09 11:26:10.875000+00:00,2026-01-09 11:27:20.509000+00:00,1.396672686561942,0.00019594173492732073,67.3836555532464,0.03254163324185631,0.3333333333333333,0.3333333333333333,49.882658971473575,231.9567617479518,0.5,0.5,0.5,0.49882658971473576,,2294502.0,6738.36555532464,17727717.0,0.5,200,8,MLP,0.5,,False,8,9,STEW,0,sktime 0.39.0,256,100,/data/d1/ts_archive/datasets,entropy,2,0,32,/data/d1/ts_archive/results/492412552823949607/401675e7791642e68e7d516f0f599bc7/artifacts,64,0.01,1234,XRF,0.001,26373,2,14,NVIDIA GeForce RTX 4090,19245,20,0.1,main.py,ANON1,conda,PROJECT,2ba81db4ea05c65817b596ef2f113e084de3fbd8,file:///home/ANON1/repos/TS_Archive-1#ts_archive_experiments,https://github.com/ANON2/TS_Archive.git,local,upbeat-doe-332
c67ccfab062b4cc79dc69301a1bf3628,492412552823949607,FINISHED,/data/d1/ts_archive/results/492412552823949607/c67ccfab062b4cc79dc69301a1bf3628/artifacts,2026-01-09 11:24:58.365000+00:00,2026-01-09 11:26:09.264000+00:00,1.308089405298233,0.00018351422633252427,66.6307796145264,0.03093558862235853,0.3333333333333333,0.3333333333333333,49.969303810969,220.5088757001716,0.5,0.5,0.5,0.49969303810969,,2294502.0,6663.07796145264,20139445.0,0.5,200,8,MLP,0.5,,False,8,9,STEW,0,sktime 0.39.0,256,100,/data/d1/ts_archive/datasets,entropy,2,0,32,/data/d1/ts_archive/results/492412552823949607/c67ccfab062b4cc79dc69301a1bf3628/artifacts,64,0.01,1234,XRF,0.001,26373,1,14,NVIDIA GeForce RTX 4090,19245,20,0.1,main.py,ANON1,conda,PROJECT,2ba81db4ea05c65817b596ef2f113e084de3fbd8,file:///home/ANON1/repos/TS_Archive-1#ts_archive_experiments,https://github.com/ANON2/TS_Archive.git,local,tasteful-conch-147
19ecdc3c1caf465eb9fa5928111ddc11,492412552823949607,FINISHED,/data/d1/ts_archive/results/492412552823949607/19ecdc3c1caf465eb9fa5928111ddc11/artifacts,2026-01-09 11:23:44.847000+00:00,2026-01-09 11:24:56.603000+00:00,1.3295090533792973,0.00018651922746623138,67.7648523710808,0.030622884296034086,0.3333333333333333,0.3333333333333333,51.477550292387605,218.27991926213096,0.5,0.5,0.5,0.5147755029238761,,2294502.0,6776.485237108081,21570641.0,0.5,200,8,MLP,0.5,,False,8,9,STEW,0,sktime 0.39.0,256,100,/data/d1/ts_archive/datasets,entropy,2,0,32,/data/d1/ts_archive/results/492412552823949607/19ecdc3c1caf465eb9fa5928111ddc11/artifacts,64,0.01,1234,XRF,0.001,26373,0,14,NVIDIA GeForce RTX 4090,19245,20,0.1,main.py,ANON1,conda,PROJECT,2ba81db4ea05c65817b596ef2f113e084de3fbd8,file:///home/ANON1/repos/TS_Archive-1#ts_archive_experiments,https://github.com/ANON2/TS_Archive.git,local,enthused-finch-841
d9177374c7364668a663b959ce0133c8,492412552823949607,FAILED,/data/d1/ts_archive/results/492412552823949607/d9177374c7364668a663b959ce0133c8/artifacts,2026-01-09 11:11:51.863000+00:00,2026-01-09 11:23:42.302000+00:00,,,,,,,,,,,,,,,,,,200,8,MCDCNN,0.5,,False,8,9,STEW,0,sktime 0.39.0,256,100,/data/d1/ts_archive/datasets,entropy,2,0,32,/data/d1/ts_archive/results/492412552823949607/d9177374c7364668a663b959ce0133c8/artifacts,64,0.01,1234,XRF,0.001,26373,2,14,NVIDIA GeForce RTX 4090,19245,20,0.1,main.py,ANON1,conda,PROJECT,2ba81db4ea05c65817b596ef2f113e084de3fbd8,file:///home/ANON1/repos/TS_Archive-1#ts_archive_experiments,https://github.com/ANON2/TS_Archive.git,local,kindly-cub-827
789395f54c624cd6a41b4b3f8258efbf,492412552823949607,FAILED,/data/d1/ts_archive/results/492412552823949607/789395f54c624cd6a41b4b3f8258efbf/artifacts,2026-01-09 11:00:10.857000+00:00,2026-01-09 11:11:50.179000+00:00,,,,,,,,,,,,,,,,,,200,8,MCDCNN,0.5,,False,8,9,STEW,0,sktime 0.39.0,256,100,/data/d1/ts_archive/datasets,entropy,2,0,32,/data/d1/ts_archive/results/492412552823949607/789395f54c624cd6a41b4b3f8258efbf/artifacts,64,0.01,1234,XRF,0.001,26373,1,14,NVIDIA GeForce RTX 4090,19245,20,0.1,main.py,ANON1,conda,PROJECT,2ba81db4ea05c65817b596ef2f113e084de3fbd8,file:///home/ANON1/repos/TS_Archive-1#ts_archive_experiments,https://github.com/ANON2/TS_Archive.git,local,grandiose-colt-602
553201e2d6a747ab8408d3c9b8f60c23,492412552823949607,FINISHED,/data/d1/ts_archive/results/492412552823949607/553201e2d6a747ab8408d3c9b8f60c23/artifacts,2026-01-09 10:48:17.209000+00:00,2026-01-09 11:00:09.332000+00:00,2.0712213795632124,0.0002905753899499456,649.2567926147724,0.038042877558643995,0.6984214180461886,0.6984214180461885,689.7799810506403,271.1696312380144,0.7172938291793427,0.7032828282828283,0.7032828282828283,6.897799810506403,,5254438.0,64925.67926147724,45086550.0,0.7032828282828283,200,8,MCDCNN,0.5,,False,8,9,STEW,0,sktime 0.39.0,256,100,/data/d1/ts_archive/datasets,entropy,2,0,32,/data/d1/ts_archive/results/492412552823949607/553201e2d6a747ab8408d3c9b8f60c23/artifacts,64,0.01,1234,XRF,0.001,26373,0,14,NVIDIA GeForce RTX 4090,19245,20,0.1,main.py,ANON1,conda,PROJECT,2ba81db4ea05c65817b596ef2f113e084de3fbd8,file:///home/ANON1/repos/TS_Archive-1#ts_archive_experiments,https://github.com/ANON2/TS_Archive.git,local,stylish-finch-406
4f8e8cd7b7564d41a455087ac7da1634,492412552823949607,FINISHED,/data/d1/ts_archive/results/492412552823949607/4f8e8cd7b7564d41a455087ac7da1634/artifacts,2026-01-09 10:39:08.593000+00:00,2026-01-09 10:48:14.477000+00:00,0.9362420551478864,0.0001313470896672119,745.2229171050936,0.01710222856001331,0.7292597412442512,0.7292597412442512,526.886241260916,121.90468517577487,0.7328960303566214,0.7300785634118967,0.7300785634118967,5.26886241260916,,280050.0,74522.29171050937,3109459.0,0.7300785634118967,200,8,LSTMFCN,0.5,,False,8,9,STEW,0,sktime 0.39.0,256,100,/data/d1/ts_archive/datasets,entropy,2,0,32,/data/d1/ts_archive/results/492412552823949607/4f8e8cd7b7564d41a455087ac7da1634/artifacts,64,0.01,1234,XRF,0.001,26373,2,14,NVIDIA GeForce RTX 4090,19245,20,0.1,main.py,ANON1,conda,PROJECT,2ba81db4ea05c65817b596ef2f113e084de3fbd8,file:///home/ANON1/repos/TS_Archive-1#ts_archive_experiments,https://github.com/ANON2/TS_Archive.git,local,dashing-newt-146
74a8c21143154bacb9fc4de4d6d49a33,492412552823949607,FINISHED,/data/d1/ts_archive/results/492412552823949607/74a8c21143154bacb9fc4de4d6d49a33/artifacts,2026-01-09 10:30:02.226000+00:00,2026-01-09 10:39:06.907000+00:00,1.0065056160092354,0.00014120449158378724,744.9592487020487,0.016810865575272387,0.7227176067966607,0.7227176067966607,525.6671554893255,119.82784982054156,0.7366300421889702,0.7258698092031426,0.7258698092031426,5.256671554893256,,280050.0,74495.92487020488,3110338.0,0.7258698092031426,200,8,LSTMFCN,0.5,,False,8,9,STEW,0,sktime 0.39.0,256,100,/data/d1/ts_archive/datasets,entropy,2,0,32,/data/d1/ts_archive/results/492412552823949607/74a8c21143154bacb9fc4de4d6d49a33/artifacts,64,0.01,1234,XRF,0.001,26373,1,14,NVIDIA GeForce RTX 4090,19245,20,0.1,main.py,ANON1,conda,PROJECT,2ba81db4ea05c65817b596ef2f113e084de3fbd8,file:///home/ANON1/repos/TS_Archive-1#ts_archive_experiments,https://github.com/ANON2/TS_Archive.git,local,valuable-shark-934
d83eb2665f2c42c8a1e3ff2c192cb4f3,492412552823949607,FINISHED,/data/d1/ts_archive/results/492412552823949607/d83eb2665f2c42c8a1e3ff2c192cb4f3/artifacts,2026-01-09 10:21:06.477000+00:00,2026-01-09 10:30:00.584000+00:00,0.9605394769459964,0.00013475581887570096,734.1875790179832,0.017142146175203793,0.6528804141375261,0.652880414137526,515.5565706379712,122.18921793685263,0.712526331469012,0.6701739618406285,0.6701739618406285,5.155565706379711,,280050.0,73418.75790179832,3109055.0,0.6701739618406285,200,8,LSTMFCN,0.5,,False,8,9,STEW,0,sktime 0.39.0,256,100,/data/d1/ts_archive/datasets,entropy,2,0,32,/data/d1/ts_archive/results/492412552823949607/d83eb2665f2c42c8a1e3ff2c192cb4f3/artifacts,64,0.01,1234,XRF,0.001,26373,0,14,NVIDIA GeForce RTX 4090,19245,20,0.1,main.py,ANON1,conda,PROJECT,2ba81db4ea05c65817b596ef2f113e084de3fbd8,file:///home/ANON1/repos/TS_Archive-1#ts_archive_experiments,https://github.com/ANON2/TS_Archive.git,local,overjoyed-snail-165
a036206e2b264084be814a8dccaa3612,492412552823949607,FINISHED,/data/d1/ts_archive/results/492412552823949607/a036206e2b264084be814a8dccaa3612/artifacts,2026-01-09 10:11:40.521000+00:00,2026-01-09 10:21:03.952000+00:00,2.0579220429062843,0.0002887096019789961,727.7012922249108,0.035855754767448414,0.7915499116567681,0.7915499116567681,542.4309439137578,255.57981998237227,0.7951323405551103,0.7920875420875422,0.7920875420875421,5.424309439137578,,494466.0,72770.12922249109,5502123.0,0.7920875420875421,200,8,InceptionTime,0.5,,False,8,9,STEW,0,sktime 0.39.0,256,100,/data/d1/ts_archive/datasets,entropy,2,0,32,/data/d1/ts_archive/results/492412552823949607/a036206e2b264084be814a8dccaa3612/artifacts,64,0.01,1234,XRF,0.001,26373,2,14,NVIDIA GeForce RTX 4090,19245,20,0.1,main.py,ANON1,conda,PROJECT,2ba81db4ea05c65817b596ef2f113e084de3fbd8,file:///home/ANON1/repos/TS_Archive-1#ts_archive_experiments,https://github.com/ANON2/TS_Archive.git,local,traveling-loon-982
57c35553827b41a5bc75ba2bc25b2a4d,492412552823949607,FINISHED,/data/d1/ts_archive/results/492412552823949607/57c35553827b41a5bc75ba2bc25b2a4d/artifacts,2026-01-09 10:02:11.983000+00:00,2026-01-09 10:11:38.751000+00:00,1.9420961327850816,0.00027246017575548284,721.8558645993647,0.03329604251260986,0.743923707501878,0.7439237075018779,546.541074147448,237.3341910298831,0.7762167798664148,0.75,0.75,5.4654107414744795,,494466.0,72185.58645993647,5502677.0,0.75,200,8,InceptionTime,0.5,,False,8,9,STEW,0,sktime 0.39.0,256,100,/data/d1/ts_archive/datasets,entropy,2,0,32,/data/d1/ts_archive/results/492412552823949607/57c35553827b41a5bc75ba2bc25b2a4d/artifacts,64,0.01,1234,XRF,0.001,26373,1,14,NVIDIA GeForce RTX 4090,19245,20,0.1,main.py,ANON1,conda,PROJECT,2ba81db4ea05c65817b596ef2f113e084de3fbd8,file:///home/ANON1/repos/TS_Archive-1#ts_archive_experiments,https://github.com/ANON2/TS_Archive.git,local,polite-shrike-264
9d6c674917a5402ebc3163c5da1377c5,492412552823949607,FINISHED,/data/d1/ts_archive/results/492412552823949607/9d6c674917a5402ebc3163c5da1377c5/artifacts,2026-01-09 09:52:40.839000+00:00,2026-01-09 10:02:10.170000+00:00,1.8578633330762384,0.00026064300407915804,722.0458278937044,0.03456638007199284,0.7958771596023201,0.7958771596023201,548.677912145853,246.38915715316497,0.8076994342078923,0.7975589225589226,0.7975589225589226,5.486779121458531,,494466.0,72204.58278937044,5500269.0,0.7975589225589226,200,8,InceptionTime,0.5,,False,8,9,STEW,0,sktime 0.39.0,256,100,/data/d1/ts_archive/datasets,entropy,2,0,32,/data/d1/ts_archive/results/492412552823949607/9d6c674917a5402ebc3163c5da1377c5/artifacts,64,0.01,1234,XRF,0.001,26373,0,14,NVIDIA GeForce RTX 4090,19245,20,0.1,main.py,ANON1,conda,PROJECT,2ba81db4ea05c65817b596ef2f113e084de3fbd8,file:///home/ANON1/repos/TS_Archive-1#ts_archive_experiments,https://github.com/ANON2/TS_Archive.git,local,flawless-sow-560
30c2bc0e182149f595f7ee5baa1189b5,492412552823949607,FINISHED,/data/d1/ts_archive/results/492412552823949607/30c2bc0e182149f595f7ee5baa1189b5/artifacts,2026-01-09 09:49:57.951000+00:00,2026-01-09 09:52:38.276000+00:00,0.7635295912623405,0.00010711694602445855,174.1648608700524,0.01414976924277087,0.7061084135085123,0.7061084135085123,141.36170010641217,100.85955516247077,0.7230123072543214,0.710297418630752,0.7102974186307519,1.4136170010641218,,279298.0,17416.48608700524,3100001.0,0.7102974186307519,200,8,FCN,0.5,,False,8,9,STEW,0,sktime 0.39.0,256,100,/data/d1/ts_archive/datasets,entropy,2,0,32,/data/d1/ts_archive/results/492412552823949607/30c2bc0e182149f595f7ee5baa1189b5/artifacts,64,0.01,1234,XRF,0.001,26373,2,14,NVIDIA GeForce RTX 4090,19245,20,0.1,main.py,ANON1,conda,PROJECT,2ba81db4ea05c65817b596ef2f113e084de3fbd8,file:///home/ANON1/repos/TS_Archive-1#ts_archive_experiments,https://github.com/ANON2/TS_Archive.git,local,melodic-donkey-12
6552055b5b3a4fd695a3260d19231951,492412552823949607,FINISHED,/data/d1/ts_archive/results/492412552823949607/6552055b5b3a4fd695a3260d19231951/artifacts,2026-01-09 09:47:26.021000+00:00,2026-01-09 09:49:56.485000+00:00,0.781462486833334,0.00010963278434811083,167.51663321939998,0.01540653992490765,0.7319859003307778,0.7319859003307778,131.5882077049464,109.81781658474173,0.7494830769579491,0.7356902356902357,0.7356902356902357,1.315882077049464,,279298.0,16751.66332194,3099570.0,0.7356902356902357,200,8,FCN,0.5,,False,8,9,STEW,0,sktime 0.39.0,256,100,/data/d1/ts_archive/datasets,entropy,2,0,32,/data/d1/ts_archive/results/492412552823949607/6552055b5b3a4fd695a3260d19231951/artifacts,64,0.01,1234,XRF,0.001,26373,1,14,NVIDIA GeForce RTX 4090,19245,20,0.1,main.py,ANON1,conda,PROJECT,2ba81db4ea05c65817b596ef2f113e084de3fbd8,file:///home/ANON1/repos/TS_Archive-1#ts_archive_experiments,https://github.com/ANON2/TS_Archive.git,local,melodic-kite-480
8329ffc6921e4ee58fa8d13a27767bd6,492412552823949607,FINISHED,/data/d1/ts_archive/results/492412552823949607/8329ffc6921e4ee58fa8d13a27767bd6/artifacts,2026-01-09 09:44:42.264000+00:00,2026-01-09 09:47:24.402000+00:00,0.7669689636677504,0.0001075994617940166,175.0753036132668,0.014299692001370773,0.6756524472220475,0.6756524472220476,142.3270373530686,101.92820458577087,0.7098563166194598,0.6851851851851851,0.6851851851851852,1.423270373530686,,279298.0,17507.53036132668,3100141.0,0.6851851851851852,200,8,FCN,0.5,,False,8,9,STEW,0,sktime 0.39.0,256,100,/data/d1/ts_archive/datasets,entropy,2,0,32,/data/d1/ts_archive/results/492412552823949607/8329ffc6921e4ee58fa8d13a27767bd6/artifacts,64,0.01,1234,XRF,0.001,26373,0,14,NVIDIA GeForce RTX 4090,19245,20,0.1,main.py,ANON1,conda,PROJECT,2ba81db4ea05c65817b596ef2f113e084de3fbd8,file:///home/ANON1/repos/TS_Archive-1#ts_archive_experiments,https://github.com/ANON2/TS_Archive.git,local,handsome-gnat-402
5120b59235d14282bc3bc2d1bc13a4ac,492412552823949607,FINISHED,/data/d1/ts_archive/results/492412552823949607/5120b59235d14282bc3bc2d1bc13a4ac/artifacts,2026-01-09 09:38:33.590000+00:00,2026-01-09 09:44:39.869000+00:00,0.3094303868710994,4.341054810200609e-05,1143.5890610179692,0.015467583736941832,0.8225178661257924,0.8225178661257924,354.6379030533135,110.25293687692138,0.8226253752940829,0.8225308641975309,0.8225308641975309,3.546379030533135,0.9308340507157055,81786.0,114358.90610179692,1162297.0,0.8225308641975309,200,8,ConvTran,0.5,,False,8,9,STEW,0,PyTorch 2.9.0+cu128,256,100,/data/d1/ts_archive/datasets,entropy,2,0,32,/data/d1/ts_archive/results/492412552823949607/5120b59235d14282bc3bc2d1bc13a4ac/artifacts,64,0.01,1234,XRF,0.001,26373,2,14,NVIDIA GeForce RTX 4090,19245,20,0.1,main.py,ANON1,conda,PROJECT,2ba81db4ea05c65817b596ef2f113e084de3fbd8,file:///home/ANON1/repos/TS_Archive-1#ts_archive_experiments,https://github.com/ANON2/TS_Archive.git,local,gentle-bug-685
d5c4ef5bf7a4477fb9f1ff3c7161c38a,492412552823949607,FINISHED,/data/d1/ts_archive/results/492412552823949607/d5c4ef5bf7a4477fb9f1ff3c7161c38a/artifacts,2026-01-09 09:32:25.769000+00:00,2026-01-09 09:38:31.892000+00:00,0.3157005254179239,4.429019716862008e-05,1143.8325054041582,0.015357396867189607,0.8000868918507293,0.8000868918507293,354.4304336886853,109.46752486932752,0.8030405324941131,0.8005050505050505,0.8005050505050505,3.544304336886853,1.2465322971611579,81786.0,114383.25054041581,1162297.0,0.8005050505050505,200,8,ConvTran,0.5,,False,8,9,STEW,0,PyTorch 2.9.0+cu128,256,100,/data/d1/ts_archive/datasets,entropy,2,0,32,/data/d1/ts_archive/results/492412552823949607/d5c4ef5bf7a4477fb9f1ff3c7161c38a/artifacts,64,0.01,1234,XRF,0.001,26373,1,14,NVIDIA GeForce RTX 4090,19245,20,0.1,main.py,ANON1,conda,PROJECT,2ba81db4ea05c65817b596ef2f113e084de3fbd8,file:///home/ANON1/repos/TS_Archive-1#ts_archive_experiments,https://github.com/ANON2/TS_Archive.git,local,gregarious-bug-439
347a5fbca7c24a5eb62fdc458be33717,492412552823949607,FINISHED,/data/d1/ts_archive/results/492412552823949607/347a5fbca7c24a5eb62fdc458be33717/artifacts,2026-01-09 09:26:15.599000+00:00,2026-01-09 09:32:23.966000+00:00,0.3096159994602203,4.34365880275281e-05,1142.1554543855605,0.013476325401702315,0.788747633743452,0.788747633743452,356.7558512594551,96.0592474633341,0.7894812893953713,0.7888608305274972,0.7888608305274972,3.567558512594551,1.231643882664767,81786.0,114215.54543855604,1162297.0,0.7888608305274972,200,8,ConvTran,0.5,,False,8,9,STEW,0,PyTorch 2.9.0+cu128,256,100,/data/d1/ts_archive/datasets,entropy,2,0,32,/data/d1/ts_archive/results/492412552823949607/347a5fbca7c24a5eb62fdc458be33717/artifacts,64,0.01,1234,XRF,0.001,26373,0,14,NVIDIA GeForce RTX 4090,19245,20,0.1,main.py,ANON1,conda,PROJECT,2ba81db4ea05c65817b596ef2f113e084de3fbd8,file:///home/ANON1/repos/TS_Archive-1#ts_archive_experiments,https://github.com/ANON2/TS_Archive.git,local,powerful-pug-503
8bfd8a8172b847baa9da293831700c74,492412552823949607,FINISHED,/data/d1/ts_archive/results/492412552823949607/8bfd8a8172b847baa9da293831700c74/artifacts,2026-01-09 09:24:06.848000+00:00,2026-01-09 09:26:13.153000+00:00,0.2982940562069416,4.1848212150244336e-05,283.796944675398,0.009433411821091805,0.7025255886792084,0.7025255886792086,114.91547579318284,67.24135946074239,0.7032575483634468,0.7027216610549945,0.7027216610549943,1.1491547579318284,4.618135640650619,28226.0,28379.6944675398,346805.0,0.7027216610549943,200,8,SFCN,0.5,,False,8,9,STEW,0,PyTorch 2.9.0+cu128,256,100,/data/d1/ts_archive/datasets,entropy,2,0,32,/data/d1/ts_archive/results/492412552823949607/8bfd8a8172b847baa9da293831700c74/artifacts,64,0.01,1234,XRF,0.001,26373,2,14,NVIDIA GeForce RTX 4090,19245,20,0.1,main.py,ANON1,conda,PROJECT,2ba81db4ea05c65817b596ef2f113e084de3fbd8,file:///home/ANON1/repos/TS_Archive-1#ts_archive_experiments,https://github.com/ANON2/TS_Archive.git,local,gifted-dolphin-541
1361d9ff67f24994890bbf51a979be28,492412552823949607,FINISHED,/data/d1/ts_archive/results/492412552823949607/1361d9ff67f24994890bbf51a979be28/artifacts,2026-01-09 09:21:58.331000+00:00,2026-01-09 09:24:05.139000+00:00,0.2652492951601743,3.7212302912482365e-05,282.2602943239452,0.007979282978061204,0.6814589541190774,0.6814589541190774,115.2374317087233,56.87632906762026,0.6817170535256092,0.6815375982042648,0.6815375982042648,1.1523743170872331,9.662787359839204,28226.0,28226.02943239452,346805.0,0.6815375982042648,200,8,SFCN,0.5,,False,8,9,STEW,0,PyTorch 2.9.0+cu128,256,100,/data/d1/ts_archive/datasets,entropy,2,0,32,/data/d1/ts_archive/results/492412552823949607/1361d9ff67f24994890bbf51a979be28/artifacts,64,0.01,1234,XRF,0.001,26373,1,14,NVIDIA GeForce RTX 4090,19245,20,0.1,main.py,ANON1,conda,PROJECT,2ba81db4ea05c65817b596ef2f113e084de3fbd8,file:///home/ANON1/repos/TS_Archive-1#ts_archive_experiments,https://github.com/ANON2/TS_Archive.git,local,righteous-rat-764
eb39344dca5541c7901073a6eaad6343,492412552823949607,FINISHED,/data/d1/ts_archive/results/492412552823949607/eb39344dca5541c7901073a6eaad6343/artifacts,2026-01-09 09:19:50.104000+00:00,2026-01-09 09:21:56.684000+00:00,0.1428901869803667,2.0046322528109808e-05,275.3274836779524,0.0041493850906267424,0.738522621331736,0.738522621331736,114.91995561681688,29.576816925987423,0.7423602237682494,0.739337822671156,0.739337822671156,1.1491995561681687,2.2987179216979996,28226.0,27532.74836779524,346805.0,0.739337822671156,200,8,SFCN,0.5,,False,8,9,STEW,0,PyTorch 2.9.0+cu128,256,100,/data/d1/ts_archive/datasets,entropy,2,0,32,/data/d1/ts_archive/results/492412552823949607/eb39344dca5541c7901073a6eaad6343/artifacts,64,0.01,1234,XRF,0.001,26373,0,14,NVIDIA GeForce RTX 4090,19245,20,0.1,main.py,ANON1,conda,PROJECT,2ba81db4ea05c65817b596ef2f113e084de3fbd8,file:///home/ANON1/repos/TS_Archive-1#ts_archive_experiments,https://github.com/ANON2/TS_Archive.git,local,receptive-snail-172
80900ed6254a40f1a00d2bb909bd581a,492412552823949607,FINISHED,/data/d1/ts_archive/results/492412552823949607/80900ed6254a40f1a00d2bb909bd581a/artifacts,2026-01-09 09:16:02.838000+00:00,2026-01-09 09:19:47.604000+00:00,1.234841614961624,0.00043680283514737316,217.47227301397442,0.05565461428513964,0.8628356988276266,0.8473515125492085,205.246217770502,157.33559458408976,0.9001219423432759,0.865634896855802,0.8532012734347365,2.05246217770502,,541963.0,21747.22730139744,6017514.0,0.8532012734347365,200,8,ResNet,0.5,,False,8,9,Skoda,0,sktime 0.39.0,100,100,/data/d1/ts_archive/datasets,entropy,11,0,32,/data/d1/ts_archive/results/492412552823949607/80900ed6254a40f1a00d2bb909bd581a/artifacts,64,0.01,1234,XRF,0.001,12988,2,60,NVIDIA GeForce RTX 4090,10161,20,0.1,main.py,ANON1,conda,PROJECT,2ba81db4ea05c65817b596ef2f113e084de3fbd8,file:///home/ANON1/repos/TS_Archive-1#ts_archive_experiments,https://github.com/ANON2/TS_Archive.git,local,welcoming-chimp-654
c98dd402d7084cd1943ae24504001903,492412552823949607,FINISHED,/data/d1/ts_archive/results/492412552823949607/c98dd402d7084cd1943ae24504001903/artifacts,2026-01-09 09:12:16.893000+00:00,2026-01-09 09:16:01.185000+00:00,1.3605395667254925,0.0004812662068360426,214.80457514884918,0.060784563424879326,0.9528892832417264,0.9554929995785156,204.61715587601063,171.83796080213386,0.9529192802167517,0.9571647818261088,0.9529536611248673,2.0461715587601064,,541963.0,21480.457514884918,6009046.0,0.9529536611248673,200,8,ResNet,0.5,,False,8,9,Skoda,0,sktime 0.39.0,100,100,/data/d1/ts_archive/datasets,entropy,11,0,32,/data/d1/ts_archive/results/492412552823949607/c98dd402d7084cd1943ae24504001903/artifacts,64,0.01,1234,XRF,0.001,12988,1,60,NVIDIA GeForce RTX 4090,10161,20,0.1,main.py,ANON1,conda,PROJECT,2ba81db4ea05c65817b596ef2f113e084de3fbd8,file:///home/ANON1/repos/TS_Archive-1#ts_archive_experiments,https://github.com/ANON2/TS_Archive.git,local,unruly-sow-595
71c619ccf22246a3b25719f0bdd7f65f,492412552823949607,FINISHED,/data/d1/ts_archive/results/492412552823949607/71c619ccf22246a3b25719f0bdd7f65f/artifacts,2026-01-09 09:08:35.274000+00:00,2026-01-09 09:12:15.292000+00:00,1.2343536522239449,0.00043663022717507777,214.0393531162608,0.0570331626947185,0.9540703298885078,0.9534841851551641,203.0335004273802,161.2327509379692,0.9544246522354967,0.9571748329023076,0.9540148567385921,2.030335004273802,,541963.0,21403.93531162608,6010379.0,0.9540148567385921,200,8,ResNet,0.5,,False,8,9,Skoda,0,sktime 0.39.0,100,100,/data/d1/ts_archive/datasets,entropy,11,0,32,/data/d1/ts_archive/results/492412552823949607/71c619ccf22246a3b25719f0bdd7f65f/artifacts,64,0.01,1234,XRF,0.001,12988,0,60,NVIDIA GeForce RTX 4090,10161,20,0.1,main.py,ANON1,conda,PROJECT,2ba81db4ea05c65817b596ef2f113e084de3fbd8,file:///home/ANON1/repos/TS_Archive-1#ts_archive_experiments,https://github.com/ANON2/TS_Archive.git,local,merciful-vole-812
b7fac8e333f94dbdaa546f3f3e33a5d1,492412552823949607,FINISHED,/data/d1/ts_archive/results/492412552823949607/b7fac8e333f94dbdaa546f3f3e33a5d1/artifacts,2026-01-09 09:07:39.772000+00:00,2026-01-09 09:08:33.541000+00:00,1.004556903615594,0.0003553437932846105,46.3001034228516,0.05516877637516524,0.8921895010144006,0.8752080379215413,34.616741543635726,155.96213081259214,0.8952334827436271,0.8641565215792667,0.8928192430137956,0.34616741543635726,,3507011.0,4630.01034228516,30849091.0,0.8928192430137956,200,8,MLP,0.5,,False,8,9,Skoda,0,sktime 0.39.0,100,100,/data/d1/ts_archive/datasets,entropy,11,0,32,/data/d1/ts_archive/results/492412552823949607/b7fac8e333f94dbdaa546f3f3e33a5d1/artifacts,64,0.01,1234,XRF,0.001,12988,2,60,NVIDIA GeForce RTX 4090,10161,20,0.1,main.py,ANON1,conda,PROJECT,2ba81db4ea05c65817b596ef2f113e084de3fbd8,file:///home/ANON1/repos/TS_Archive-1#ts_archive_experiments,https://github.com/ANON2/TS_Archive.git,local,fortunate-gnat-328
49165971946a4aee9acd77a606675d26,492412552823949607,FINISHED,/data/d1/ts_archive/results/492412552823949607/49165971946a4aee9acd77a606675d26/artifacts,2026-01-09 09:06:48.243000+00:00,2026-01-09 09:07:38.254000+00:00,1.1688041854649782,0.0004134432916395395,46.9420575520896,0.06420522726479454,0.8979805724758494,0.8862370573007259,35.5912655685097,181.50817747757415,0.9021849077116041,0.8729240565580263,0.8984789529536611,0.355912655685097,,3507011.0,4694.20575520896,30764690.0,0.8984789529536611,200,8,MLP,0.5,,False,8,9,Skoda,0,sktime 0.39.0,100,100,/data/d1/ts_archive/datasets,entropy,11,0,32,/data/d1/ts_archive/results/492412552823949607/49165971946a4aee9acd77a606675d26/artifacts,64,0.01,1234,XRF,0.001,12988,1,60,NVIDIA GeForce RTX 4090,10161,20,0.1,main.py,ANON1,conda,PROJECT,2ba81db4ea05c65817b596ef2f113e084de3fbd8,file:///home/ANON1/repos/TS_Archive-1#ts_archive_experiments,https://github.com/ANON2/TS_Archive.git,local,sedate-yak-448
15794849cba84152a764ae01b3f1a81c,492412552823949607,FINISHED,/data/d1/ts_archive/results/492412552823949607/15794849cba84152a764ae01b3f1a81c/artifacts,2026-01-09 09:05:54.678000+00:00,2026-01-09 09:06:47.370000+00:00,1.0783215072005987,0.000381436684542129,44.9825149561536,0.056784267476363164,0.9152559128352747,0.9028060584753717,32.93946720287204,160.52912415567866,0.9153043444105129,0.8975574149451504,0.9158118146444995,0.32939467202872036,,3507011.0,4498.25149561536,30542466.0,0.9158118146444995,200,8,MLP,0.5,,False,8,9,Skoda,0,sktime 0.39.0,100,100,/data/d1/ts_archive/datasets,entropy,11,0,32,/data/d1/ts_archive/results/492412552823949607/15794849cba84152a764ae01b3f1a81c/artifacts,64,0.01,1234,XRF,0.001,12988,0,60,NVIDIA GeForce RTX 4090,10161,20,0.1,main.py,ANON1,conda,PROJECT,2ba81db4ea05c65817b596ef2f113e084de3fbd8,file:///home/ANON1/repos/TS_Archive-1#ts_archive_experiments,https://github.com/ANON2/TS_Archive.git,local,bedecked-panda-25
4c8308167ea14a34ad5caa0ccc76b5ef,492412552823949607,FINISHED,/data/d1/ts_archive/results/492412552823949607/4c8308167ea14a34ad5caa0ccc76b5ef/artifacts,2026-01-09 08:55:57.105000+00:00,2026-01-09 09:05:52.112000+00:00,4.43349664285779,0.0015682690636214325,579.7877813153208,0.19446973713232402,0.9320484020280964,0.9363990227582842,567.9842879939824,549.76594687308,0.9325547395802836,0.941487257410004,0.9320834807216131,5.679842879939824,,8815355.0,57978.778131532075,72872264.0,0.9320834807216131,200,8,MCDCNN,0.5,,False,8,9,Skoda,0,sktime 0.39.0,100,100,/data/d1/ts_archive/datasets,entropy,11,0,32,/data/d1/ts_archive/results/492412552823949607/4c8308167ea14a34ad5caa0ccc76b5ef/artifacts,64,0.01,1234,XRF,0.001,12988,2,60,NVIDIA GeForce RTX 4090,10161,20,0.1,main.py,ANON1,conda,PROJECT,2ba81db4ea05c65817b596ef2f113e084de3fbd8,file:///home/ANON1/repos/TS_Archive-1#ts_archive_experiments,https://github.com/ANON2/TS_Archive.git,local,rumbling-mink-655
be5d543132de4c23a7a402d82afac64e,492412552823949607,FINISHED,/data/d1/ts_archive/results/492412552823949607/be5d543132de4c23a7a402d82afac64e/artifacts,2026-01-09 08:48:08.301000+00:00,2026-01-09 08:55:55.574000+00:00,4.714000292122364,0.0016674921443658875,517.4564297622336,0.20617797574594976,0.9251094577581831,0.9327343781487457,439.9816527720541,582.8651374338,0.9258904347195175,0.9313459089804234,0.925008843296781,4.3998165277205405,,8815355.0,51745.64297622336,72858395.0,0.925008843296781,200,8,MCDCNN,0.5,,False,8,9,Skoda,0,sktime 0.39.0,100,100,/data/d1/ts_archive/datasets,entropy,11,0,32,/data/d1/ts_archive/results/492412552823949607/be5d543132de4c23a7a402d82afac64e/artifacts,64,0.01,1234,XRF,0.001,12988,1,60,NVIDIA GeForce RTX 4090,10161,20,0.1,main.py,ANON1,conda,PROJECT,2ba81db4ea05c65817b596ef2f113e084de3fbd8,file:///home/ANON1/repos/TS_Archive-1#ts_archive_experiments,https://github.com/ANON2/TS_Archive.git,local,magnificent-crow-101
9e6a1b67130f4659b527366328a9a720,492412552823949607,FINISHED,/data/d1/ts_archive/results/492412552823949607/9e6a1b67130f4659b527366328a9a720/artifacts,2026-01-09 08:39:00.203000+00:00,2026-01-09 08:48:06.682000+00:00,4.578516596928239,0.0016195672433421432,549.7141372652736,0.19835581415558542,0.9122483585037432,0.9108160099492498,518.9138394277543,560.75188661784,0.9139388279303157,0.9115072707748038,0.9126282278033251,5.189138394277543,,8815355.0,54971.41372652736,72854160.0,0.9126282278033251,200,8,MCDCNN,0.5,,False,8,9,Skoda,0,sktime 0.39.0,100,100,/data/d1/ts_archive/datasets,entropy,11,0,32,/data/d1/ts_archive/results/492412552823949607/9e6a1b67130f4659b527366328a9a720/artifacts,64,0.01,1234,XRF,0.001,12988,0,60,NVIDIA GeForce RTX 4090,10161,20,0.1,main.py,ANON1,conda,PROJECT,2ba81db4ea05c65817b596ef2f113e084de3fbd8,file:///home/ANON1/repos/TS_Archive-1#ts_archive_experiments,https://github.com/ANON2/TS_Archive.git,local,puzzled-bee-205
84784d9086b74c17a08e6bd468339e9c,492412552823949607,FINISHED,/data/d1/ts_archive/results/492412552823949607/84784d9086b74c17a08e6bd468339e9c/artifacts,2026-01-09 08:35:07.411000+00:00,2026-01-09 08:38:57.531000+00:00,0.5180766880512238,0.00018326023631100947,274.522700472084,0.01996634159640436,0.9158257755243729,0.9002403711885448,210.78003039956093,56.44484769303512,0.926415195444062,0.916125871500973,0.9151043509020163,2.1078003039956092,,329859.0,27452.2700472084,3676159.0,0.9151043509020163,200,8,LSTMFCN,0.5,,False,8,9,Skoda,0,sktime 0.39.0,100,100,/data/d1/ts_archive/datasets,entropy,11,0,32,/data/d1/ts_archive/results/492412552823949607/84784d9086b74c17a08e6bd468339e9c/artifacts,64,0.01,1234,XRF,0.001,12988,2,60,NVIDIA GeForce RTX 4090,10161,20,0.1,main.py,ANON1,conda,PROJECT,2ba81db4ea05c65817b596ef2f113e084de3fbd8,file:///home/ANON1/repos/TS_Archive-1#ts_archive_experiments,https://github.com/ANON2/TS_Archive.git,local,capricious-hog-44
7a91801811c4459c94f1b444613edbae,492412552823949607,FINISHED,/data/d1/ts_archive/results/492412552823949607/7a91801811c4459c94f1b444613edbae/artifacts,2026-01-09 08:31:14.422000+00:00,2026-01-09 08:35:05.317000+00:00,0.4706563856452703,0.00016648616400610905,272.9989666610712,0.018355372613257846,0.7657892412056674,0.7708677323859515,211.9340536352247,51.89063837767993,0.8522229548082021,0.8181053504404048,0.77431906614786,2.119340536352247,,329859.0,27299.89666610712,3670313.0,0.77431906614786,200,8,LSTMFCN,0.5,,False,8,9,Skoda,0,sktime 0.39.0,100,100,/data/d1/ts_archive/datasets,entropy,11,0,32,/data/d1/ts_archive/results/492412552823949607/7a91801811c4459c94f1b444613edbae/artifacts,64,0.01,1234,XRF,0.001,12988,1,60,NVIDIA GeForce RTX 4090,10161,20,0.1,main.py,ANON1,conda,PROJECT,2ba81db4ea05c65817b596ef2f113e084de3fbd8,file:///home/ANON1/repos/TS_Archive-1#ts_archive_experiments,https://github.com/ANON2/TS_Archive.git,local,bright-bass-247
ec8b5c15549f4ee1a267a650ff48fc9c,492412552823949607,FINISHED,/data/d1/ts_archive/results/492412552823949607/ec8b5c15549f4ee1a267a650ff48fc9c/artifacts,2026-01-09 08:27:28.630000+00:00,2026-01-09 08:31:12.653000+00:00,0.3773032464087009,0.00013346418337767984,267.8076630521532,0.016275306986269732,0.908509090588713,0.8936994379949151,205.6171100456268,46.010292850184534,0.9193262647609375,0.9026859371349795,0.9059073222497347,2.0561711004562677,,329859.0,26780.766305215322,3670389.0,0.9059073222497347,200,8,LSTMFCN,0.5,,False,8,9,Skoda,0,sktime 0.39.0,100,100,/data/d1/ts_archive/datasets,entropy,11,0,32,/data/d1/ts_archive/results/492412552823949607/ec8b5c15549f4ee1a267a650ff48fc9c/artifacts,64,0.01,1234,XRF,0.001,12988,0,60,NVIDIA GeForce RTX 4090,10161,20,0.1,main.py,ANON1,conda,PROJECT,2ba81db4ea05c65817b596ef2f113e084de3fbd8,file:///home/ANON1/repos/TS_Archive-1#ts_archive_experiments,https://github.com/ANON2/TS_Archive.git,local,crawling-grub-414
56d80f9f7ef147ba83b4a5d26126bf6c,492412552823949607,FINISHED,/data/d1/ts_archive/results/492412552823949607/56d80f9f7ef147ba83b4a5d26126bf6c/artifacts,2026-01-09 08:22:11.834000+00:00,2026-01-09 08:27:26.055000+00:00,1.3431112729012966,0.00047510126384906143,295.99467201322915,0.0618916521388369,0.9510980767167456,0.9529362535830745,293.8632155638188,174.9677005964919,0.95123745166585,0.9532404609426647,0.9511850017686594,2.9386321556381882,,504459.0,29599.467201322917,5602741.0,0.9511850017686594,200,8,InceptionTime,0.5,,False,8,9,Skoda,0,sktime 0.39.0,100,100,/data/d1/ts_archive/datasets,entropy,11,0,32,/data/d1/ts_archive/results/492412552823949607/56d80f9f7ef147ba83b4a5d26126bf6c/artifacts,64,0.01,1234,XRF,0.001,12988,2,60,NVIDIA GeForce RTX 4090,10161,20,0.1,main.py,ANON1,conda,PROJECT,2ba81db4ea05c65817b596ef2f113e084de3fbd8,file:///home/ANON1/repos/TS_Archive-1#ts_archive_experiments,https://github.com/ANON2/TS_Archive.git,local,honorable-rook-613
7e855faaee594db0af64d33d8d18a240,492412552823949607,FINISHED,/data/d1/ts_archive/results/492412552823949607/7e855faaee594db0af64d33d8d18a240/artifacts,2026-01-09 08:16:57.981000+00:00,2026-01-09 08:22:10.136000+00:00,1.4318272434175014,0.000506482930108773,297.1608222358764,0.06222455361936306,0.9356066005448044,0.9339865457752944,292.0168664883822,175.90881308193937,0.9368827948545638,0.9363530161552748,0.9363282631765122,2.920168664883822,,504459.0,29716.08222358764,5608216.0,0.9363282631765122,200,8,InceptionTime,0.5,,False,8,9,Skoda,0,sktime 0.39.0,100,100,/data/d1/ts_archive/datasets,entropy,11,0,32,/data/d1/ts_archive/results/492412552823949607/7e855faaee594db0af64d33d8d18a240/artifacts,64,0.01,1234,XRF,0.001,12988,1,60,NVIDIA GeForce RTX 4090,10161,20,0.1,main.py,ANON1,conda,PROJECT,2ba81db4ea05c65817b596ef2f113e084de3fbd8,file:///home/ANON1/repos/TS_Archive-1#ts_archive_experiments,https://github.com/ANON2/TS_Archive.git,local,upset-stag-775
91d12d65855a4689b0edac956b1a9b87,492412552823949607,FINISHED,/data/d1/ts_archive/results/492412552823949607/91d12d65855a4689b0edac956b1a9b87/artifacts,2026-01-09 08:11:40.423000+00:00,2026-01-09 08:16:56.135000+00:00,1.3951618000864985,0.0004935131942293946,299.5226749532916,0.06304617760605147,0.9472060891306474,0.9461515785516551,295.6113604567945,178.2315440923075,0.9481624156268852,0.9399210999026812,0.9472939511850018,2.956113604567945,,504459.0,29952.26749532916,5605930.0,0.9472939511850018,200,8,InceptionTime,0.5,,False,8,9,Skoda,0,sktime 0.39.0,100,100,/data/d1/ts_archive/datasets,entropy,11,0,32,/data/d1/ts_archive/results/492412552823949607/91d12d65855a4689b0edac956b1a9b87/artifacts,64,0.01,1234,XRF,0.001,12988,0,60,NVIDIA GeForce RTX 4090,10161,20,0.1,main.py,ANON1,conda,PROJECT,2ba81db4ea05c65817b596ef2f113e084de3fbd8,file:///home/ANON1/repos/TS_Archive-1#ts_archive_experiments,https://github.com/ANON2/TS_Archive.git,local,persistent-fawn-712
77a76c49b6b147cb936ab2cf53eeec33,492412552823949607,FINISHED,/data/d1/ts_archive/results/492412552823949607/77a76c49b6b147cb936ab2cf53eeec33/artifacts,2026-01-09 08:10:04.110000+00:00,2026-01-09 08:11:37.733000+00:00,0.6916113290935755,0.0002446449696121597,85.34232998492399,0.031742685164036485,0.9086294539007338,0.9047152878429348,74.36739376746118,89.73657095873114,0.9101629545050635,0.9132197444047783,0.9087371772196675,0.7436739376746118,,327563.0,8534.2329984924,3653414.0,0.9087371772196675,200,8,FCN,0.5,,False,8,9,Skoda,0,sktime 0.39.0,100,100,/data/d1/ts_archive/datasets,entropy,11,0,32,/data/d1/ts_archive/results/492412552823949607/77a76c49b6b147cb936ab2cf53eeec33/artifacts,64,0.01,1234,XRF,0.001,12988,2,60,NVIDIA GeForce RTX 4090,10161,20,0.1,main.py,ANON1,conda,PROJECT,2ba81db4ea05c65817b596ef2f113e084de3fbd8,file:///home/ANON1/repos/TS_Archive-1#ts_archive_experiments,https://github.com/ANON2/TS_Archive.git,local,youthful-finch-330
158d0d3e0d334dd5bd6ea59edb9684b5,492412552823949607,FINISHED,/data/d1/ts_archive/results/492412552823949607/158d0d3e0d334dd5bd6ea59edb9684b5/artifacts,2026-01-09 08:08:32.581000+00:00,2026-01-09 08:10:02.417000+00:00,0.7231735773384571,0.00025580954274441356,81.565289149518,0.030993575478429986,0.8857101389225419,0.8831916261183124,70.43129978515208,87.61883787752157,0.9123728701774024,0.9024821978700358,0.8807923593915812,0.7043129978515208,,327563.0,8156.528914951799,3649946.0,0.8807923593915812,200,8,FCN,0.5,,False,8,9,Skoda,0,sktime 0.39.0,100,100,/data/d1/ts_archive/datasets,entropy,11,0,32,/data/d1/ts_archive/results/492412552823949607/158d0d3e0d334dd5bd6ea59edb9684b5/artifacts,64,0.01,1234,XRF,0.001,12988,1,60,NVIDIA GeForce RTX 4090,10161,20,0.1,main.py,ANON1,conda,PROJECT,2ba81db4ea05c65817b596ef2f113e084de3fbd8,file:///home/ANON1/repos/TS_Archive-1#ts_archive_experiments,https://github.com/ANON2/TS_Archive.git,local,traveling-shoat-124
02353cbcf0c14a208ac9917b9332d631,492412552823949607,FINISHED,/data/d1/ts_archive/results/492412552823949607/02353cbcf0c14a208ac9917b9332d631/artifacts,2026-01-09 08:06:59.875000+00:00,2026-01-09 08:08:30.796000+00:00,0.6971039082854986,0.00024658786992766136,83.5956675655596,0.03381759448621544,0.8288491923764442,0.7952802920938672,70.89873956516385,95.60233961253105,0.8566474813724685,0.808080454846171,0.8326848249027238,0.7089873956516385,,327563.0,8359.56675655596,3647225.0,0.8326848249027238,200,8,FCN,0.5,,False,8,9,Skoda,0,sktime 0.39.0,100,100,/data/d1/ts_archive/datasets,entropy,11,0,32,/data/d1/ts_archive/results/492412552823949607/02353cbcf0c14a208ac9917b9332d631/artifacts,64,0.01,1234,XRF,0.001,12988,0,60,NVIDIA GeForce RTX 4090,10161,20,0.1,main.py,ANON1,conda,PROJECT,2ba81db4ea05c65817b596ef2f113e084de3fbd8,file:///home/ANON1/repos/TS_Archive-1#ts_archive_experiments,https://github.com/ANON2/TS_Archive.git,local,invincible-shrew-222
791e257eb7e24987b930c903c2faecdf,492412552823949607,FINISHED,/data/d1/ts_archive/results/492412552823949607/791e257eb7e24987b930c903c2faecdf/artifacts,2026-01-09 08:01:52.663000+00:00,2026-01-09 08:06:57.208000+00:00,0.2126513253897428,7.522155125211984e-05,1243.920113324532,0.021353372136052803,0.9343287193481247,0.9363742558281789,293.35812584869564,60.36598302862128,0.9349504052569119,0.9354931587650722,0.9342058719490626,2.9335812584869565,0.2154835028133082,270051.0,124392.0113324532,3366713.0,0.9342058719490626,200,8,ConvTran,0.5,,False,8,9,Skoda,0,PyTorch 2.9.0+cu128,100,100,/data/d1/ts_archive/datasets,entropy,11,0,32,/data/d1/ts_archive/results/492412552823949607/791e257eb7e24987b930c903c2faecdf/artifacts,64,0.01,1234,XRF,0.001,12988,2,60,NVIDIA GeForce RTX 4090,10161,20,0.1,main.py,ANON1,conda,PROJECT,2ba81db4ea05c65817b596ef2f113e084de3fbd8,file:///home/ANON1/repos/TS_Archive-1#ts_archive_experiments,https://github.com/ANON2/TS_Archive.git,local,sedate-kit-599
daaade27f22f43a8a1f8121b524a9e4c,492412552823949607,FINISHED,/data/d1/ts_archive/results/492412552823949607/daaade27f22f43a8a1f8121b524a9e4c/artifacts,2026-01-09 07:56:45.262000+00:00,2026-01-09 08:01:51.045000+00:00,0.2188782375305891,7.742420853575844e-05,1237.4546971668408,0.02462876372250678,0.9385927327932538,0.941088071062813,294.032073976472,69.62551504352668,0.9390793314549442,0.9435495671141414,0.9388043862752034,2.9403207397647204,0.19120777431291702,270051.0,123745.46971668408,3366713.0,0.9388043862752034,200,8,ConvTran,0.5,,False,8,9,Skoda,0,PyTorch 2.9.0+cu128,100,100,/data/d1/ts_archive/datasets,entropy,11,0,32,/data/d1/ts_archive/results/492412552823949607/daaade27f22f43a8a1f8121b524a9e4c/artifacts,64,0.01,1234,XRF,0.001,12988,1,60,NVIDIA GeForce RTX 4090,10161,20,0.1,main.py,ANON1,conda,PROJECT,2ba81db4ea05c65817b596ef2f113e084de3fbd8,file:///home/ANON1/repos/TS_Archive-1#ts_archive_experiments,https://github.com/ANON2/TS_Archive.git,local,thoughtful-bird-474
2e529cc32a3943a0913f549a29afbb9a,492412552823949607,FINISHED,/data/d1/ts_archive/results/492412552823949607/2e529cc32a3943a0913f549a29afbb9a/artifacts,2026-01-09 07:51:39.218000+00:00,2026-01-09 07:56:43.423000+00:00,0.2841532155871391,0.00010051404866895616,1228.603070219533,0.030239490132707034,0.9479223762962179,0.9489221091708554,292.3613206092268,85.48703860516278,0.9482421128278642,0.9471890640849758,0.948001414927485,2.923613206092268,0.1550417649485553,270051.0,122860.30702195331,3366713.0,0.948001414927485,200,8,ConvTran,0.5,,False,8,9,Skoda,0,PyTorch 2.9.0+cu128,100,100,/data/d1/ts_archive/datasets,entropy,11,0,32,/data/d1/ts_archive/results/492412552823949607/2e529cc32a3943a0913f549a29afbb9a/artifacts,64,0.01,1234,XRF,0.001,12988,0,60,NVIDIA GeForce RTX 4090,10161,20,0.1,main.py,ANON1,conda,PROJECT,2ba81db4ea05c65817b596ef2f113e084de3fbd8,file:///home/ANON1/repos/TS_Archive-1#ts_archive_experiments,https://github.com/ANON2/TS_Archive.git,local,calm-swan-412
b8da6708cf9040c6a5991c68a399b129,492412552823949607,FINISHED,/data/d1/ts_archive/results/492412552823949607/b8da6708cf9040c6a5991c68a399b129/artifacts,2026-01-09 07:50:19.491000+00:00,2026-01-09 07:51:36.573000+00:00,0.0725380405783653,2.5659016829984186e-05,158.9239507083912,0.004252297572436261,0.9299719642717081,0.924107294823299,65.73248445615172,12.02124523727731,0.9324953287108028,0.9100213562989911,0.9299610894941635,0.6573248445615172,0.20421591705764863,40523.0,15892.39507083912,494261.0,0.9299610894941635,200,8,SFCN,0.5,,False,8,9,Skoda,0,PyTorch 2.9.0+cu128,100,100,/data/d1/ts_archive/datasets,entropy,11,0,32,/data/d1/ts_archive/results/492412552823949607/b8da6708cf9040c6a5991c68a399b129/artifacts,64,0.01,1234,XRF,0.001,12988,2,60,NVIDIA GeForce RTX 4090,10161,20,0.1,main.py,ANON1,conda,PROJECT,2ba81db4ea05c65817b596ef2f113e084de3fbd8,file:///home/ANON1/repos/TS_Archive-1#ts_archive_experiments,https://github.com/ANON2/TS_Archive.git,local,merciful-cat-945
537bca71aecd4775a5a67c1497294dfb,492412552823949607,FINISHED,/data/d1/ts_archive/results/492412552823949607/537bca71aecd4775a5a67c1497294dfb/artifacts,2026-01-09 07:49:01.310000+00:00,2026-01-09 07:50:17.722000+00:00,0.0631880760192871,2.2351636370458824e-05,156.2303601785016,0.004898022603864572,0.9183189665238697,0.9079229138627899,65.04769878461957,13.846709901125145,0.920445991392194,0.8992445687304937,0.9182879377431906,0.6504769878461957,0.21786280432310803,40523.0,15623.03601785016,494261.0,0.9182879377431906,200,8,SFCN,0.5,,False,8,9,Skoda,0,PyTorch 2.9.0+cu128,100,100,/data/d1/ts_archive/datasets,entropy,11,0,32,/data/d1/ts_archive/results/492412552823949607/537bca71aecd4775a5a67c1497294dfb/artifacts,64,0.01,1234,XRF,0.001,12988,1,60,NVIDIA GeForce RTX 4090,10161,20,0.1,main.py,ANON1,conda,PROJECT,2ba81db4ea05c65817b596ef2f113e084de3fbd8,file:///home/ANON1/repos/TS_Archive-1#ts_archive_experiments,https://github.com/ANON2/TS_Archive.git,local,amusing-colt-975
0109f10a89504d2c93fb7d243468188b,492412552823949607,FINISHED,/data/d1/ts_archive/results/492412552823949607/0109f10a89504d2c93fb7d243468188b/artifacts,2026-01-09 07:47:42.510000+00:00,2026-01-09 07:48:59.532000+00:00,0.0622735563665628,2.2028141622413442e-05,154.5034331638584,0.0036726046939346817,0.9312358500134198,0.9176457084259488,65.81913721933961,10.382453469753345,0.9322441857869757,0.9160874852950748,0.9310222851078882,0.6581913721933961,0.1880557874423858,40523.0,15450.343316385839,494261.0,0.9310222851078882,200,8,SFCN,0.5,,False,8,9,Skoda,0,PyTorch 2.9.0+cu128,100,100,/data/d1/ts_archive/datasets,entropy,11,0,32,/data/d1/ts_archive/results/492412552823949607/0109f10a89504d2c93fb7d243468188b/artifacts,64,0.01,1234,XRF,0.001,12988,0,60,NVIDIA GeForce RTX 4090,10161,20,0.1,main.py,ANON1,conda,PROJECT,2ba81db4ea05c65817b596ef2f113e084de3fbd8,file:///home/ANON1/repos/TS_Archive-1#ts_archive_experiments,https://github.com/ANON2/TS_Archive.git,local,chill-shad-427
3431d3dff55948cfa2f78fe74096dfa3,492412552823949607,FINISHED,/data/d1/ts_archive/results/492412552823949607/3431d3dff55948cfa2f78fe74096dfa3/artifacts,2026-01-09 07:38:47.715000+00:00,2026-01-09 07:47:39.893000+00:00,1.3038667142391205,0.00017979408635398795,489.8575703566548,0.024271876014035118,0.6618540999866467,0.6155458244639427,511.8698104266077,176.01964485378267,0.7503815887421778,0.6762539074065046,0.6395477109762824,5.118698104266077,,523522.0,48985.757035665476,5829907.0,0.6395477109762824,200,8,ResNet,0.5,,False,8,9,FordChallenge,0,sktime 0.39.0,40,100,/data/d1/ts_archive/datasets,entropy,2,0,32,/data/d1/ts_archive/results/492412552823949607/3431d3dff55948cfa2f78fe74096dfa3/artifacts,64,0.01,1234,XRF,0.001,33356,2,30,NVIDIA GeForce RTX 4090,26104,20,0.1,main.py,ANON1,conda,PROJECT,2ba81db4ea05c65817b596ef2f113e084de3fbd8,file:///home/ANON1/repos/TS_Archive-1#ts_archive_experiments,https://github.com/ANON2/TS_Archive.git,local,indecisive-horse-587
cbfb0ed6e6af4461936dc6399d06c959,492412552823949607,FINISHED,/data/d1/ts_archive/results/492412552823949607/cbfb0ed6e6af4461936dc6399d06c959/artifacts,2026-01-09 07:29:50.786000+00:00,2026-01-09 07:38:45.975000+00:00,1.311741979792714,0.0001809798537241603,493.3154004319944,0.023617109333207233,0.30009782963310144,0.3503651573496216,514.5835726577789,171.17680844708602,0.60382889919704,0.5175097483327058,0.396523178807947,5.145835726577789,,523522.0,49331.54004319944,5840644.0,0.396523178807947,200,8,ResNet,0.5,,False,8,9,FordChallenge,0,sktime 0.39.0,40,100,/data/d1/ts_archive/datasets,entropy,2,0,32,/data/d1/ts_archive/results/492412552823949607/cbfb0ed6e6af4461936dc6399d06c959/artifacts,64,0.01,1234,XRF,0.001,33356,1,30,NVIDIA GeForce RTX 4090,26108,20,0.1,main.py,ANON1,conda,PROJECT,2ba81db4ea05c65817b596ef2f113e084de3fbd8,file:///home/ANON1/repos/TS_Archive-1#ts_archive_experiments,https://github.com/ANON2/TS_Archive.git,local,ambitious-squid-33
bd4a5224fba24adfb62972beb7cc3f47,492412552823949607,FINISHED,/data/d1/ts_archive/results/492412552823949607/bd4a5224fba24adfb62972beb7cc3f47/artifacts,2026-01-09 07:21:01.538000+00:00,2026-01-09 07:29:48.971000+00:00,1.1780849043279886,0.0001624048668773075,486.3698136123912,0.020078410768816977,0.5368469398733334,0.5507829801204539,507.47080715559423,145.64879171699835,0.70855162533692,0.6270162342778461,0.5578990901571547,5.074708071555943,,523522.0,48636.98136123912,5815715.0,0.5578990901571547,200,8,ResNet,0.5,,False,8,9,FordChallenge,0,sktime 0.39.0,40,100,/data/d1/ts_archive/datasets,entropy,2,0,32,/data/d1/ts_archive/results/492412552823949607/bd4a5224fba24adfb62972beb7cc3f47/artifacts,64,0.01,1234,XRF,0.001,33356,0,30,NVIDIA GeForce RTX 4090,26102,20,0.1,main.py,ANON1,conda,PROJECT,2ba81db4ea05c65817b596ef2f113e084de3fbd8,file:///home/ANON1/repos/TS_Archive-1#ts_archive_experiments,https://github.com/ANON2/TS_Archive.git,local,dapper-shrew-302
3f61f7e12ebe4f14b912d53b8a0877a6,492412552823949607,FINISHED,/data/d1/ts_archive/results/492412552823949607/3f61f7e12ebe4f14b912d53b8a0877a6/artifacts,2026-01-09 07:19:38.053000+00:00,2026-01-09 07:20:58.910000+00:00,1.216575525701046,0.00016775724292623359,81.5297564349792,0.025302479060970242,0.6308146044517704,0.4256296530967844,61.52397988550365,183.4935781501562,0.7410369553226696,0.5,0.7410369553226696,0.6152397988550365,,1102502.0,8152.975643497921,7831410.0,0.7410369553226696,200,8,MLP,0.5,,False,8,9,FordChallenge,0,sktime 0.39.0,40,100,/data/d1/ts_archive/datasets,entropy,2,0,32,/data/d1/ts_archive/results/492412552823949607/3f61f7e12ebe4f14b912d53b8a0877a6/artifacts,64,0.01,1234,XRF,0.001,33356,2,30,NVIDIA GeForce RTX 4090,26104,20,0.1,main.py,ANON1,conda,PROJECT,2ba81db4ea05c65817b596ef2f113e084de3fbd8,file:///home/ANON1/repos/TS_Archive-1#ts_archive_experiments,https://github.com/ANON2/TS_Archive.git,local,merciful-deer-425
ab5d3216d1b246c69d945b0c05d5e044,492412552823949607,FINISHED,/data/d1/ts_archive/results/492412552823949607/ab5d3216d1b246c69d945b0c05d5e044/artifacts,2026-01-09 07:18:15.247000+00:00,2026-01-09 07:19:36.207000+00:00,1.1315908264368773,0.00015612456214636827,80.2813714419816,0.023565796403861534,0.5059864054390092,0.392150285139215,61.144820211455226,170.8048923351884,0.6451434878587197,0.5,0.6451434878587197,0.6114482021145523,,1102502.0,8028.13714419816,7926011.0,0.6451434878587197,200,8,MLP,0.5,,False,8,9,FordChallenge,0,sktime 0.39.0,40,100,/data/d1/ts_archive/datasets,entropy,2,0,32,/data/d1/ts_archive/results/492412552823949607/ab5d3216d1b246c69d945b0c05d5e044/artifacts,64,0.01,1234,XRF,0.001,33356,1,30,NVIDIA GeForce RTX 4090,26108,20,0.1,main.py,ANON1,conda,PROJECT,2ba81db4ea05c65817b596ef2f113e084de3fbd8,file:///home/ANON1/repos/TS_Archive-1#ts_archive_experiments,https://github.com/ANON2/TS_Archive.git,local,welcoming-wasp-294
42613de046e64be09d884d87018f029c,492412552823949607,FINISHED,/data/d1/ts_archive/results/492412552823949607/42613de046e64be09d884d87018f029c/artifacts,2026-01-09 07:16:50.099000+00:00,2026-01-09 07:18:13.483000+00:00,1.302353087812662,0.00017953585439931926,82.3244865275484,0.02813514211324794,0.4785866089256268,0.3839490445859873,63.15607761964202,204.09232088950057,0.6232423490488007,0.5,0.6232423490488007,0.6315607761964201,,1102502.0,8232.44865275484,7887390.0,0.6232423490488007,200,8,MLP,0.5,,False,8,9,FordChallenge,0,sktime 0.39.0,40,100,/data/d1/ts_archive/datasets,entropy,2,0,32,/data/d1/ts_archive/results/492412552823949607/42613de046e64be09d884d87018f029c/artifacts,64,0.01,1234,XRF,0.001,33356,0,30,NVIDIA GeForce RTX 4090,26102,20,0.1,main.py,ANON1,conda,PROJECT,2ba81db4ea05c65817b596ef2f113e084de3fbd8,file:///home/ANON1/repos/TS_Archive-1#ts_archive_experiments,https://github.com/ANON2/TS_Archive.git,local,burly-doe-711
f8c0de5d60a448af9d78c1f8ad8f0bcc,492412552823949607,FINISHED,/data/d1/ts_archive/results/492412552823949607/f8c0de5d60a448af9d78c1f8ad8f0bcc/artifacts,2026-01-09 07:00:12.785000+00:00,2026-01-09 07:16:47.289000+00:00,3.4059056248515844,0.00046965052742024057,878.9010409557757,0.05673864731043574,0.867309479587021,0.8307570626667653,970.9421151168644,411.46867029528,0.8721301379786808,0.8451627625299583,0.864726971869829,9.709421151168645,,1770278.0,87890.10409557757,14547354.0,0.864726971869829,200,8,MCDCNN,0.5,,False,8,9,FordChallenge,0,sktime 0.39.0,40,100,/data/d1/ts_archive/datasets,entropy,2,0,32,/data/d1/ts_archive/results/492412552823949607/f8c0de5d60a448af9d78c1f8ad8f0bcc/artifacts,64,0.01,1234,XRF,0.001,33356,2,30,NVIDIA GeForce RTX 4090,26104,20,0.1,main.py,ANON1,conda,PROJECT,2ba81db4ea05c65817b596ef2f113e084de3fbd8,file:///home/ANON1/repos/TS_Archive-1#ts_archive_experiments,https://github.com/ANON2/TS_Archive.git,local,omniscient-robin-524
1713378228ce46a4a8c2a472aec2d85d,492412552823949607,FINISHED,/data/d1/ts_archive/results/492412552823949607/1713378228ce46a4a8c2a472aec2d85d/artifacts,2026-01-09 06:41:32.134000+00:00,2026-01-09 07:00:10.944000+00:00,3.642587635666132,0.0005025645192696098,984.1240408475772,0.058062524582682115,0.8814041444011558,0.869836179691958,1095.0828285366297,420.83717817528,0.8812532770951633,0.866151666895048,0.8820364238410596,10.950828285366297,,1770278.0,98412.40408475773,14408842.0,0.8820364238410596,200,8,MCDCNN,0.5,,False,8,9,FordChallenge,0,sktime 0.39.0,40,100,/data/d1/ts_archive/datasets,entropy,2,0,32,/data/d1/ts_archive/results/492412552823949607/1713378228ce46a4a8c2a472aec2d85d/artifacts,64,0.01,1234,XRF,0.001,33356,1,30,NVIDIA GeForce RTX 4090,26108,20,0.1,main.py,ANON1,conda,PROJECT,2ba81db4ea05c65817b596ef2f113e084de3fbd8,file:///home/ANON1/repos/TS_Archive-1#ts_archive_experiments,https://github.com/ANON2/TS_Archive.git,local,serious-snipe-655
6131ed63723b46cfbd1a9151051a85ae,492412552823949607,FINISHED,/data/d1/ts_archive/results/492412552823949607/6131ed63723b46cfbd1a9151051a85ae/artifacts,2026-01-09 06:24:51.032000+00:00,2026-01-09 06:41:30.418000+00:00,3.4472613856196404,0.0004752221375268321,887.3611206336179,0.050979685848635235,0.8702545680291814,0.8610325095893856,975.5126407034696,369.806641146,0.870365184401763,0.8567988974977365,0.8711055969120485,9.755126407034696,,1770278.0,88736.1120633618,14296937.0,0.8711055969120485,200,8,MCDCNN,0.5,,False,8,9,FordChallenge,0,sktime 0.39.0,40,100,/data/d1/ts_archive/datasets,entropy,2,0,32,/data/d1/ts_archive/results/492412552823949607/6131ed63723b46cfbd1a9151051a85ae/artifacts,64,0.01,1234,XRF,0.001,33356,0,30,NVIDIA GeForce RTX 4090,26102,20,0.1,main.py,ANON1,conda,PROJECT,2ba81db4ea05c65817b596ef2f113e084de3fbd8,file:///home/ANON1/repos/TS_Archive-1#ts_archive_experiments,https://github.com/ANON2/TS_Archive.git,local,burly-smelt-361
1d813b6e7cbf4cd381ea1a3f3f1080fa,492412552823949607,FINISHED,/data/d1/ts_archive/results/492412552823949607/1d813b6e7cbf4cd381ea1a3f3f1080fa/artifacts,2026-01-09 06:16:12.310000+00:00,2026-01-09 06:24:48.416000+00:00,0.9851145055145024,0.00013584038961865724,579.8686690778544,0.013097342498230854,0.5429945402410115,0.5067287843927305,497.130684601143,94.98192779717016,0.684410768376504,0.579309799519875,0.5182018753447325,4.97130684601143,,296946.0,57986.86690778544,3283488.0,0.5182018753447325,200,8,LSTMFCN,0.5,,False,8,9,FordChallenge,0,sktime 0.39.0,40,100,/data/d1/ts_archive/datasets,entropy,2,0,32,/data/d1/ts_archive/results/492412552823949607/1d813b6e7cbf4cd381ea1a3f3f1080fa/artifacts,64,0.01,1234,XRF,0.001,33356,2,30,NVIDIA GeForce RTX 4090,26104,20,0.1,main.py,ANON1,conda,PROJECT,2ba81db4ea05c65817b596ef2f113e084de3fbd8,file:///home/ANON1/repos/TS_Archive-1#ts_archive_experiments,https://github.com/ANON2/TS_Archive.git,local,traveling-skunk-680
de0983fb4aa1495482df7ff6cf38398b,492412552823949607,FINISHED,/data/d1/ts_archive/results/492412552823949607/de0983fb4aa1495482df7ff6cf38398b/artifacts,2026-01-09 06:07:20.322000+00:00,2026-01-09 06:16:10.546000+00:00,0.5002576000988483,6.902008831385876e-05,587.269399966524,0.008925611065357704,0.3424064908349164,0.3793683858270885,510.9350557141006,64.69282900171264,0.5591025629782307,0.5078404067226577,0.40549116997792495,5.109350557141006,,296946.0,58726.9399966524,3283699.0,0.40549116997792495,200,8,LSTMFCN,0.5,,False,8,9,FordChallenge,0,sktime 0.39.0,40,100,/data/d1/ts_archive/datasets,entropy,2,0,32,/data/d1/ts_archive/results/492412552823949607/de0983fb4aa1495482df7ff6cf38398b/artifacts,64,0.01,1234,XRF,0.001,33356,1,30,NVIDIA GeForce RTX 4090,26108,20,0.1,main.py,ANON1,conda,PROJECT,2ba81db4ea05c65817b596ef2f113e084de3fbd8,file:///home/ANON1/repos/TS_Archive-1#ts_archive_experiments,https://github.com/ANON2/TS_Archive.git,local,clean-fox-821
5e29d1ad214841dcb226dadd220033db,492412552823949607,FINISHED,/data/d1/ts_archive/results/492412552823949607/5e29d1ad214841dcb226dadd220033db/artifacts,2026-01-09 05:58:25.773000+00:00,2026-01-09 06:07:18.624000+00:00,0.6686260737478733,9.217343172702968e-05,589.510155491658,0.010040600315525672,0.5846115356175068,0.5860742790778126,514.57275650464,72.83451468882322,0.6690939039790437,0.6278372595165724,0.5861593603529087,5.1457275650464,,296946.0,58951.0155491658,3284938.0,0.5861593603529087,200,8,LSTMFCN,0.5,,False,8,9,FordChallenge,0,sktime 0.39.0,40,100,/data/d1/ts_archive/datasets,entropy,2,0,32,/data/d1/ts_archive/results/492412552823949607/5e29d1ad214841dcb226dadd220033db/artifacts,64,0.01,1234,XRF,0.001,33356,0,30,NVIDIA GeForce RTX 4090,26102,20,0.1,main.py,ANON1,conda,PROJECT,2ba81db4ea05c65817b596ef2f113e084de3fbd8,file:///home/ANON1/repos/TS_Archive-1#ts_archive_experiments,https://github.com/ANON2/TS_Archive.git,local,bold-gull-120
472ecfa24295495e94634c74eab41bb6,492412552823949607,FINISHED,/data/d1/ts_archive/results/492412552823949607/472ecfa24295495e94634c74eab41bb6/artifacts,2026-01-09 05:45:52.750000+00:00,2026-01-09 05:58:23.263000+00:00,1.8570725303143265,0.00025607729320385086,703.9025637887556,0.02853285667894999,0.7958167185637246,0.7441899112025285,730.3973146956414,206.92027663574532,0.8091125498555537,0.7649858724985563,0.7890237175951461,7.303973146956414,,497538.0,70390.25637887557,5540552.0,0.7890237175951461,200,8,InceptionTime,0.5,,False,8,9,FordChallenge,0,sktime 0.39.0,40,100,/data/d1/ts_archive/datasets,entropy,2,0,32,/data/d1/ts_archive/results/492412552823949607/472ecfa24295495e94634c74eab41bb6/artifacts,64,0.01,1234,XRF,0.001,33356,2,30,NVIDIA GeForce RTX 4090,26104,20,0.1,main.py,ANON1,conda,PROJECT,2ba81db4ea05c65817b596ef2f113e084de3fbd8,file:///home/ANON1/repos/TS_Archive-1#ts_archive_experiments,https://github.com/ANON2/TS_Archive.git,local,righteous-duck-237
dd781526aeb04342b71c6da393c5cdd2,492412552823949607,FINISHED,/data/d1/ts_archive/results/492412552823949607/dd781526aeb04342b71c6da393c5cdd2/artifacts,2026-01-09 05:33:24.704000+00:00,2026-01-09 05:45:51.117000+00:00,1.839100008830428,0.00025373896369073235,694.8101422522908,0.028704339473346222,0.8238514256149516,0.8122006491270024,726.1742152832448,208.04905250281342,0.8365660058565811,0.8285595549625033,0.8207781456953642,7.261742152832449,,497538.0,69481.01422522908,5534766.0,0.8207781456953642,200,8,InceptionTime,0.5,,False,8,9,FordChallenge,0,sktime 0.39.0,40,100,/data/d1/ts_archive/datasets,entropy,2,0,32,/data/d1/ts_archive/results/492412552823949607/dd781526aeb04342b71c6da393c5cdd2/artifacts,64,0.01,1234,XRF,0.001,33356,1,30,NVIDIA GeForce RTX 4090,26108,20,0.1,main.py,ANON1,conda,PROJECT,2ba81db4ea05c65817b596ef2f113e084de3fbd8,file:///home/ANON1/repos/TS_Archive-1#ts_archive_experiments,https://github.com/ANON2/TS_Archive.git,local,rogue-hawk-791
659e6274b6d449058ec7c1fb6445e951,492412552823949607,FINISHED,/data/d1/ts_archive/results/492412552823949607/659e6274b6d449058ec7c1fb6445e951/artifacts,2026-01-09 05:20:45.533000+00:00,2026-01-09 05:33:23.043000+00:00,1.7778486721217632,0.0002450852870308469,708.6129421982328,0.027378308265992652,0.7239869153380717,0.7200873263874061,737.1272514555603,198.6022481615107,0.7800603583824569,0.7527853308538687,0.7209815274331404,7.371272514555603,,497538.0,70861.29421982328,5550363.0,0.7209815274331404,200,8,InceptionTime,0.5,,False,8,9,FordChallenge,0,sktime 0.39.0,40,100,/data/d1/ts_archive/datasets,entropy,2,0,32,/data/d1/ts_archive/results/492412552823949607/659e6274b6d449058ec7c1fb6445e951/artifacts,64,0.01,1234,XRF,0.001,33356,0,30,NVIDIA GeForce RTX 4090,26102,20,0.1,main.py,ANON1,conda,PROJECT,2ba81db4ea05c65817b596ef2f113e084de3fbd8,file:///home/ANON1/repos/TS_Archive-1#ts_archive_experiments,https://github.com/ANON2/TS_Archive.git,local,resilient-flea-832
eb640d50bdaa46d6a3aa2b66a11e7db8,492412552823949607,FINISHED,/data/d1/ts_archive/results/492412552823949607/eb640d50bdaa46d6a3aa2b66a11e7db8/artifacts,2026-01-09 05:18:14.933000+00:00,2026-01-09 05:20:42.840000+00:00,0.7422165386378765,0.0001023464614779201,146.805072183648,0.013565555783387544,0.6567526419204841,0.5819411511481842,128.9298049081117,98.37741054112647,0.6882378713708135,0.6000458564151222,0.6395477109762824,1.289298049081117,,295682.0,14680.5072183648,3278593.0,0.6395477109762824,200,8,FCN,0.5,,False,8,9,FordChallenge,0,sktime 0.39.0,40,100,/data/d1/ts_archive/datasets,entropy,2,0,32,/data/d1/ts_archive/results/492412552823949607/eb640d50bdaa46d6a3aa2b66a11e7db8/artifacts,64,0.01,1234,XRF,0.001,33356,2,30,NVIDIA GeForce RTX 4090,26104,20,0.1,main.py,ANON1,conda,PROJECT,2ba81db4ea05c65817b596ef2f113e084de3fbd8,file:///home/ANON1/repos/TS_Archive-1#ts_archive_experiments,https://github.com/ANON2/TS_Archive.git,local,salty-rat-248
169379f9af5f4877ae735e212ddde19d,492412552823949607,FINISHED,/data/d1/ts_archive/results/492412552823949607/169379f9af5f4877ae735e212ddde19d/artifacts,2026-01-09 05:15:26.580000+00:00,2026-01-09 05:18:13.224000+00:00,0.7405193224549294,0.00010216878069190526,160.82060551047002,0.013013850593871787,0.5949180450669612,0.5851653995238646,146.98551023937762,94.32438910438272,0.6544596193712678,0.6163109794629802,0.5878863134657837,1.4698551023937763,,295682.0,16082.060551047001,3278598.0,0.5878863134657837,200,8,FCN,0.5,,False,8,9,FordChallenge,0,sktime 0.39.0,40,100,/data/d1/ts_archive/datasets,entropy,2,0,32,/data/d1/ts_archive/results/492412552823949607/169379f9af5f4877ae735e212ddde19d/artifacts,64,0.01,1234,XRF,0.001,33356,1,30,NVIDIA GeForce RTX 4090,26108,20,0.1,main.py,ANON1,conda,PROJECT,2ba81db4ea05c65817b596ef2f113e084de3fbd8,file:///home/ANON1/repos/TS_Archive-1#ts_archive_experiments,https://github.com/ANON2/TS_Archive.git,local,sneaky-skink-247
fb9b0dbaa73f4ac59db06ed75f9c9e70,492412552823949607,FINISHED,/data/d1/ts_archive/results/492412552823949607/fb9b0dbaa73f4ac59db06ed75f9c9e70/artifacts,2026-01-09 05:12:49.091000+00:00,2026-01-09 05:15:24.827000+00:00,0.6816104762256145,9.396339622630473e-05,153.62147447061122,0.011997509152137459,0.6198939329628163,0.5635716386174447,135.50675995647907,87.02993138960512,0.7194085334065821,0.5900018719812481,0.6832092638544252,1.3550675995647907,,295682.0,15362.147447061121,3279811.0,0.6832092638544252,200,8,FCN,0.5,,False,8,9,FordChallenge,0,sktime 0.39.0,40,100,/data/d1/ts_archive/datasets,entropy,2,0,32,/data/d1/ts_archive/results/492412552823949607/fb9b0dbaa73f4ac59db06ed75f9c9e70/artifacts,64,0.01,1234,XRF,0.001,33356,0,30,NVIDIA GeForce RTX 4090,26102,20,0.1,main.py,ANON1,conda,PROJECT,2ba81db4ea05c65817b596ef2f113e084de3fbd8,file:///home/ANON1/repos/TS_Archive-1#ts_archive_experiments,https://github.com/ANON2/TS_Archive.git,local,spiffy-wren-737
7fac3f97e24e49beae575cc34a1072b3,492412552823949607,FINISHED,/data/d1/ts_archive/results/492412552823949607/7fac3f97e24e49beae575cc34a1072b3/artifacts,2026-01-09 05:05:32.489000+00:00,2026-01-09 05:12:46.526000+00:00,0.2677691224962473,3.6923486279129525e-05,1119.9422135932273,0.009847010122001664,0.8954011752896184,0.8631051630205073,422.4195352997631,71.41051740475606,0.8950292378982587,0.859781526087227,0.8958907887479316,4.224195352997631,0.30171807746465074,145914.0,111994.22135932272,1802297.0,0.8958907887479316,200,8,ConvTran,0.5,,False,8,9,FordChallenge,0,PyTorch 2.9.0+cu128,40,100,/data/d1/ts_archive/datasets,entropy,2,0,32,/data/d1/ts_archive/results/492412552823949607/7fac3f97e24e49beae575cc34a1072b3/artifacts,64,0.01,1234,XRF,0.001,33356,2,30,NVIDIA GeForce RTX 4090,26104,20,0.1,main.py,ANON1,conda,PROJECT,2ba81db4ea05c65817b596ef2f113e084de3fbd8,file:///home/ANON1/repos/TS_Archive-1#ts_archive_experiments,https://github.com/ANON2/TS_Archive.git,local,dashing-asp-2
87e99253da0d40dfbef46d6b11d51daa,492412552823949607,FINISHED,/data/d1/ts_archive/results/492412552823949607/87e99253da0d40dfbef46d6b11d51daa/artifacts,2026-01-09 04:58:22.141000+00:00,2026-01-09 05:05:30.792000+00:00,0.2561637926846742,3.534268662868022e-05,1112.3333321177088,0.008926313186519142,0.9038818755131287,0.8939938415084099,416.96316715329885,64.69791797589075,0.9047653495080704,0.8863511036137013,0.904939293598234,4.169631671532988,0.2706708628560928,145914.0,111233.33321177088,1802297.0,0.904939293598234,200,8,ConvTran,0.5,,False,8,9,FordChallenge,0,PyTorch 2.9.0+cu128,40,100,/data/d1/ts_archive/datasets,entropy,2,0,32,/data/d1/ts_archive/results/492412552823949607/87e99253da0d40dfbef46d6b11d51daa/artifacts,64,0.01,1234,XRF,0.001,33356,1,30,NVIDIA GeForce RTX 4090,26108,20,0.1,main.py,ANON1,conda,PROJECT,2ba81db4ea05c65817b596ef2f113e084de3fbd8,file:///home/ANON1/repos/TS_Archive-1#ts_archive_experiments,https://github.com/ANON2/TS_Archive.git,local,trusting-mole-600
af3a643a5a4a45b993c42d9c45261094,492412552823949607,FINISHED,/data/d1/ts_archive/results/492412552823949607/af3a643a5a4a45b993c42d9c45261094/artifacts,2026-01-09 04:51:10.799000+00:00,2026-01-09 04:58:20.483000+00:00,0.5667109452188015,7.812392407207079e-05,1111.127813795142,0.018640492034647103,0.8982502618145245,0.89212522408211,417.9659217055887,135.21812921933008,0.8991346499323813,0.8954746128021666,0.8978494623655914,4.179659217055887,0.34605031143971504,145914.0,111112.7813795142,1802297.0,0.8978494623655914,200,8,ConvTran,0.5,,False,8,9,FordChallenge,0,PyTorch 2.9.0+cu128,40,100,/data/d1/ts_archive/datasets,entropy,2,0,32,/data/d1/ts_archive/results/492412552823949607/af3a643a5a4a45b993c42d9c45261094/artifacts,64,0.01,1234,XRF,0.001,33356,0,30,NVIDIA GeForce RTX 4090,26102,20,0.1,main.py,ANON1,conda,PROJECT,2ba81db4ea05c65817b596ef2f113e084de3fbd8,file:///home/ANON1/repos/TS_Archive-1#ts_archive_experiments,https://github.com/ANON2/TS_Archive.git,local,unleashed-conch-709
39b375044f894242a27ccea7114e7e7d,492412552823949607,FINISHED,/data/d1/ts_archive/results/492412552823949607/39b375044f894242a27ccea7114e7e7d/artifacts,2026-01-09 04:48:22.427000+00:00,2026-01-09 04:51:08.310000+00:00,0.128555653616786,1.7726924106010206e-05,370.5143450553756,0.0039597078370993315,0.8540533419130635,0.8065674357637121,154.37541007623076,28.715801234644353,0.8529392764870037,0.7962931806318674,0.8567291781577496,1.5437541007623077,0.3611747166167552,31298.0,37051.43450553756,383669.0,0.8567291781577496,200,8,SFCN,0.5,,False,8,9,FordChallenge,0,PyTorch 2.9.0+cu128,40,100,/data/d1/ts_archive/datasets,entropy,2,0,32,/data/d1/ts_archive/results/492412552823949607/39b375044f894242a27ccea7114e7e7d/artifacts,64,0.01,1234,XRF,0.001,33356,2,30,NVIDIA GeForce RTX 4090,26104,20,0.1,main.py,ANON1,conda,PROJECT,2ba81db4ea05c65817b596ef2f113e084de3fbd8,file:///home/ANON1/repos/TS_Archive-1#ts_archive_experiments,https://github.com/ANON2/TS_Archive.git,local,spiffy-sheep-832
f5cccfdba9674795a6fea0ee307efafe,492412552823949607,FINISHED,/data/d1/ts_archive/results/492412552823949607/f5cccfdba9674795a6fea0ee307efafe/artifacts,2026-01-09 04:45:34.712000+00:00,2026-01-09 04:48:20.632000+00:00,0.1232628040015697,1.7006457505735336e-05,369.4805588882232,0.0032229047091723293,0.8273612995675189,0.8073978919516116,154.7636922802776,23.359613332081043,0.8312295253027182,0.7953215985270073,0.831953642384106,1.5476369228027762,0.409628167978712,31298.0,36948.05588882232,383669.0,0.831953642384106,200,8,SFCN,0.5,,False,8,9,FordChallenge,0,PyTorch 2.9.0+cu128,40,100,/data/d1/ts_archive/datasets,entropy,2,0,32,/data/d1/ts_archive/results/492412552823949607/f5cccfdba9674795a6fea0ee307efafe/artifacts,64,0.01,1234,XRF,0.001,33356,1,30,NVIDIA GeForce RTX 4090,26108,20,0.1,main.py,ANON1,conda,PROJECT,2ba81db4ea05c65817b596ef2f113e084de3fbd8,file:///home/ANON1/repos/TS_Archive-1#ts_archive_experiments,https://github.com/ANON2/TS_Archive.git,local,serious-lynx-917
dc69c6230fdf48a39c40ac4d5f226f11,492412552823949607,FINISHED,/data/d1/ts_archive/results/492412552823949607/dc69c6230fdf48a39c40ac4d5f226f11/artifacts,2026-01-09 04:42:49.210000+00:00,2026-01-09 04:45:33.024000+00:00,0.2631122954189777,3.627133931885548e-05,357.25699101457803,0.008006714907998728,0.8332083468413243,0.8208772227791995,152.74516214057803,58.08070994262277,0.8334877265579401,0.8155569168493123,0.8348497380755445,1.5274516214057803,0.4465388153287574,31298.0,35725.6991014578,383669.0,0.8348497380755445,200,8,SFCN,0.5,,False,8,9,FordChallenge,0,PyTorch 2.9.0+cu128,40,100,/data/d1/ts_archive/datasets,entropy,2,0,32,/data/d1/ts_archive/results/492412552823949607/dc69c6230fdf48a39c40ac4d5f226f11/artifacts,64,0.01,1234,XRF,0.001,33356,0,30,NVIDIA GeForce RTX 4090,26102,20,0.1,main.py,ANON1,conda,PROJECT,2ba81db4ea05c65817b596ef2f113e084de3fbd8,file:///home/ANON1/repos/TS_Archive-1#ts_archive_experiments,https://github.com/ANON2/TS_Archive.git,local,rebellious-cod-637
acb2cdaee75040e7a12203afca57da17,492412552823949607,FINISHED,/data/d1/ts_archive/results/492412552823949607/acb2cdaee75040e7a12203afca57da17/artifacts,2026-01-09 04:39:33.310000+00:00,2026-01-09 04:42:46.753000+00:00,1.425184080377221,0.0005025331736167916,201.28633497648002,0.061498129883483986,0.7712784185923311,0.7712784185923311,173.9366940446198,174.40869634956059,0.8246156834452523,0.7792665726375176,0.7792665726375176,1.739366940446198,,514306.0,20128.633497648003,5668092.0,0.7792665726375176,200,8,ResNet,0.5,,False,8,9,CrowdSourced,0,sktime 0.39.0,256,100,/data/d1/ts_archive/datasets,entropy,2,0,32,/data/d1/ts_archive/results/492412552823949607/acb2cdaee75040e7a12203afca57da17/artifacts,64,0.01,1234,XRF,0.001,11343,2,14,NVIDIA GeForce RTX 4090,8507,20,0.1,main.py,ANON1,conda,PROJECT,2ba81db4ea05c65817b596ef2f113e084de3fbd8,file:///home/ANON1/repos/TS_Archive-1#ts_archive_experiments,https://github.com/ANON2/TS_Archive.git,local,mysterious-bat-31
72eca5bcbed146068c2adf6bace4e76b,492412552823949607,FINISHED,/data/d1/ts_archive/results/492412552823949607/72eca5bcbed146068c2adf6bace4e76b/artifacts,2026-01-09 04:36:20.098000+00:00,2026-01-09 04:39:31.532000+00:00,1.3444340359419584,0.00047422717317176667,196.82105101886518,0.06434000498883086,0.6414521808003123,0.6414847437977433,171.32810148224235,182.40391414333547,0.7251798393794333,0.6653466420744277,0.6652557319223986,1.7132810148224236,,514306.0,19682.10510188652,5675586.0,0.6652557319223986,200,8,ResNet,0.5,,False,8,9,CrowdSourced,0,sktime 0.39.0,256,100,/data/d1/ts_archive/datasets,entropy,2,0,32,/data/d1/ts_archive/results/492412552823949607/72eca5bcbed146068c2adf6bace4e76b/artifacts,64,0.01,1234,XRF,0.001,11343,1,14,NVIDIA GeForce RTX 4090,8508,20,0.1,main.py,ANON1,conda,PROJECT,2ba81db4ea05c65817b596ef2f113e084de3fbd8,file:///home/ANON1/repos/TS_Archive-1#ts_archive_experiments,https://github.com/ANON2/TS_Archive.git,local,lyrical-bird-376
3c840cb71e054ae5ae844bf05dbe9922,492412552823949607,FINISHED,/data/d1/ts_archive/results/492412552823949607/3c840cb71e054ae5ae844bf05dbe9922/artifacts,2026-01-09 04:33:07.977000+00:00,2026-01-09 04:36:18.176000+00:00,1.210648950189352,0.0004273381398479887,200.380202994006,0.056173778739284266,0.715708574157398,0.715733154760319,173.10096832737327,159.14031516839233,0.8066285569549028,0.7328786546734767,0.7327920931874338,1.7310096832737327,,514306.0,20038.0202994006,5673157.0,0.7327920931874338,200,8,ResNet,0.5,,False,8,9,CrowdSourced,0,sktime 0.39.0,256,100,/data/d1/ts_archive/datasets,entropy,2,0,32,/data/d1/ts_archive/results/492412552823949607/3c840cb71e054ae5ae844bf05dbe9922/artifacts,64,0.01,1234,XRF,0.001,11343,0,14,NVIDIA GeForce RTX 4090,8510,20,0.1,main.py,ANON1,conda,PROJECT,2ba81db4ea05c65817b596ef2f113e084de3fbd8,file:///home/ANON1/repos/TS_Archive-1#ts_archive_experiments,https://github.com/ANON2/TS_Archive.git,local,righteous-ape-689
34c4c1b191964d64ac1540e28e49a20a,492412552823949607,FAILED,/data/d1/ts_archive/results/492412552823949607/34c4c1b191964d64ac1540e28e49a20a/artifacts,2026-01-09 04:32:25.061000+00:00,2026-01-09 04:33:06.242000+00:00,,,,,,,,,,,,,,,,,,200,8,MLP,0.5,,False,8,9,CrowdSourced,0,sktime 0.39.0,256,100,/data/d1/ts_archive/datasets,entropy,2,0,32,/data/d1/ts_archive/results/492412552823949607/34c4c1b191964d64ac1540e28e49a20a/artifacts,64,0.01,1234,XRF,0.001,11343,2,14,NVIDIA GeForce RTX 4090,8507,20,0.1,main.py,ANON1,conda,PROJECT,2ba81db4ea05c65817b596ef2f113e084de3fbd8,file:///home/ANON1/repos/TS_Archive-1#ts_archive_experiments,https://github.com/ANON2/TS_Archive.git,local,amazing-vole-944
a8515ec7a6434a03a2832707875da70f,492412552823949607,FAILED,/data/d1/ts_archive/results/492412552823949607/a8515ec7a6434a03a2832707875da70f/artifacts,2026-01-09 04:31:40.398000+00:00,2026-01-09 04:32:23.426000+00:00,,,,,,,,,,,,,,,,,,200,8,MLP,0.5,,False,8,9,CrowdSourced,0,sktime 0.39.0,256,100,/data/d1/ts_archive/datasets,entropy,2,0,32,/data/d1/ts_archive/results/492412552823949607/a8515ec7a6434a03a2832707875da70f/artifacts,64,0.01,1234,XRF,0.001,11343,1,14,NVIDIA GeForce RTX 4090,8508,20,0.1,main.py,ANON1,conda,PROJECT,2ba81db4ea05c65817b596ef2f113e084de3fbd8,file:///home/ANON1/repos/TS_Archive-1#ts_archive_experiments,https://github.com/ANON2/TS_Archive.git,local,stylish-loon-165
fd88ec94bd004968917a2be97c750a15,492412552823949607,FINISHED,/data/d1/ts_archive/results/492412552823949607/fd88ec94bd004968917a2be97c750a15/artifacts,2026-01-09 04:30:57.175000+00:00,2026-01-09 04:31:39.547000+00:00,1.2080507259815931,0.0004264210116419319,34.8281904373272,0.07035938354418644,0.6280669163770171,0.6280965263454162,25.03903364762664,199.3281335806802,0.6847830462496962,0.647096994127005,0.6470172961524885,0.2503903364762664,,2294502.0,3482.81904373272,24181782.0,0.6470172961524885,200,8,MLP,0.5,,False,8,9,CrowdSourced,0,sktime 0.39.0,256,100,/data/d1/ts_archive/datasets,entropy,2,0,32,/data/d1/ts_archive/results/492412552823949607/fd88ec94bd004968917a2be97c750a15/artifacts,64,0.01,1234,XRF,0.001,11343,0,14,NVIDIA GeForce RTX 4090,8510,20,0.1,main.py,ANON1,conda,PROJECT,2ba81db4ea05c65817b596ef2f113e084de3fbd8,file:///home/ANON1/repos/TS_Archive-1#ts_archive_experiments,https://github.com/ANON2/TS_Archive.git,local,stylish-bass-861
b60dd9294fd843798fe481bae3a5ffe5,492412552823949607,FINISHED,/data/d1/ts_archive/results/492412552823949607/b60dd9294fd843798fe481bae3a5ffe5/artifacts,2026-01-09 04:25:40.707000+00:00,2026-01-09 04:30:54.450000+00:00,1.7522751446813345,0.0006178685277437709,278.25326881564683,0.08744468271887021,0.7930982057538931,0.7930982057538931,291.8381107337773,247.99312019071593,0.8317144336099953,0.7983074753173484,0.7983074753173484,2.918381107337773,,5254438.0,27825.32688156468,40796319.0,0.7983074753173484,200,8,MCDCNN,0.5,,False,8,9,CrowdSourced,0,sktime 0.39.0,256,100,/data/d1/ts_archive/datasets,entropy,2,0,32,/data/d1/ts_archive/results/492412552823949607/b60dd9294fd843798fe481bae3a5ffe5/artifacts,64,0.01,1234,XRF,0.001,11343,2,14,NVIDIA GeForce RTX 4090,8507,20,0.1,main.py,ANON1,conda,PROJECT,2ba81db4ea05c65817b596ef2f113e084de3fbd8,file:///home/ANON1/repos/TS_Archive-1#ts_archive_experiments,https://github.com/ANON2/TS_Archive.git,local,spiffy-fish-715
2809306466674958a6ca21a554b785f6,492412552823949607,FINISHED,/data/d1/ts_archive/results/492412552823949607/2809306466674958a6ca21a554b785f6/artifacts,2026-01-09 04:20:15.299000+00:00,2026-01-09 04:25:38.934000+00:00,1.7836902365088465,0.0006291676319255191,287.7060294609372,0.08631054194911657,0.6323137494874237,0.6323488347866058,301.4942471422255,244.69038642574546,0.7254911042004863,0.6593547722447453,0.6592592592592592,3.014942471422255,,5254438.0,28770.60294609372,40650759.0,0.6592592592592592,200,8,MCDCNN,0.5,,False,8,9,CrowdSourced,0,sktime 0.39.0,256,100,/data/d1/ts_archive/datasets,entropy,2,0,32,/data/d1/ts_archive/results/492412552823949607/2809306466674958a6ca21a554b785f6/artifacts,64,0.01,1234,XRF,0.001,11343,1,14,NVIDIA GeForce RTX 4090,8508,20,0.1,main.py,ANON1,conda,PROJECT,2ba81db4ea05c65817b596ef2f113e084de3fbd8,file:///home/ANON1/repos/TS_Archive-1#ts_archive_experiments,https://github.com/ANON2/TS_Archive.git,local,bald-lynx-514
e4cb8e9985bd42b4a5913264be0cc3ea,492412552823949607,FINISHED,/data/d1/ts_archive/results/492412552823949607/e4cb8e9985bd42b4a5913264be0cc3ea/artifacts,2026-01-09 04:15:01.447000+00:00,2026-01-09 04:20:13.440000+00:00,1.6810005977749825,0.0005933641361718963,276.22914365992324,0.08049443919665192,0.706197612460805,0.7062212585724025,289.76063171215355,228.0407462441149,0.7799228357335077,0.7215772260963522,0.7214966466643135,2.8976063171215354,,5254438.0,27622.91436599232,42464633.0,0.7214966466643135,200,8,MCDCNN,0.5,,False,8,9,CrowdSourced,0,sktime 0.39.0,256,100,/data/d1/ts_archive/datasets,entropy,2,0,32,/data/d1/ts_archive/results/492412552823949607/e4cb8e9985bd42b4a5913264be0cc3ea/artifacts,64,0.01,1234,XRF,0.001,11343,0,14,NVIDIA GeForce RTX 4090,8510,20,0.1,main.py,ANON1,conda,PROJECT,2ba81db4ea05c65817b596ef2f113e084de3fbd8,file:///home/ANON1/repos/TS_Archive-1#ts_archive_experiments,https://github.com/ANON2/TS_Archive.git,local,skillful-shoat-450
56ace7e7292c47bc9d6bdd42d56d3c97,492412552823949607,FINISHED,/data/d1/ts_archive/results/492412552823949607/56ace7e7292c47bc9d6bdd42d56d3c97/artifacts,2026-01-09 04:10:52.192000+00:00,2026-01-09 04:14:58.608000+00:00,0.551707036793232,0.0001945370369510691,324.7556090717412,0.02387070116764395,0.7761467852411638,0.7761467852411638,226.1860056612641,67.69730851143824,0.8155879996439064,0.7820874471086037,0.7820874471086037,2.261860056612641,,280050.0,32475.56090717412,3116642.0,0.7820874471086037,200,8,LSTMFCN,0.5,,False,8,9,CrowdSourced,0,sktime 0.39.0,256,100,/data/d1/ts_archive/datasets,entropy,2,0,32,/data/d1/ts_archive/results/492412552823949607/56ace7e7292c47bc9d6bdd42d56d3c97/artifacts,64,0.01,1234,XRF,0.001,11343,2,14,NVIDIA GeForce RTX 4090,8507,20,0.1,main.py,ANON1,conda,PROJECT,2ba81db4ea05c65817b596ef2f113e084de3fbd8,file:///home/ANON1/repos/TS_Archive-1#ts_archive_experiments,https://github.com/ANON2/TS_Archive.git,local,smiling-bird-24
ae90eb412c774752a62fda80b3ff880a,492412552823949607,FINISHED,/data/d1/ts_archive/results/492412552823949607/ae90eb412c774752a62fda80b3ff880a/artifacts,2026-01-09 04:06:38.702000+00:00,2026-01-09 04:10:50.422000+00:00,0.5263181328773499,0.00018565013505373893,330.17819026197964,0.021318317536667276,0.6116349374626219,0.6116761990331298,233.4328862503171,60.43743021645173,0.730992555777619,0.6470199163293198,0.6469135802469136,2.334328862503171,,280050.0,33017.81902619796,3115109.0,0.6469135802469136,200,8,LSTMFCN,0.5,,False,8,9,CrowdSourced,0,sktime 0.39.0,256,100,/data/d1/ts_archive/datasets,entropy,2,0,32,/data/d1/ts_archive/results/492412552823949607/ae90eb412c774752a62fda80b3ff880a/artifacts,64,0.01,1234,XRF,0.001,11343,1,14,NVIDIA GeForce RTX 4090,8508,20,0.1,main.py,ANON1,conda,PROJECT,2ba81db4ea05c65817b596ef2f113e084de3fbd8,file:///home/ANON1/repos/TS_Archive-1#ts_archive_experiments,https://github.com/ANON2/TS_Archive.git,local,kindly-mink-695
630f33d806844cb499d77a16970bbd5a,492412552823949607,FINISHED,/data/d1/ts_archive/results/492412552823949607/630f33d806844cb499d77a16970bbd5a/artifacts,2026-01-09 04:02:24.736000+00:00,2026-01-09 04:06:37.056000+00:00,0.5288395099341869,0.0001866712001179622,329.9052216860712,0.02411121382089922,0.7010911249920719,0.7011174535346609,233.51702799461785,68.30706875460749,0.7929382217206007,0.7198199127623013,0.7197317331450759,2.3351702799461784,,280050.0,32990.522168607116,3121005.0,0.7197317331450759,200,8,LSTMFCN,0.5,,False,8,9,CrowdSourced,0,sktime 0.39.0,256,100,/data/d1/ts_archive/datasets,entropy,2,0,32,/data/d1/ts_archive/results/492412552823949607/630f33d806844cb499d77a16970bbd5a/artifacts,64,0.01,1234,XRF,0.001,11343,0,14,NVIDIA GeForce RTX 4090,8510,20,0.1,main.py,ANON1,conda,PROJECT,2ba81db4ea05c65817b596ef2f113e084de3fbd8,file:///home/ANON1/repos/TS_Archive-1#ts_archive_experiments,https://github.com/ANON2/TS_Archive.git,local,nosy-bug-950
512bb95d0bae4a5da94075bc74cef362,492412552823949607,FINISHED,/data/d1/ts_archive/results/492412552823949607/512bb95d0bae4a5da94075bc74cef362/artifacts,2026-01-09 03:57:59.306000+00:00,2026-01-09 04:02:21.987000+00:00,1.4343997929245234,0.0005057827196489857,330.9842998870488,0.06561021976262385,0.7590053994601049,0.7590053994601047,242.19992377981544,186.07058324680125,0.7863069016152717,0.7637517630465445,0.7637517630465445,2.4219992377981545,,494466.0,33098.42998870488,5513985.0,0.7637517630465445,200,8,InceptionTime,0.5,,False,8,9,CrowdSourced,0,sktime 0.39.0,256,100,/data/d1/ts_archive/datasets,entropy,2,0,32,/data/d1/ts_archive/results/492412552823949607/512bb95d0bae4a5da94075bc74cef362/artifacts,64,0.01,1234,XRF,0.001,11343,2,14,NVIDIA GeForce RTX 4090,8507,20,0.1,main.py,ANON1,conda,PROJECT,2ba81db4ea05c65817b596ef2f113e084de3fbd8,file:///home/ANON1/repos/TS_Archive-1#ts_archive_experiments,https://github.com/ANON2/TS_Archive.git,local,persistent-lamb-722
e5afc68e44994ea3b07e561671a72367,492412552823949607,FINISHED,/data/d1/ts_archive/results/492412552823949607/e5afc68e44994ea3b07e561671a72367/artifacts,2026-01-09 03:53:31.454000+00:00,2026-01-09 03:57:57.458000+00:00,1.3634538389742374,0.0004809360984036111,330.9848236785888,0.06630812288919259,0.5739597436376065,0.5740121094772883,244.5707978755236,187.983528390861,0.7450931497204702,0.6258725649552632,0.6257495590828924,2.445707978755236,,494466.0,33098.48236785888,5517271.0,0.6257495590828924,200,8,InceptionTime,0.5,,False,8,9,CrowdSourced,0,sktime 0.39.0,256,100,/data/d1/ts_archive/datasets,entropy,2,0,32,/data/d1/ts_archive/results/492412552823949607/e5afc68e44994ea3b07e561671a72367/artifacts,64,0.01,1234,XRF,0.001,11343,1,14,NVIDIA GeForce RTX 4090,8508,20,0.1,main.py,ANON1,conda,PROJECT,2ba81db4ea05c65817b596ef2f113e084de3fbd8,file:///home/ANON1/repos/TS_Archive-1#ts_archive_experiments,https://github.com/ANON2/TS_Archive.git,local,carefree-wren-869
3b15ac501f994369948627467e5d90eb,492412552823949607,FINISHED,/data/d1/ts_archive/results/492412552823949607/3b15ac501f994369948627467e5d90eb/artifacts,2026-01-09 03:49:12.876000+00:00,2026-01-09 03:53:29.439000+00:00,1.310606291517615,0.0004626213524594476,329.2995599576784,0.06168201578359839,0.6780285530132188,0.6780581964574302,237.62974847108129,174.74515071493423,0.7750611545729034,0.7000568659816833,0.6999647017296152,2.376297484710813,,494466.0,32929.95599576784,5515993.0,0.6999647017296152,200,8,InceptionTime,0.5,,False,8,9,CrowdSourced,0,sktime 0.39.0,256,100,/data/d1/ts_archive/datasets,entropy,2,0,32,/data/d1/ts_archive/results/492412552823949607/3b15ac501f994369948627467e5d90eb/artifacts,64,0.01,1234,XRF,0.001,11343,0,14,NVIDIA GeForce RTX 4090,8510,20,0.1,main.py,ANON1,conda,PROJECT,2ba81db4ea05c65817b596ef2f113e084de3fbd8,file:///home/ANON1/repos/TS_Archive-1#ts_archive_experiments,https://github.com/ANON2/TS_Archive.git,local,serious-skink-481
e0894596f91949e2be4d8e55fc878b4b,492412552823949607,FINISHED,/data/d1/ts_archive/results/492412552823949607/e0894596f91949e2be4d8e55fc878b4b/artifacts,2026-01-09 03:47:45.644000+00:00,2026-01-09 03:49:10.572000+00:00,0.6452295947819948,0.00022751396148871467,81.38853927350281,0.029880168724432617,0.7802763977260622,0.7802763977260622,66.33624947071075,84.7401585024909,0.8163504759386568,0.7856135401974612,0.7856135401974612,0.6633624947071075,,279298.0,8138.853927350281,3102102.0,0.7856135401974612,200,8,FCN,0.5,,False,8,9,CrowdSourced,0,sktime 0.39.0,256,100,/data/d1/ts_archive/datasets,entropy,2,0,32,/data/d1/ts_archive/results/492412552823949607/e0894596f91949e2be4d8e55fc878b4b/artifacts,64,0.01,1234,XRF,0.001,11343,2,14,NVIDIA GeForce RTX 4090,8507,20,0.1,main.py,ANON1,conda,PROJECT,2ba81db4ea05c65817b596ef2f113e084de3fbd8,file:///home/ANON1/repos/TS_Archive-1#ts_archive_experiments,https://github.com/ANON2/TS_Archive.git,local,fearless-finch-928
b78ecfe383954ba68b590e04425d8696,492412552823949607,FINISHED,/data/d1/ts_archive/results/492412552823949607/b78ecfe383954ba68b590e04425d8696/artifacts,2026-01-09 03:46:19.390000+00:00,2026-01-09 03:47:43.949000+00:00,0.635089099407196,0.00022401731901488397,81.493840135926,0.028974691935440885,0.6428425242018725,0.6428771379783332,65.46330629102886,82.14325163697491,0.7436525160663091,0.669938277196206,0.6698412698412698,0.6546330629102886,,279298.0,8149.3840135926,3098154.0,0.6698412698412698,200,8,FCN,0.5,,False,8,9,CrowdSourced,0,sktime 0.39.0,256,100,/data/d1/ts_archive/datasets,entropy,2,0,32,/data/d1/ts_archive/results/492412552823949607/b78ecfe383954ba68b590e04425d8696/artifacts,64,0.01,1234,XRF,0.001,11343,1,14,NVIDIA GeForce RTX 4090,8508,20,0.1,main.py,ANON1,conda,PROJECT,2ba81db4ea05c65817b596ef2f113e084de3fbd8,file:///home/ANON1/repos/TS_Archive-1#ts_archive_experiments,https://github.com/ANON2/TS_Archive.git,local,trusting-asp-70
13d0956da2824768a4f90745106d7d83,492412552823949607,FINISHED,/data/d1/ts_archive/results/492412552823949607/13d0956da2824768a4f90745106d7d83/artifacts,2026-01-09 03:44:56.619000+00:00,2026-01-09 03:46:17.527000+00:00,0.6432524528354406,0.00022705699005839768,78.52156515522,0.031232616673748128,0.7047293898662144,0.704755728991767,61.88056261278689,88.48200303672844,0.8006735884468484,0.7237038443596522,0.7236145428873986,0.6188056261278689,,279298.0,7852.1565155220005,3102536.0,0.7236145428873986,200,8,FCN,0.5,,False,8,9,CrowdSourced,0,sktime 0.39.0,256,100,/data/d1/ts_archive/datasets,entropy,2,0,32,/data/d1/ts_archive/results/492412552823949607/13d0956da2824768a4f90745106d7d83/artifacts,64,0.01,1234,XRF,0.001,11343,0,14,NVIDIA GeForce RTX 4090,8510,20,0.1,main.py,ANON1,conda,PROJECT,2ba81db4ea05c65817b596ef2f113e084de3fbd8,file:///home/ANON1/repos/TS_Archive-1#ts_archive_experiments,https://github.com/ANON2/TS_Archive.git,local,unruly-pug-101
62a9af09014c41e1aceddf39db7924cd,492412552823949607,FINISHED,/data/d1/ts_archive/results/492412552823949607/62a9af09014c41e1aceddf39db7924cd/artifacts,2026-01-09 03:42:05.927000+00:00,2026-01-09 03:44:53.989000+00:00,0.2355198506265878,8.304649175831729e-05,501.57746401987083,0.02202555630446082,0.8167928424126528,0.8167928424126527,156.6272005699575,62.46447767945088,0.8626224651966081,0.8219322990126939,0.8219322990126939,1.566272005699575,2.563116069680818,81786.0,50157.74640198708,1162297.0,0.8219322990126939,200,8,ConvTran,0.5,,False,8,9,CrowdSourced,0,PyTorch 2.9.0+cu128,256,100,/data/d1/ts_archive/datasets,entropy,2,0,32,/data/d1/ts_archive/results/492412552823949607/62a9af09014c41e1aceddf39db7924cd/artifacts,64,0.01,1234,XRF,0.001,11343,2,14,NVIDIA GeForce RTX 4090,8507,20,0.1,main.py,ANON1,conda,PROJECT,2ba81db4ea05c65817b596ef2f113e084de3fbd8,file:///home/ANON1/repos/TS_Archive-1#ts_archive_experiments,https://github.com/ANON2/TS_Archive.git,local,adaptable-wren-789
a6d7faa99e07462e8eeebc239b9808b0,492412552823949607,FINISHED,/data/d1/ts_archive/results/492412552823949607/a6d7faa99e07462e8eeebc239b9808b0/artifacts,2026-01-09 03:39:14.028000+00:00,2026-01-09 03:42:04.202000+00:00,0.1509201861917972,5.323463357735351e-05,506.010104083458,0.011246265964906008,0.6529770405431061,0.653012744217015,158.88260787911713,31.883164010508533,0.7771210228331513,0.6826426636858697,0.6825396825396826,1.5888260787911712,2.3948777523410802,81786.0,50601.0104083458,1162297.0,0.6825396825396826,200,8,ConvTran,0.5,,False,8,9,CrowdSourced,0,PyTorch 2.9.0+cu128,256,100,/data/d1/ts_archive/datasets,entropy,2,0,32,/data/d1/ts_archive/results/492412552823949607/a6d7faa99e07462e8eeebc239b9808b0/artifacts,64,0.01,1234,XRF,0.001,11343,1,14,NVIDIA GeForce RTX 4090,8508,20,0.1,main.py,ANON1,conda,PROJECT,2ba81db4ea05c65817b596ef2f113e084de3fbd8,file:///home/ANON1/repos/TS_Archive-1#ts_archive_experiments,https://github.com/ANON2/TS_Archive.git,local,respected-bird-290
b51aed2a47064334b67bd0a0b35f81ad,492412552823949607,FINISHED,/data/d1/ts_archive/results/492412552823949607/b51aed2a47064334b67bd0a0b35f81ad/artifacts,2026-01-09 03:36:26.576000+00:00,2026-01-09 03:39:12.197000+00:00,0.1288991495966911,4.5499170348284895e-05,493.455343586616,0.012786014540061239,0.7351661134314315,0.7351880219269813,154.59511658921838,36.22277919199349,0.820360569502389,0.7498180886650798,0.7497352629721143,1.5459511658921838,3.336661009918116,81786.0,49345.5343586616,1162297.0,0.7497352629721143,200,8,ConvTran,0.5,,False,8,9,CrowdSourced,0,PyTorch 2.9.0+cu128,256,100,/data/d1/ts_archive/datasets,entropy,2,0,32,/data/d1/ts_archive/results/492412552823949607/b51aed2a47064334b67bd0a0b35f81ad/artifacts,64,0.01,1234,XRF,0.001,11343,0,14,NVIDIA GeForce RTX 4090,8510,20,0.1,main.py,ANON1,conda,PROJECT,2ba81db4ea05c65817b596ef2f113e084de3fbd8,file:///home/ANON1/repos/TS_Archive-1#ts_archive_experiments,https://github.com/ANON2/TS_Archive.git,local,powerful-kite-968
abaf8fa56cea4ecf872d86a1767c5ac0,492412552823949607,FINISHED,/data/d1/ts_archive/results/492412552823949607/abaf8fa56cea4ecf872d86a1767c5ac0/artifacts,2026-01-09 03:35:20.823000+00:00,2026-01-09 03:36:24.247000+00:00,0.1272676959633827,4.487577431713071e-05,125.0289422007228,0.008784262402456444,0.7344463518584663,0.7344463518584663,51.61523139104247,24.912168173366478,0.8058360711422123,0.747179125528914,0.747179125528914,0.5161523139104247,4.053400028912069,28226.0,12502.89422007228,346805.0,0.747179125528914,200,8,SFCN,0.5,,False,8,9,CrowdSourced,0,PyTorch 2.9.0+cu128,256,100,/data/d1/ts_archive/datasets,entropy,2,0,32,/data/d1/ts_archive/results/492412552823949607/abaf8fa56cea4ecf872d86a1767c5ac0/artifacts,64,0.01,1234,XRF,0.001,11343,2,14,NVIDIA GeForce RTX 4090,8507,20,0.1,main.py,ANON1,conda,PROJECT,2ba81db4ea05c65817b596ef2f113e084de3fbd8,file:///home/ANON1/repos/TS_Archive-1#ts_archive_experiments,https://github.com/ANON2/TS_Archive.git,local,tasteful-rook-499
e6359fc334c54d528cec7bb18294d239,492412552823949607,FINISHED,/data/d1/ts_archive/results/492412552823949607/e6359fc334c54d528cec7bb18294d239/artifacts,2026-01-09 03:34:16.381000+00:00,2026-01-09 03:35:19.272000+00:00,0.0614759717136621,2.168464610711185e-05,121.91630978774882,0.003799854985233424,0.6370426479566216,0.6370778689765879,50.901622235774994,10.772588883136757,0.7363296880000376,0.664647395667957,0.6645502645502646,0.5090162223577499,4.451723096063739,28226.0,12191.630978774881,346805.0,0.6645502645502646,200,8,SFCN,0.5,,False,8,9,CrowdSourced,0,PyTorch 2.9.0+cu128,256,100,/data/d1/ts_archive/datasets,entropy,2,0,32,/data/d1/ts_archive/results/492412552823949607/e6359fc334c54d528cec7bb18294d239/artifacts,64,0.01,1234,XRF,0.001,11343,1,14,NVIDIA GeForce RTX 4090,8508,20,0.1,main.py,ANON1,conda,PROJECT,2ba81db4ea05c65817b596ef2f113e084de3fbd8,file:///home/ANON1/repos/TS_Archive-1#ts_archive_experiments,https://github.com/ANON2/TS_Archive.git,local,exultant-stork-990
58a06b26eb5e4742bff20493a511128a,492412552823949607,FINISHED,/data/d1/ts_archive/results/492412552823949607/58a06b26eb5e4742bff20493a511128a/artifacts,2026-01-09 03:33:12.357000+00:00,2026-01-09 03:34:14.566000+00:00,0.0616758968681097,2.1770524838725628e-05,119.22770509345081,0.004270760508826588,0.738595829176381,0.738614555653971,50.41739509627223,12.099064521505722,0.7988137954619592,0.7494540168016299,0.7493822802682668,0.5041739509627223,5.5316211957625185,28226.0,11922.77050934508,346805.0,0.7493822802682668,200,8,SFCN,0.5,,False,8,9,CrowdSourced,0,PyTorch 2.9.0+cu128,256,100,/data/d1/ts_archive/datasets,entropy,2,0,32,/data/d1/ts_archive/results/492412552823949607/58a06b26eb5e4742bff20493a511128a/artifacts,64,0.01,1234,XRF,0.001,11343,0,14,NVIDIA GeForce RTX 4090,8510,20,0.1,main.py,ANON1,conda,PROJECT,2ba81db4ea05c65817b596ef2f113e084de3fbd8,file:///home/ANON1/repos/TS_Archive-1#ts_archive_experiments,https://github.com/ANON2/TS_Archive.git,local,tasteful-quail-403
7ebf6ffcf47a499fb754e9b1d03d2cf2,492412552823949607,FINISHED,/data/d1/ts_archive/results/492412552823949607/7ebf6ffcf47a499fb754e9b1d03d2cf2/artifacts,2026-01-09 03:05:24.449000+00:00,2026-01-09 03:33:09.933000+00:00,3.139381315559149,5.770072995807875e-05,1677.4444788616079,0.00829502791410675,0.6039132684456795,0.5077802295827009,1643.786212541163,451.31587875072006,0.5868752071079597,0.5250426212758517,0.6413762681958536,16.43786212541163,,508486.0,167744.44788616078,5665606.0,0.6413762681958536,200,8,ResNet,0.5,,False,8,9,WISDM2,0,sktime 0.39.0,100,100,/data/d1/ts_archive/datasets,entropy,6,0,32,/data/d1/ts_archive/results/492412552823949607/7ebf6ffcf47a499fb754e9b1d03d2cf2/artifacts,64,0.01,1234,XRF,0.001,139571,2,3,NVIDIA GeForce RTX 4090,85163,20,0.1,main.py,ANON1,conda,PROJECT,2ba81db4ea05c65817b596ef2f113e084de3fbd8,file:///home/ANON1/repos/TS_Archive-1#ts_archive_experiments,https://github.com/ANON2/TS_Archive.git,local,bright-cod-111
be4faddf5cba4295a321ef6c6cf2d112,492412552823949607,FINISHED,/data/d1/ts_archive/results/492412552823949607/be4faddf5cba4295a321ef6c6cf2d112/artifacts,2026-01-09 02:32:10.777000+00:00,2026-01-09 03:05:22.775000+00:00,2.434172620996833,6.650018088178431e-05,1992.121312082184,0.009758849227112173,0.7670875411988404,0.5416408416507092,1971.4701755139977,357.212917109214,0.795792878573898,0.5586871993610253,0.7548082176811277,19.714701755139977,,508486.0,199212.1312082184,5666380.0,0.7548082176811277,200,8,ResNet,0.5,,False,8,9,WISDM2,0,sktime 0.39.0,100,100,/data/d1/ts_archive/datasets,entropy,6,0,32,/data/d1/ts_archive/results/492412552823949607/be4faddf5cba4295a321ef6c6cf2d112/artifacts,64,0.01,1234,XRF,0.001,137791,1,3,NVIDIA GeForce RTX 4090,101187,20,0.1,main.py,ANON1,conda,PROJECT,2ba81db4ea05c65817b596ef2f113e084de3fbd8,file:///home/ANON1/repos/TS_Archive-1#ts_archive_experiments,https://github.com/ANON2/TS_Archive.git,local,righteous-goat-124
1c0f34d9864a44fd802eae612a95ae0d,492412552823949607,FINISHED,/data/d1/ts_archive/results/492412552823949607/1c0f34d9864a44fd802eae612a95ae0d/artifacts,2026-01-09 02:02:56.584000+00:00,2026-01-09 02:32:09.139000+00:00,2.5374296326190238,4.981212470787247e-05,1770.42624423003,0.007324426954650177,0.627204732752987,0.5133916822014993,1731.9745689425615,373.10630906988,0.6950565391132706,0.5797315999735789,0.6392422457793483,17.319745689425616,,508486.0,177042.624423003,5661839.0,0.6392422457793483,200,8,ResNet,0.5,,False,8,9,WISDM2,0,sktime 0.39.0,100,100,/data/d1/ts_archive/datasets,entropy,6,0,32,/data/d1/ts_archive/results/492412552823949607/1c0f34d9864a44fd802eae612a95ae0d/artifacts,64,0.01,1234,XRF,0.001,139224,0,3,NVIDIA GeForce RTX 4090,88284,20,0.1,main.py,ANON1,conda,PROJECT,2ba81db4ea05c65817b596ef2f113e084de3fbd8,file:///home/ANON1/repos/TS_Archive-1#ts_archive_experiments,https://github.com/ANON2/TS_Archive.git,local,carefree-donkey-613
88365a0ce69d4d998cd967c01f24f8fa,492412552823949607,FAILED,/data/d1/ts_archive/results/492412552823949607/88365a0ce69d4d998cd967c01f24f8fa/artifacts,2026-01-09 01:59:41.428000+00:00,2026-01-09 02:02:54.196000+00:00,,,,,,,,,,,,,,,,,,200,8,MLP,0.5,,False,8,9,WISDM2,0,sktime 0.39.0,100,100,/data/d1/ts_archive/datasets,entropy,6,0,32,/data/d1/ts_archive/results/492412552823949607/88365a0ce69d4d998cd967c01f24f8fa/artifacts,64,0.01,1234,XRF,0.001,139571,2,3,NVIDIA GeForce RTX 4090,85163,20,0.1,main.py,ANON1,conda,PROJECT,2ba81db4ea05c65817b596ef2f113e084de3fbd8,file:///home/ANON1/repos/TS_Archive-1#ts_archive_experiments,https://github.com/ANON2/TS_Archive.git,local,kindly-hare-560
0ee683f21ab14bd78c1b08539c89c565,492412552823949607,FINISHED,/data/d1/ts_archive/results/492412552823949607/0ee683f21ab14bd78c1b08539c89c565/artifacts,2026-01-09 01:56:07.358000+00:00,2026-01-09 01:59:39.780000+00:00,1.9631403982639315,5.363185439470909e-05,262.0032105259224,0.009875682947640695,0.4129525130474464,0.29284694926025584,192.58131909556687,361.48949861544,0.4432321656969828,0.34052961147137895,0.407551087312862,1.9258131909556686,,654506.0,26200.32105259224,6247329.0,0.407551087312862,200,8,MLP,0.5,,False,8,9,WISDM2,0,sktime 0.39.0,100,100,/data/d1/ts_archive/datasets,entropy,6,0,32,/data/d1/ts_archive/results/492412552823949607/0ee683f21ab14bd78c1b08539c89c565/artifacts,64,0.01,1234,XRF,0.001,137791,1,3,NVIDIA GeForce RTX 4090,101187,20,0.1,main.py,ANON1,conda,PROJECT,2ba81db4ea05c65817b596ef2f113e084de3fbd8,file:///home/ANON1/repos/TS_Archive-1#ts_archive_experiments,https://github.com/ANON2/TS_Archive.git,local,crawling-horse-405
689c3f5ae7294867aa6818b2d207af54,492412552823949607,FAILED,/data/d1/ts_archive/results/492412552823949607/689c3f5ae7294867aa6818b2d207af54/artifacts,2026-01-09 01:52:47.488000+00:00,2026-01-09 01:56:05.733000+00:00,,,,,,,,,,,,,,,,,,200,8,MLP,0.5,,False,8,9,WISDM2,0,sktime 0.39.0,100,100,/data/d1/ts_archive/datasets,entropy,6,0,32,/data/d1/ts_archive/results/492412552823949607/689c3f5ae7294867aa6818b2d207af54/artifacts,64,0.01,1234,XRF,0.001,139224,0,3,NVIDIA GeForce RTX 4090,88284,20,0.1,main.py,ANON1,conda,PROJECT,2ba81db4ea05c65817b596ef2f113e084de3fbd8,file:///home/ANON1/repos/TS_Archive-1#ts_archive_experiments,https://github.com/ANON2/TS_Archive.git,local,casual-whale-530
f8526a00a18d46a29a76c9aec9796892,492412552823949607,FAILED,/data/d1/ts_archive/results/492412552823949607/f8526a00a18d46a29a76c9aec9796892/artifacts,2026-01-09 01:38:14.991000+00:00,2026-01-09 01:52:45.127000+00:00,,,,,,,,,,,,,,,,,,200,8,MCDCNN,0.5,,False,8,9,WISDM2,0,sktime 0.39.0,100,100,/data/d1/ts_archive/datasets,entropy,6,0,32,/data/d1/ts_archive/results/492412552823949607/f8526a00a18d46a29a76c9aec9796892/artifacts,64,0.01,1234,XRF,0.001,139571,2,3,NVIDIA GeForce RTX 4090,85163,20,0.1,main.py,ANON1,conda,PROJECT,2ba81db4ea05c65817b596ef2f113e084de3fbd8,file:///home/ANON1/repos/TS_Archive-1#ts_archive_experiments,https://github.com/ANON2/TS_Archive.git,local,clean-crab-259
d69a3511fb354023b4dd563497e4d335,492412552823949607,FAILED,/data/d1/ts_archive/results/492412552823949607/d69a3511fb354023b4dd563497e4d335/artifacts,2026-01-09 01:21:56.428000+00:00,2026-01-09 01:38:13.419000+00:00,,,,,,,,,,,,,,,,,,200,8,MCDCNN,0.5,,False,8,9,WISDM2,0,sktime 0.39.0,100,100,/data/d1/ts_archive/datasets,entropy,6,0,32,/data/d1/ts_archive/results/492412552823949607/d69a3511fb354023b4dd563497e4d335/artifacts,64,0.01,1234,XRF,0.001,137791,1,3,NVIDIA GeForce RTX 4090,101187,20,0.1,main.py,ANON1,conda,PROJECT,2ba81db4ea05c65817b596ef2f113e084de3fbd8,file:///home/ANON1/repos/TS_Archive-1#ts_archive_experiments,https://github.com/ANON2/TS_Archive.git,local,orderly-eel-595
4a8eda4c08484f07a186f435a05d282d,492412552823949607,FAILED,/data/d1/ts_archive/results/492412552823949607/4a8eda4c08484f07a186f435a05d282d/artifacts,2026-01-09 01:08:10.496000+00:00,2026-01-09 01:21:54.668000+00:00,,,,,,,,,,,,,,,,,,200,8,MCDCNN,0.5,,False,8,9,WISDM2,0,sktime 0.39.0,100,100,/data/d1/ts_archive/datasets,entropy,6,0,32,/data/d1/ts_archive/results/492412552823949607/4a8eda4c08484f07a186f435a05d282d/artifacts,64,0.01,1234,XRF,0.001,139224,0,3,NVIDIA GeForce RTX 4090,88284,20,0.1,main.py,ANON1,conda,PROJECT,2ba81db4ea05c65817b596ef2f113e084de3fbd8,file:///home/ANON1/repos/TS_Archive-1#ts_archive_experiments,https://github.com/ANON2/TS_Archive.git,local,ambitious-ape-995
8c75c19aadd944ae997b859be6b8a325,492412552823949607,FINISHED,/data/d1/ts_archive/results/492412552823949607/8c75c19aadd944ae997b859be6b8a325/artifacts,2026-01-09 00:38:13.370000+00:00,2026-01-09 01:08:08.067000+00:00,5.332125997170806,9.800260985830771e-05,2255.3880980591052,0.010690690234228055,0.5255607020640956,0.4291446236082927,1771.6203991994262,581.65907426388,0.6394270371716204,0.4713807584886802,0.5265034553742097,17.716203991994263,,268982.0,225538.8098059105,3000515.0,0.5265034553742097,200,8,LSTMFCN,0.5,,False,8,9,WISDM2,0,sktime 0.39.0,100,100,/data/d1/ts_archive/datasets,entropy,6,0,32,/data/d1/ts_archive/results/492412552823949607/8c75c19aadd944ae997b859be6b8a325/artifacts,64,0.01,1234,XRF,0.001,139571,2,3,NVIDIA GeForce RTX 4090,85163,20,0.1,main.py,ANON1,conda,PROJECT,2ba81db4ea05c65817b596ef2f113e084de3fbd8,file:///home/ANON1/repos/TS_Archive-1#ts_archive_experiments,https://github.com/ANON2/TS_Archive.git,local,overjoyed-conch-374
176f6c5320ef4e6fa923b35cd6135275,492412552823949607,FINISHED,/data/d1/ts_archive/results/492412552823949607/176f6c5320ef4e6fa923b35cd6135275/artifacts,2026-01-09 00:00:31.949000+00:00,2026-01-09 00:38:11.712000+00:00,3.508561834692955,9.585186959602652e-05,2767.034960331214,0.01079896925746913,0.7905646110989631,0.5330811006963613,2238.027783937752,395.2854707004,0.8110051833496459,0.554077502330489,0.7856518413288165,22.380277839377516,,268982.0,276703.49603312137,2997988.0,0.7856518413288165,200,8,LSTMFCN,0.5,,False,8,9,WISDM2,0,sktime 0.39.0,100,100,/data/d1/ts_archive/datasets,entropy,6,0,32,/data/d1/ts_archive/results/492412552823949607/176f6c5320ef4e6fa923b35cd6135275/artifacts,64,0.01,1234,XRF,0.001,137791,1,3,NVIDIA GeForce RTX 4090,101187,20,0.1,main.py,ANON1,conda,PROJECT,2ba81db4ea05c65817b596ef2f113e084de3fbd8,file:///home/ANON1/repos/TS_Archive-1#ts_archive_experiments,https://github.com/ANON2/TS_Archive.git,local,welcoming-skunk-259
080beacf3f924405909c40f8dca226c9,492412552823949607,FINISHED,/data/d1/ts_archive/results/492412552823949607/080beacf3f924405909c40f8dca226c9/artifacts,2026-01-08 23:30:57.019000+00:00,2026-01-09 00:00:30.170000+00:00,6.324391087517142,0.0001241537315963318,2262.1240423014333,0.011868263069003532,0.5967966242788472,0.4854728634522473,1747.9045512136072,604.5693207350399,0.5899018607178479,0.5517916252962577,0.6338241067923047,17.47904551213607,,268982.0,226212.40423014335,2998331.0,0.6338241067923047,200,8,LSTMFCN,0.5,,False,8,9,WISDM2,0,sktime 0.39.0,100,100,/data/d1/ts_archive/datasets,entropy,6,0,32,/data/d1/ts_archive/results/492412552823949607/080beacf3f924405909c40f8dca226c9/artifacts,64,0.01,1234,XRF,0.001,139224,0,3,NVIDIA GeForce RTX 4090,88284,20,0.1,main.py,ANON1,conda,PROJECT,2ba81db4ea05c65817b596ef2f113e084de3fbd8,file:///home/ANON1/repos/TS_Archive-1#ts_archive_experiments,https://github.com/ANON2/TS_Archive.git,local,victorious-ant-283
2883fc8fe3174986be8a1e122b44dac1,492412552823949607,FINISHED,/data/d1/ts_archive/results/492412552823949607/2883fc8fe3174986be8a1e122b44dac1/artifacts,2026-01-08 22:49:37.645000+00:00,2026-01-08 23:30:54.276000+00:00,7.060560081154108,0.00012977062345894183,2436.773107549723,0.01327750872228937,0.6333093894174612,0.5270927921074801,2450.581573991105,722.40269456232,0.6388144758789533,0.5494938320029432,0.6644978679605941,24.50581573991105,,492870.0,243677.3107549723,5515835.0,0.6644978679605941,200,8,InceptionTime,0.5,,False,8,9,WISDM2,0,sktime 0.39.0,100,100,/data/d1/ts_archive/datasets,entropy,6,0,32,/data/d1/ts_archive/results/492412552823949607/2883fc8fe3174986be8a1e122b44dac1/artifacts,64,0.01,1234,XRF,0.001,139571,2,3,NVIDIA GeForce RTX 4090,85163,20,0.1,main.py,ANON1,conda,PROJECT,2ba81db4ea05c65817b596ef2f113e084de3fbd8,file:///home/ANON1/repos/TS_Archive-1#ts_archive_experiments,https://github.com/ANON2/TS_Archive.git,local,intelligent-pug-274
5640759b099e4fa4972d880e4e80b506,492412552823949607,FINISHED,/data/d1/ts_archive/results/492412552823949607/5640759b099e4fa4972d880e4e80b506/artifacts,2026-01-08 21:59:54.248000+00:00,2026-01-08 22:49:35.685000+00:00,5.040874751284719,0.0001377137676561228,2934.829303523586,0.01465133712905147,0.7999076089053206,0.578895326957552,2957.851890191436,536.2975442718,0.8242386189039869,0.5983635239191298,0.7909791279641569,29.578518901914357,,492870.0,293482.9303523586,5491294.0,0.7909791279641569,200,8,InceptionTime,0.5,,False,8,9,WISDM2,0,sktime 0.39.0,100,100,/data/d1/ts_archive/datasets,entropy,6,0,32,/data/d1/ts_archive/results/492412552823949607/5640759b099e4fa4972d880e4e80b506/artifacts,64,0.01,1234,XRF,0.001,137791,1,3,NVIDIA GeForce RTX 4090,101187,20,0.1,main.py,ANON1,conda,PROJECT,2ba81db4ea05c65817b596ef2f113e084de3fbd8,file:///home/ANON1/repos/TS_Archive-1#ts_archive_experiments,https://github.com/ANON2/TS_Archive.git,local,skillful-koi-470
4757dd3d21a942829e65cd6848695a74,492412552823949607,FINISHED,/data/d1/ts_archive/results/492412552823949607/4757dd3d21a942829e65cd6848695a74/artifacts,2026-01-08 21:16:57.152000+00:00,2026-01-08 21:59:52.337000+00:00,6.310399843379855,0.00012387907034510905,2539.660780052456,0.012547990997787984,0.6554666985912553,0.5291479939962119,2550.370964189992,639.1946614273199,0.7183365027224139,0.5722860873031741,0.6573223400078524,25.503709641899917,,492870.0,253966.07800524562,5509778.0,0.6573223400078524,200,8,InceptionTime,0.5,,False,8,9,WISDM2,0,sktime 0.39.0,100,100,/data/d1/ts_archive/datasets,entropy,6,0,32,/data/d1/ts_archive/results/492412552823949607/4757dd3d21a942829e65cd6848695a74/artifacts,64,0.01,1234,XRF,0.001,139224,0,3,NVIDIA GeForce RTX 4090,88284,20,0.1,main.py,ANON1,conda,PROJECT,2ba81db4ea05c65817b596ef2f113e084de3fbd8,file:///home/ANON1/repos/TS_Archive-1#ts_archive_experiments,https://github.com/ANON2/TS_Archive.git,local,fearless-panda-168
01c3cb094a96420aaf2797c094e65dd8,492412552823949607,FINISHED,/data/d1/ts_archive/results/492412552823949607/01c3cb094a96420aaf2797c094e65dd8/artifacts,2026-01-08 21:09:18.420000+00:00,2026-01-08 21:16:54.560000+00:00,1.7998834569007158,3.3081228071252684e-05,511.7237545498884,0.004656596932708097,0.5880363564706244,0.4775548244087797,435.80330605246127,253.35612591478215,0.5869982709316486,0.4989067777656658,0.6116747537126893,4.358033060524613,,268550.0,51172.37545498884,2980982.0,0.6116747537126893,200,8,FCN,0.5,,False,8,9,WISDM2,0,sktime 0.39.0,100,100,/data/d1/ts_archive/datasets,entropy,6,0,32,/data/d1/ts_archive/results/492412552823949607/01c3cb094a96420aaf2797c094e65dd8/artifacts,64,0.01,1234,XRF,0.001,139571,2,3,NVIDIA GeForce RTX 4090,85163,20,0.1,main.py,ANON1,conda,PROJECT,2ba81db4ea05c65817b596ef2f113e084de3fbd8,file:///home/ANON1/repos/TS_Archive-1#ts_archive_experiments,https://github.com/ANON2/TS_Archive.git,local,big-kite-30
be37eed4912e42ec9b07b2fb50f31aa9,492412552823949607,FINISHED,/data/d1/ts_archive/results/492412552823949607/be37eed4912e42ec9b07b2fb50f31aa9/artifacts,2026-01-08 20:59:40.194000+00:00,2026-01-08 21:09:16.631000+00:00,1.377109877765179,3.762184126776251e-05,631.5731250495912,0.0053115390333334555,0.8060258563701402,0.5295297578422528,556.6157590560615,194.4235747761378,0.8228572344517733,0.5556481522690094,0.7997213419298438,5.566157590560615,,268550.0,63157.31250495912,2980296.0,0.7997213419298438,200,8,FCN,0.5,,False,8,9,WISDM2,0,sktime 0.39.0,100,100,/data/d1/ts_archive/datasets,entropy,6,0,32,/data/d1/ts_archive/results/492412552823949607/be37eed4912e42ec9b07b2fb50f31aa9/artifacts,64,0.01,1234,XRF,0.001,137791,1,3,NVIDIA GeForce RTX 4090,101187,20,0.1,main.py,ANON1,conda,PROJECT,2ba81db4ea05c65817b596ef2f113e084de3fbd8,file:///home/ANON1/repos/TS_Archive-1#ts_archive_experiments,https://github.com/ANON2/TS_Archive.git,local,intelligent-gnat-226
ebc33c1005df4b7e8aeb844a60d70594,492412552823949607,FINISHED,/data/d1/ts_archive/results/492412552823949607/ebc33c1005df4b7e8aeb844a60d70594/artifacts,2026-01-08 20:51:35.899000+00:00,2026-01-08 20:59:38.347000+00:00,1.590326378121972,3.121959909937126e-05,536.3576460958355,0.004579200394111504,0.5936078995257016,0.4891911926507739,461.4659458473325,233.26446807604,0.6327199504803029,0.5717742556503939,0.6275225755791127,4.614659458473325,,268550.0,53635.76460958356,2995249.0,0.6275225755791127,200,8,FCN,0.5,,False,8,9,WISDM2,0,sktime 0.39.0,100,100,/data/d1/ts_archive/datasets,entropy,6,0,32,/data/d1/ts_archive/results/492412552823949607/ebc33c1005df4b7e8aeb844a60d70594/artifacts,64,0.01,1234,XRF,0.001,139224,0,3,NVIDIA GeForce RTX 4090,88284,20,0.1,main.py,ANON1,conda,PROJECT,2ba81db4ea05c65817b596ef2f113e084de3fbd8,file:///home/ANON1/repos/TS_Archive-1#ts_archive_experiments,https://github.com/ANON2/TS_Archive.git,local,judicious-robin-103
c1792d1023d94d55a62562b56896ad90,492412552823949607,FINISHED,/data/d1/ts_archive/results/492412552823949607/c1792d1023d94d55a62562b56896ad90/artifacts,2026-01-08 20:38:15.139000+00:00,2026-01-08 20:51:33.425000+00:00,1.7640823610126972,3.242321645737202e-05,1180.1410413481008,0.005058318732367981,0.6295505642630741,0.524574390366323,785.2386950794607,275.21300559067714,0.6393396803699675,0.5511641144996361,0.6640751360094104,7.852386950794608,2.046825282416998,36414.0,118014.10413481008,563129.0,0.6640751360094104,200,8,ConvTran,0.5,,False,8,9,WISDM2,0,PyTorch 2.9.0+cu128,100,100,/data/d1/ts_archive/datasets,entropy,6,0,32,/data/d1/ts_archive/results/492412552823949607/c1792d1023d94d55a62562b56896ad90/artifacts,64,0.01,1234,XRF,0.001,139571,2,3,NVIDIA GeForce RTX 4090,85163,20,0.1,main.py,ANON1,conda,PROJECT,2ba81db4ea05c65817b596ef2f113e084de3fbd8,file:///home/ANON1/repos/TS_Archive-1#ts_archive_experiments,https://github.com/ANON2/TS_Archive.git,local,brawny-mouse-988
9eae0c981a6044738e40fce43ff8cd59,492412552823949607,FINISHED,/data/d1/ts_archive/results/492412552823949607/9eae0c981a6044738e40fce43ff8cd59/artifacts,2026-01-08 20:22:30.484000+00:00,2026-01-08 20:38:13.449000+00:00,1.1796630509197712,3.222770874548605e-05,1404.2742868293874,0.004748543659852731,0.7913573562565603,0.545059878491755,930.692921306938,173.81569212524934,0.8115222987961185,0.5634779412729461,0.7857064801661021,9.306929213069381,2.610513699261846,36414.0,140427.42868293874,563129.0,0.7857064801661021,200,8,ConvTran,0.5,,False,8,9,WISDM2,0,PyTorch 2.9.0+cu128,100,100,/data/d1/ts_archive/datasets,entropy,6,0,32,/data/d1/ts_archive/results/492412552823949607/9eae0c981a6044738e40fce43ff8cd59/artifacts,64,0.01,1234,XRF,0.001,137791,1,3,NVIDIA GeForce RTX 4090,101187,20,0.1,main.py,ANON1,conda,PROJECT,2ba81db4ea05c65817b596ef2f113e084de3fbd8,file:///home/ANON1/repos/TS_Archive-1#ts_archive_experiments,https://github.com/ANON2/TS_Archive.git,local,fortunate-croc-716
e0c8b24d2cf84ac79af259c3631bd23f,492412552823949607,FINISHED,/data/d1/ts_archive/results/492412552823949607/e0c8b24d2cf84ac79af259c3631bd23f/artifacts,2026-01-08 20:08:43.991000+00:00,2026-01-08 20:22:28.796000+00:00,1.639642022550106,3.21877114752671e-05,1227.83656243536,0.00495786332488895,0.5999969410987477,0.49209766130721183,812.2953333798796,252.55355776984308,0.6208461279050534,0.5634314157360062,0.6358068315665489,8.122953333798796,1.9808729367580047,36414.0,122783.65624353601,563129.0,0.6358068315665489,200,8,ConvTran,0.5,,False,8,9,WISDM2,0,PyTorch 2.9.0+cu128,100,100,/data/d1/ts_archive/datasets,entropy,6,0,32,/data/d1/ts_archive/results/492412552823949607/e0c8b24d2cf84ac79af259c3631bd23f/artifacts,64,0.01,1234,XRF,0.001,139224,0,3,NVIDIA GeForce RTX 4090,88284,20,0.1,main.py,ANON1,conda,PROJECT,2ba81db4ea05c65817b596ef2f113e084de3fbd8,file:///home/ANON1/repos/TS_Archive-1#ts_archive_experiments,https://github.com/ANON2/TS_Archive.git,local,sedate-hawk-920
d2f9195f9c1a433794cc15178f1b6089,492412552823949607,FINISHED,/data/d1/ts_archive/results/492412552823949607/d2f9195f9c1a433794cc15178f1b6089/artifacts,2026-01-08 20:04:21.502000+00:00,2026-01-08 20:08:41.828000+00:00,0.8245396409183741,1.5154750053638694e-05,346.16424094446234,0.001911567438846646,0.6090726601276804,0.4619052325768997,246.74560382962227,104.00456121276831,0.6401863846907079,0.4961850212458807,0.6178135568298779,2.4674560382962225,5.717147696545818,27654.0,34616.424094446236,339893.0,0.6178135568298779,200,8,SFCN,0.5,,False,8,9,WISDM2,0,PyTorch 2.9.0+cu128,100,100,/data/d1/ts_archive/datasets,entropy,6,0,32,/data/d1/ts_archive/results/492412552823949607/d2f9195f9c1a433794cc15178f1b6089/artifacts,64,0.01,1234,XRF,0.001,139571,2,3,NVIDIA GeForce RTX 4090,85163,20,0.1,main.py,ANON1,conda,PROJECT,2ba81db4ea05c65817b596ef2f113e084de3fbd8,file:///home/ANON1/repos/TS_Archive-1#ts_archive_experiments,https://github.com/ANON2/TS_Archive.git,local,clean-pig-18
39b0624ac8304113b23d70b001b8bcdf,492412552823949607,FINISHED,/data/d1/ts_archive/results/492412552823949607/39b0624ac8304113b23d70b001b8bcdf/artifacts,2026-01-08 19:59:11.048000+00:00,2026-01-08 20:04:19.990000+00:00,0.5219852030277252,1.4260332286846388e-05,413.040376022508,0.0018103012833119816,0.687989965753993,0.44988584923834773,297.8767788000405,66.26426817435177,0.7314759100200734,0.4789801556811031,0.6634520817397006,2.978767788000405,8.904866927673929,27654.0,41304.0376022508,339893.0,0.6634520817397006,200,8,SFCN,0.5,,False,8,9,WISDM2,0,PyTorch 2.9.0+cu128,100,100,/data/d1/ts_archive/datasets,entropy,6,0,32,/data/d1/ts_archive/results/492412552823949607/39b0624ac8304113b23d70b001b8bcdf/artifacts,64,0.01,1234,XRF,0.001,137791,1,3,NVIDIA GeForce RTX 4090,101187,20,0.1,main.py,ANON1,conda,PROJECT,2ba81db4ea05c65817b596ef2f113e084de3fbd8,file:///home/ANON1/repos/TS_Archive-1#ts_archive_experiments,https://github.com/ANON2/TS_Archive.git,local,peaceful-croc-862
89bb5e604a9d40de9ce235a35a951eb3,492412552823949607,FINISHED,/data/d1/ts_archive/results/492412552823949607/89bb5e604a9d40de9ce235a35a951eb3/artifacts,2026-01-08 19:54:33.948000+00:00,2026-01-08 19:59:09.487000+00:00,0.7287421878427267,1.4305892969036645e-05,360.934786397682,0.0018820364514144895,0.5867197057502507,0.44823502736198173,262.54175234399736,95.8709368350541,0.672543211961203,0.5301032250023601,0.5708284255987436,2.6254175234399737,5.642983036730212,27654.0,36093.4786397682,339893.0,0.5708284255987436,200,8,SFCN,0.5,,False,8,9,WISDM2,0,PyTorch 2.9.0+cu128,100,100,/data/d1/ts_archive/datasets,entropy,6,0,32,/data/d1/ts_archive/results/492412552823949607/89bb5e604a9d40de9ce235a35a951eb3/artifacts,64,0.01,1234,XRF,0.001,139224,0,3,NVIDIA GeForce RTX 4090,88284,20,0.1,main.py,ANON1,conda,PROJECT,2ba81db4ea05c65817b596ef2f113e084de3fbd8,file:///home/ANON1/repos/TS_Archive-1#ts_archive_experiments,https://github.com/ANON2/TS_Archive.git,local,brawny-fawn-724
412dfa280eb84d4e85cead1502bd256f,492412552823949607,RUNNING,/data/d1/ts_archive/results/492412552823949607/412dfa280eb84d4e85cead1502bd256f/artifacts,2026-01-08 15:54:33.263000+00:00,,,,,,,,,,,,,,,,,,,200,8,ResNet,0.5,,False,8,9,Traffic,0,sktime 0.39.0,24,100,/data/d1/ts_archive/datasets,entropy,7,0,32,/data/d1/ts_archive/results/492412552823949607/412dfa280eb84d4e85cead1502bd256f/artifacts,64,0.01,1234,XRF,0.001,1344090,2,1,NVIDIA GeForce RTX 4090,1051896,20,0.1,main.py,ANON1,conda,PROJECT,2ba81db4ea05c65817b596ef2f113e084de3fbd8,file:///home/ANON1/repos/TS_Archive-1#ts_archive_experiments,https://github.com/ANON2/TS_Archive.git,local,abrasive-fox-627
b8ee4878259746cb93657bc705364875,492412552823949607,RUNNING,/data/d1/ts_archive/results/492412552823949607/b8ee4878259746cb93657bc705364875/artifacts,2026-01-08 11:54:33.317000+00:00,,,,,,,,,,,,,,,,,,,200,8,ResNet,0.5,,False,8,9,Traffic,0,sktime 0.39.0,24,100,/data/d1/ts_archive/datasets,entropy,7,0,32,/data/d1/ts_archive/results/492412552823949607/b8ee4878259746cb93657bc705364875/artifacts,64,0.01,1234,XRF,0.001,1344090,1,1,NVIDIA GeForce RTX 4090,1051896,20,0.1,main.py,ANON1,conda,PROJECT,2ba81db4ea05c65817b596ef2f113e084de3fbd8,file:///home/ANON1/repos/TS_Archive-1#ts_archive_experiments,https://github.com/ANON2/TS_Archive.git,local,gregarious-toad-940
09e324b68cb04bdcb1c84b24e2462620,492412552823949607,RUNNING,/data/d1/ts_archive/results/492412552823949607/09e324b68cb04bdcb1c84b24e2462620/artifacts,2026-01-08 07:54:32.590000+00:00,,,,,,,,,,,,,,,,,,,200,8,ResNet,0.5,,False,8,9,Traffic,0,sktime 0.39.0,24,100,/data/d1/ts_archive/datasets,entropy,7,0,32,/data/d1/ts_archive/results/492412552823949607/09e324b68cb04bdcb1c84b24e2462620/artifacts,64,0.01,1234,XRF,0.001,1344090,0,1,NVIDIA GeForce RTX 4090,1051896,20,0.1,main.py,ANON1,conda,PROJECT,2ba81db4ea05c65817b596ef2f113e084de3fbd8,file:///home/ANON1/repos/TS_Archive-1#ts_archive_experiments,https://github.com/ANON2/TS_Archive.git,local,popular-wasp-473
5b6262537d7d443889a8cf1e3e88dcf3,492412552823949607,FINISHED,/data/d1/ts_archive/results/492412552823949607/5b6262537d7d443889a8cf1e3e88dcf3/artifacts,2026-01-08 07:22:15.229000+00:00,2026-01-08 07:54:29.735000+00:00,6.135215619578958,2.099706229278821e-05,2553.49453653094,0.0029425600131854864,0.03672630358162978,0.03618280733801577,1909.783306762576,859.7983804927201,0.1450029774738701,0.14285714285714285,0.1450029774738701,19.09783306762576,,517007.0,255349.45365309398,2069012.0,0.1450029774738701,200,8,MLP,0.5,,False,8,9,Traffic,0,sktime 0.39.0,24,100,/data/d1/ts_archive/datasets,entropy,7,0,32,/data/d1/ts_archive/results/492412552823949607/5b6262537d7d443889a8cf1e3e88dcf3/artifacts,64,0.01,1234,XRF,0.001,1344090,2,1,NVIDIA GeForce RTX 4090,1051896,20,0.1,main.py,ANON1,conda,PROJECT,2ba81db4ea05c65817b596ef2f113e084de3fbd8,file:///home/ANON1/repos/TS_Archive-1#ts_archive_experiments,https://github.com/ANON2/TS_Archive.git,local,enchanting-sheep-169
6a4d28d60da046b09479fed2a622b531,492412552823949607,FINISHED,/data/d1/ts_archive/results/492412552823949607/6a4d28d60da046b09479fed2a622b531/artifacts,2026-01-08 06:50:08.037000+00:00,2026-01-08 07:22:13.281000+00:00,6.344638282433152,2.1713787012851573e-05,2564.52812836133,0.00292784622043738,0.03672630358162978,0.03618280733801577,1899.440333360806,855.4990985344799,0.1450029774738701,0.14285714285714285,0.1450029774738701,18.994403333608062,,517007.0,256452.812836133,2079386.0,0.1450029774738701,200,8,MLP,0.5,,False,8,9,Traffic,0,sktime 0.39.0,24,100,/data/d1/ts_archive/datasets,entropy,7,0,32,/data/d1/ts_archive/results/492412552823949607/6a4d28d60da046b09479fed2a622b531/artifacts,64,0.01,1234,XRF,0.001,1344090,1,1,NVIDIA GeForce RTX 4090,1051896,20,0.1,main.py,ANON1,conda,PROJECT,2ba81db4ea05c65817b596ef2f113e084de3fbd8,file:///home/ANON1/repos/TS_Archive-1#ts_archive_experiments,https://github.com/ANON2/TS_Archive.git,local,victorious-wolf-230
77b5359e4f3f4687833d504d08aaaa55,492412552823949607,FINISHED,/data/d1/ts_archive/results/492412552823949607/77b5359e4f3f4687833d504d08aaaa55/artifacts,2026-01-08 06:16:46.049000+00:00,2026-01-08 06:50:06.293000+00:00,6.172378048300743,2.1124246385280816e-05,2601.905467544575,0.0028466296864695373,0.03672630358162978,0.03618280733801577,1975.604044103995,831.76811460828,0.1450029774738701,0.14285714285714285,0.1450029774738701,19.75604044103995,,517007.0,260190.54675445752,2069260.0,0.1450029774738701,200,8,MLP,0.5,,False,8,9,Traffic,0,sktime 0.39.0,24,100,/data/d1/ts_archive/datasets,entropy,7,0,32,/data/d1/ts_archive/results/492412552823949607/77b5359e4f3f4687833d504d08aaaa55/artifacts,64,0.01,1234,XRF,0.001,1344090,0,1,NVIDIA GeForce RTX 4090,1051896,20,0.1,main.py,ANON1,conda,PROJECT,2ba81db4ea05c65817b596ef2f113e084de3fbd8,file:///home/ANON1/repos/TS_Archive-1#ts_archive_experiments,https://github.com/ANON2/TS_Archive.git,local,rumbling-quail-777
1a7acbfa2c984fefa37d35c3778b05ad,492412552823949607,FAILED,/data/d1/ts_archive/results/492412552823949607/1a7acbfa2c984fefa37d35c3778b05ad/artifacts,2026-01-08 05:44:53.720000+00:00,2026-01-08 06:16:43.382000+00:00,,,,,,,,,,,,,,,,,,200,8,MCDCNN,0.5,,False,8,9,Traffic,0,sktime 0.39.0,24,100,/data/d1/ts_archive/datasets,entropy,7,0,32,/data/d1/ts_archive/results/492412552823949607/1a7acbfa2c984fefa37d35c3778b05ad/artifacts,64,0.01,1234,XRF,0.001,1344090,2,1,NVIDIA GeForce RTX 4090,1051896,20,0.1,main.py,ANON1,conda,PROJECT,2ba81db4ea05c65817b596ef2f113e084de3fbd8,file:///home/ANON1/repos/TS_Archive-1#ts_archive_experiments,https://github.com/ANON2/TS_Archive.git,local,bedecked-auk-237
9cc2a3422bf54dcb83fc2c162ddf2e36,492412552823949607,FAILED,/data/d1/ts_archive/results/492412552823949607/9cc2a3422bf54dcb83fc2c162ddf2e36/artifacts,2026-01-08 05:13:29.425000+00:00,2026-01-08 05:44:51.919000+00:00,,,,,,,,,,,,,,,,,,200,8,MCDCNN,0.5,,False,8,9,Traffic,0,sktime 0.39.0,24,100,/data/d1/ts_archive/datasets,entropy,7,0,32,/data/d1/ts_archive/results/492412552823949607/9cc2a3422bf54dcb83fc2c162ddf2e36/artifacts,64,0.01,1234,XRF,0.001,1344090,1,1,NVIDIA GeForce RTX 4090,1051896,20,0.1,main.py,ANON1,conda,PROJECT,2ba81db4ea05c65817b596ef2f113e084de3fbd8,file:///home/ANON1/repos/TS_Archive-1#ts_archive_experiments,https://github.com/ANON2/TS_Archive.git,local,rogue-lamb-575
0231b922c6794f77ae8fdeda8195fa64,492412552823949607,FAILED,/data/d1/ts_archive/results/492412552823949607/0231b922c6794f77ae8fdeda8195fa64/artifacts,2026-01-08 04:41:36.082000+00:00,2026-01-08 05:13:27.644000+00:00,,,,,,,,,,,,,,,,,,200,8,MCDCNN,0.5,,False,8,9,Traffic,0,sktime 0.39.0,24,100,/data/d1/ts_archive/datasets,entropy,7,0,32,/data/d1/ts_archive/results/492412552823949607/0231b922c6794f77ae8fdeda8195fa64/artifacts,64,0.01,1234,XRF,0.001,1344090,0,1,NVIDIA GeForce RTX 4090,1051896,20,0.1,main.py,ANON1,conda,PROJECT,2ba81db4ea05c65817b596ef2f113e084de3fbd8,file:///home/ANON1/repos/TS_Archive-1#ts_archive_experiments,https://github.com/ANON2/TS_Archive.git,local,loud-colt-417
845f6b74e1294995bea724594b2aa0b3,492412552823949607,RUNNING,/data/d1/ts_archive/results/492412552823949607/845f6b74e1294995bea724594b2aa0b3/artifacts,2026-01-08 00:41:35.298000+00:00,,,,,,,,,,,,,,,,,,,200,8,LSTMFCN,0.5,,False,8,9,Traffic,0,sktime 0.39.0,24,100,/data/d1/ts_archive/datasets,entropy,7,0,32,/data/d1/ts_archive/results/492412552823949607/845f6b74e1294995bea724594b2aa0b3/artifacts,64,0.01,1234,XRF,0.001,1344090,2,1,NVIDIA GeForce RTX 4090,1051896,20,0.1,main.py,ANON1,conda,PROJECT,2ba81db4ea05c65817b596ef2f113e084de3fbd8,file:///home/ANON1/repos/TS_Archive-1#ts_archive_experiments,https://github.com/ANON2/TS_Archive.git,local,beautiful-mouse-52
bcea927ffc6a40b5bd7acc6570bbea30,492412552823949607,RUNNING,/data/d1/ts_archive/results/492412552823949607/bcea927ffc6a40b5bd7acc6570bbea30/artifacts,2026-01-07 20:41:35.156000+00:00,,,,,,,,,,,,,,,,,,,200,8,LSTMFCN,0.5,,False,8,9,Traffic,0,sktime 0.39.0,24,100,/data/d1/ts_archive/datasets,entropy,7,0,32,/data/d1/ts_archive/results/492412552823949607/bcea927ffc6a40b5bd7acc6570bbea30/artifacts,64,0.01,1234,XRF,0.001,1344090,1,1,NVIDIA GeForce RTX 4090,1051896,20,0.1,main.py,ANON1,conda,PROJECT,2ba81db4ea05c65817b596ef2f113e084de3fbd8,file:///home/ANON1/repos/TS_Archive-1#ts_archive_experiments,https://github.com/ANON2/TS_Archive.git,local,sneaky-perch-663
9d1cafd1102f4b9c8a008f47403b2839,492412552823949607,RUNNING,/data/d1/ts_archive/results/492412552823949607/9d1cafd1102f4b9c8a008f47403b2839/artifacts,2026-01-07 16:41:34.549000+00:00,,,,,,,,,,,,,,,,,,,200,8,LSTMFCN,0.5,,False,8,9,Traffic,0,sktime 0.39.0,24,100,/data/d1/ts_archive/datasets,entropy,7,0,32,/data/d1/ts_archive/results/492412552823949607/9d1cafd1102f4b9c8a008f47403b2839/artifacts,64,0.01,1234,XRF,0.001,1344090,0,1,NVIDIA GeForce RTX 4090,1051896,20,0.1,main.py,ANON1,conda,PROJECT,2ba81db4ea05c65817b596ef2f113e084de3fbd8,file:///home/ANON1/repos/TS_Archive-1#ts_archive_experiments,https://github.com/ANON2/TS_Archive.git,local,lyrical-horse-978
064e316fb3ea4f26810690352af5b761,492412552823949607,RUNNING,/data/d1/ts_archive/results/492412552823949607/064e316fb3ea4f26810690352af5b761/artifacts,2026-01-07 12:41:33.565000+00:00,,,,,,,,,,,,,,,,,,,200,8,InceptionTime,0.5,,False,8,9,Traffic,0,sktime 0.39.0,24,100,/data/d1/ts_archive/datasets,entropy,7,0,32,/data/d1/ts_archive/results/492412552823949607/064e316fb3ea4f26810690352af5b761/artifacts,64,0.01,1234,XRF,0.001,1344090,2,1,NVIDIA GeForce RTX 4090,1051896,20,0.1,main.py,ANON1,conda,PROJECT,2ba81db4ea05c65817b596ef2f113e084de3fbd8,file:///home/ANON1/repos/TS_Archive-1#ts_archive_experiments,https://github.com/ANON2/TS_Archive.git,local,bemused-fox-196
80d5ef72b7f449fb9e6c3e63540ec2da,492412552823949607,RUNNING,/data/d1/ts_archive/results/492412552823949607/80d5ef72b7f449fb9e6c3e63540ec2da/artifacts,2026-01-07 08:41:33.854000+00:00,,,,,,,,,,,,,,,,,,,200,8,InceptionTime,0.5,,False,8,9,Traffic,0,sktime 0.39.0,24,100,/data/d1/ts_archive/datasets,entropy,7,0,32,/data/d1/ts_archive/results/492412552823949607/80d5ef72b7f449fb9e6c3e63540ec2da/artifacts,64,0.01,1234,XRF,0.001,1344090,1,1,NVIDIA GeForce RTX 4090,1051896,20,0.1,main.py,ANON1,conda,PROJECT,2ba81db4ea05c65817b596ef2f113e084de3fbd8,file:///home/ANON1/repos/TS_Archive-1#ts_archive_experiments,https://github.com/ANON2/TS_Archive.git,local,gaudy-snail-106
812543d776f14bd89d6111f3fde397b6,492412552823949607,RUNNING,/data/d1/ts_archive/results/492412552823949607/812543d776f14bd89d6111f3fde397b6/artifacts,2026-01-07 04:41:32.902000+00:00,,,,,,,,,,,,,,,,,,,200,8,InceptionTime,0.5,,False,8,9,Traffic,0,sktime 0.39.0,24,100,/data/d1/ts_archive/datasets,entropy,7,0,32,/data/d1/ts_archive/results/492412552823949607/812543d776f14bd89d6111f3fde397b6/artifacts,64,0.01,1234,XRF,0.001,1344090,0,1,NVIDIA GeForce RTX 4090,1051896,20,0.1,main.py,ANON1,conda,PROJECT,2ba81db4ea05c65817b596ef2f113e084de3fbd8,file:///home/ANON1/repos/TS_Archive-1#ts_archive_experiments,https://github.com/ANON2/TS_Archive.git,local,sassy-ray-594
459b1c42feb8407e82f93ae01e586cdd,492412552823949607,FINISHED,/data/d1/ts_archive/results/492412552823949607/459b1c42feb8407e82f93ae01e586cdd/artifacts,2026-01-07 03:25:48.415000+00:00,2026-01-07 04:41:30.353000+00:00,6.2835381627082825,2.1504678955448374e-05,5083.864274277702,0.0029278145665952073,0.6250626579195505,0.625323638098985,4517.106427790597,855.48984947172,0.6283473329864707,0.6327821724581836,0.632874049432911,45.17106427790597,,266631.0,508386.42742777016,2893287.0,0.632874049432911,200,8,FCN,0.5,,False,8,9,Traffic,0,sktime 0.39.0,24,100,/data/d1/ts_archive/datasets,entropy,7,0,32,/data/d1/ts_archive/results/492412552823949607/459b1c42feb8407e82f93ae01e586cdd/artifacts,64,0.01,1234,XRF,0.001,1344090,2,1,NVIDIA GeForce RTX 4090,1051896,20,0.1,main.py,ANON1,conda,PROJECT,2ba81db4ea05c65817b596ef2f113e084de3fbd8,file:///home/ANON1/repos/TS_Archive-1#ts_archive_experiments,https://github.com/ANON2/TS_Archive.git,local,exultant-fox-981
5e152f889ac941f8a9bb530260b465c0,492412552823949607,FINISHED,/data/d1/ts_archive/results/492412552823949607/5e152f889ac941f8a9bb530260b465c0/artifacts,2026-01-07 02:12:59.424000+00:00,2026-01-07 03:25:46.942000+00:00,6.315263792872429,2.1613256236857803e-05,4994.509872056184,0.003005823281989774,0.6146773360913496,0.6150235772093265,4343.365039434284,878.28352805772,0.616656636865603,0.6319959390894523,0.6320047639581922,43.43365039434284,,266631.0,499450.98720561835,2884149.0,0.6320047639581922,200,8,FCN,0.5,,False,8,9,Traffic,0,sktime 0.39.0,24,100,/data/d1/ts_archive/datasets,entropy,7,0,32,/data/d1/ts_archive/results/492412552823949607/5e152f889ac941f8a9bb530260b465c0/artifacts,64,0.01,1234,XRF,0.001,1344090,1,1,NVIDIA GeForce RTX 4090,1051896,20,0.1,main.py,ANON1,conda,PROJECT,2ba81db4ea05c65817b596ef2f113e084de3fbd8,file:///home/ANON1/repos/TS_Archive-1#ts_archive_experiments,https://github.com/ANON2/TS_Archive.git,local,magnificent-rat-767
391285ee0b794fbb8d68a9aed5877818,492412552823949607,FINISHED,/data/d1/ts_archive/results/492412552823949607/391285ee0b794fbb8d68a9aed5877818/artifacts,2026-01-07 01:02:54.837000+00:00,2026-01-07 02:12:57.659000+00:00,6.379856161773205,2.183431611112208e-05,4832.16818684602,0.0030440153581728574,0.6297398452317383,0.6300902639919858,4170.518847728148,889.44302356596,0.6350405229012857,0.6349925977584837,0.634065038980951,41.70518847728148,,266631.0,483216.818684602,2864765.0,0.634065038980951,200,8,FCN,0.5,,False,8,9,Traffic,0,sktime 0.39.0,24,100,/data/d1/ts_archive/datasets,entropy,7,0,32,/data/d1/ts_archive/results/492412552823949607/391285ee0b794fbb8d68a9aed5877818/artifacts,64,0.01,1234,XRF,0.001,1344090,0,1,NVIDIA GeForce RTX 4090,1051896,20,0.1,main.py,ANON1,conda,PROJECT,2ba81db4ea05c65817b596ef2f113e084de3fbd8,file:///home/ANON1/repos/TS_Archive-1#ts_archive_experiments,https://github.com/ANON2/TS_Archive.git,local,serious-mouse-506
1d1a541d582a441ebce1c8628930090d,492412552823949607,FINISHED,/data/d1/ts_archive/results/492412552823949607/1d1a541d582a441ebce1c8628930090d/artifacts,2026-01-06 22:15:14.504000+00:00,2026-01-07 01:02:49.439000+00:00,9.693701818585396,3.3175567665952744e-05,12436.55082630817,0.004308637767580854,0.6545411876144442,0.6549503852833664,10033.116521554068,1258.95810386052,0.6486801770832136,0.6657867033425321,0.6651710849640992,100.33116521554068,0.8218385439227108,27039.0,1243655.082630817,365497.0,0.6651710849640992,200,8,ConvTran,0.5,,False,8,9,Traffic,0,PyTorch 2.9.0+cu128,24,100,/data/d1/ts_archive/datasets,entropy,7,0,32,/data/d1/ts_archive/results/492412552823949607/1d1a541d582a441ebce1c8628930090d/artifacts,64,0.01,1234,XRF,0.001,1344090,2,1,NVIDIA GeForce RTX 4090,1051896,20,0.1,main.py,ANON1,conda,PROJECT,2ba81db4ea05c65817b596ef2f113e084de3fbd8,file:///home/ANON1/repos/TS_Archive-1#ts_archive_experiments,https://github.com/ANON2/TS_Archive.git,local,colorful-bass-222
b9236c3a394446f5b319735a27f1d13a,492412552823949607,FINISHED,/data/d1/ts_archive/results/492412552823949607/b9236c3a394446f5b319735a27f1d13a/artifacts,2026-01-06 19:29:34.654000+00:00,2026-01-06 22:15:12.761000+00:00,9.608208583667874,3.288297700728925e-05,12301.213086674034,0.004251083724023902,0.6554663394487955,0.6558749594704508,9917.043895868585,1242.1411576574399,0.6491327484231302,0.6651550195336456,0.6646953736216349,99.17043895868585,0.8233665114578305,27039.0,1230121.3086674034,365497.0,0.6646953736216349,200,8,ConvTran,0.5,,False,8,9,Traffic,0,PyTorch 2.9.0+cu128,24,100,/data/d1/ts_archive/datasets,entropy,7,0,32,/data/d1/ts_archive/results/492412552823949607/b9236c3a394446f5b319735a27f1d13a/artifacts,64,0.01,1234,XRF,0.001,1344090,1,1,NVIDIA GeForce RTX 4090,1051896,20,0.1,main.py,ANON1,conda,PROJECT,2ba81db4ea05c65817b596ef2f113e084de3fbd8,file:///home/ANON1/repos/TS_Archive-1#ts_archive_experiments,https://github.com/ANON2/TS_Archive.git,local,efficient-bear-926
3cb4a5f763d144aaa90dd296ee70ce41,492412552823949607,FINISHED,/data/d1/ts_archive/results/492412552823949607/3cb4a5f763d144aaa90dd296ee70ce41/artifacts,2026-01-06 16:46:22.279000+00:00,2026-01-06 19:29:32.891000+00:00,9.504077991470696,3.25266021597661e-05,12257.138919125793,0.0042977609647249435,0.6536973381941837,0.6540934148182,9769.065994158387,1255.77996732684,0.6478505736862422,0.6627137639446071,0.6622038782452754,97.69065994158387,0.8246353004198296,27039.0,1225713.8919125793,365497.0,0.6622038782452754,200,8,ConvTran,0.5,,False,8,9,Traffic,0,PyTorch 2.9.0+cu128,24,100,/data/d1/ts_archive/datasets,entropy,7,0,32,/data/d1/ts_archive/results/492412552823949607/3cb4a5f763d144aaa90dd296ee70ce41/artifacts,64,0.01,1234,XRF,0.001,1344090,0,1,NVIDIA GeForce RTX 4090,1051896,20,0.1,main.py,ANON1,conda,PROJECT,2ba81db4ea05c65817b596ef2f113e084de3fbd8,file:///home/ANON1/repos/TS_Archive-1#ts_archive_experiments,https://github.com/ANON2/TS_Archive.git,local,rumbling-boar-262
a51d76fefc024311964fc780c63832e6,492412552823949607,FINISHED,/data/d1/ts_archive/results/492412552823949607/a51d76fefc024311964fc780c63832e6/artifacts,2026-01-06 15:55:27.696000+00:00,2026-01-06 16:46:19.721000+00:00,3.9945734702050686,1.367096336750607e-05,3962.790467593027,0.0017438964592225712,0.49216391953195765,0.49218581351617235,3036.1336939260364,509.55608200608,0.5001529809166452,0.513762954589232,0.5139188347467778,30.361336939260365,1.1919927162555426,27655.0,396279.0467593027,339893.0,0.5139188347467778,200,8,SFCN,0.5,,False,8,9,Traffic,0,PyTorch 2.9.0+cu128,24,100,/data/d1/ts_archive/datasets,entropy,7,0,32,/data/d1/ts_archive/results/492412552823949607/a51d76fefc024311964fc780c63832e6/artifacts,64,0.01,1234,XRF,0.001,1344090,2,1,NVIDIA GeForce RTX 4090,1051896,20,0.1,main.py,ANON1,conda,PROJECT,2ba81db4ea05c65817b596ef2f113e084de3fbd8,file:///home/ANON1/repos/TS_Archive-1#ts_archive_experiments,https://github.com/ANON2/TS_Archive.git,local,ambitious-squid-534
53df974cf1b24c4896e04a885fb76658,492412552823949607,FINISHED,/data/d1/ts_archive/results/492412552823949607/53df974cf1b24c4896e04a885fb76658/artifacts,2026-01-06 15:03:07.290000+00:00,2026-01-06 15:55:25.903000+00:00,4.032652914524078,1.3801285839285127e-05,4052.0074844894616,0.001763186066632169,0.4853908801439217,0.48543957111621483,3122.835424423218,515.19238955352,0.48613157512619487,0.5095932163744007,0.5096750788859457,31.22835424423218,1.1987819307484286,27655.0,405200.74844894616,339893.0,0.5096750788859457,200,8,SFCN,0.5,,False,8,9,Traffic,0,PyTorch 2.9.0+cu128,24,100,/data/d1/ts_archive/datasets,entropy,7,0,32,/data/d1/ts_archive/results/492412552823949607/53df974cf1b24c4896e04a885fb76658/artifacts,64,0.01,1234,XRF,0.001,1344090,1,1,NVIDIA GeForce RTX 4090,1051896,20,0.1,main.py,ANON1,conda,PROJECT,2ba81db4ea05c65817b596ef2f113e084de3fbd8,file:///home/ANON1/repos/TS_Archive-1#ts_archive_experiments,https://github.com/ANON2/TS_Archive.git,local,monumental-zebra-648
9d9f115ad72b45d795ddadae8658fa04,492412552823949607,FINISHED,/data/d1/ts_archive/results/492412552823949607/9d9f115ad72b45d795ddadae8658fa04/artifacts,2026-01-06 14:11:38.031000+00:00,2026-01-06 15:03:05.588000+00:00,3.9881132263690233,1.3648853933924117e-05,4001.570852523401,0.0017526151420957311,0.4700771997147707,0.46983584573797393,3072.5475491173565,512.1036288295201,0.4728202947696294,0.49608374980498376,0.496608417695093,30.725475491173565,1.226797398244256,27655.0,400157.08525234007,339893.0,0.496608417695093,200,8,SFCN,0.5,,False,8,9,Traffic,0,PyTorch 2.9.0+cu128,24,100,/data/d1/ts_archive/datasets,entropy,7,0,32,/data/d1/ts_archive/results/492412552823949607/9d9f115ad72b45d795ddadae8658fa04/artifacts,64,0.01,1234,XRF,0.001,1344090,0,1,NVIDIA GeForce RTX 4090,1051896,20,0.1,main.py,ANON1,conda,PROJECT,2ba81db4ea05c65817b596ef2f113e084de3fbd8,file:///home/ANON1/repos/TS_Archive-1#ts_archive_experiments,https://github.com/ANON2/TS_Archive.git,local,adaptable-hawk-789
c33f2f7eb0424f82b2a4e9a2785139e1,492412552823949607,FINISHED,/data/d1/ts_archive/results/492412552823949607/c33f2f7eb0424f82b2a4e9a2785139e1/artifacts,2026-01-06 13:58:00.716000+00:00,2026-01-06 14:11:35.609000+00:00,1.656692057847977,0.0001475894929040514,807.3870278607756,0.018398469151619704,0.6868143257623881,0.6706790162573784,794.6040954980999,206.52281622693118,0.7101531339029149,0.6791549755874126,0.6902449888641425,7.946040954980999,,510988.0,80738.70278607756,5667087.0,0.6902449888641425,200,8,ResNet,0.5,,False,8,9,USCActivity,0,sktime 0.39.0,100,100,/data/d1/ts_archive/datasets,entropy,12,0,32,/data/d1/ts_archive/results/492412552823949607/c33f2f7eb0424f82b2a4e9a2785139e1/artifacts,64,0.01,1234,XRF,0.001,51727,2,6,NVIDIA GeForce RTX 4090,40502,20,0.1,main.py,ANON1,conda,PROJECT,2ba81db4ea05c65817b596ef2f113e084de3fbd8,file:///home/ANON1/repos/TS_Archive-1#ts_archive_experiments,https://github.com/ANON2/TS_Archive.git,local,popular-robin-441
63b605ce712941d483cac9f452d24297,492412552823949607,FINISHED,/data/d1/ts_archive/results/492412552823949607/63b605ce712941d483cac9f452d24297/artifacts,2026-01-06 13:45:26.932000+00:00,2026-01-06 13:57:59.022000+00:00,1.4793554078787563,0.0001038144145879829,747.8232695485525,0.01465106252562599,0.7047821300254258,0.6824566190377767,731.694666473195,208.77764099017037,0.7488126930986961,0.694830570122979,0.7035087719298245,7.316946664731949,,510988.0,74782.32695485525,5670674.0,0.7035087719298245,200,8,ResNet,0.5,,False,8,9,USCActivity,0,sktime 0.39.0,100,100,/data/d1/ts_archive/datasets,entropy,12,0,32,/data/d1/ts_archive/results/492412552823949607/63b605ce712941d483cac9f452d24297/artifacts,64,0.01,1234,XRF,0.001,52030,1,6,NVIDIA GeForce RTX 4090,37780,20,0.1,main.py,ANON1,conda,PROJECT,2ba81db4ea05c65817b596ef2f113e084de3fbd8,file:///home/ANON1/repos/TS_Archive-1#ts_archive_experiments,https://github.com/ANON2/TS_Archive.git,local,youthful-croc-981
635a9dc4c2314e309cbab80dc8541f67,492412552823949607,FINISHED,/data/d1/ts_archive/results/492412552823949607/635a9dc4c2314e309cbab80dc8541f67/artifacts,2026-01-06 13:32:26.358000+00:00,2026-01-06 13:45:25.183000+00:00,1.54404579102993,0.00011725742641478812,774.5245865602525,0.014904728582519448,0.6050081813337657,0.619216285359052,758.474693428725,196.2654659746161,0.6372070403916601,0.6508466376631573,0.6338851761846902,7.58474693428725,,510988.0,77452.45865602525,5672960.0,0.6338851761846902,200,8,ResNet,0.5,,False,8,9,USCActivity,0,sktime 0.39.0,100,100,/data/d1/ts_archive/datasets,entropy,12,0,32,/data/d1/ts_archive/results/492412552823949607/635a9dc4c2314e309cbab80dc8541f67/artifacts,64,0.01,1234,XRF,0.001,51922,0,6,NVIDIA GeForce RTX 4090,38754,20,0.1,main.py,ANON1,conda,PROJECT,2ba81db4ea05c65817b596ef2f113e084de3fbd8,file:///home/ANON1/repos/TS_Archive-1#ts_archive_experiments,https://github.com/ANON2/TS_Archive.git,local,resilient-quail-740
86ab036d704944c29891fdfa260567c3,492412552823949607,FAILED,/data/d1/ts_archive/results/492412552823949607/86ab036d704944c29891fdfa260567c3/artifacts,2026-01-06 13:30:35.753000+00:00,2026-01-06 13:32:24.080000+00:00,,,,,,,,,,,,,,,,,,200,8,MLP,0.5,,False,8,9,USCActivity,0,sktime 0.39.0,100,100,/data/d1/ts_archive/datasets,entropy,12,0,32,/data/d1/ts_archive/results/492412552823949607/86ab036d704944c29891fdfa260567c3/artifacts,64,0.01,1234,XRF,0.001,51727,2,6,NVIDIA GeForce RTX 4090,40502,20,0.1,main.py,ANON1,conda,PROJECT,2ba81db4ea05c65817b596ef2f113e084de3fbd8,file:///home/ANON1/repos/TS_Archive-1#ts_archive_experiments,https://github.com/ANON2/TS_Archive.git,local,shivering-sponge-867
be5665dc2272490291e4ff2863f36af4,492412552823949607,FAILED,/data/d1/ts_archive/results/492412552823949607/be5665dc2272490291e4ff2863f36af4/artifacts,2026-01-06 13:28:49.932000+00:00,2026-01-06 13:30:34.070000+00:00,,,,,,,,,,,,,,,,,,200,8,MLP,0.5,,False,8,9,USCActivity,0,sktime 0.39.0,100,100,/data/d1/ts_archive/datasets,entropy,12,0,32,/data/d1/ts_archive/results/492412552823949607/be5665dc2272490291e4ff2863f36af4/artifacts,64,0.01,1234,XRF,0.001,52030,1,6,NVIDIA GeForce RTX 4090,37780,20,0.1,main.py,ANON1,conda,PROJECT,2ba81db4ea05c65817b596ef2f113e084de3fbd8,file:///home/ANON1/repos/TS_Archive-1#ts_archive_experiments,https://github.com/ANON2/TS_Archive.git,local,victorious-hound-253
0eae9eb54a38468cb3c6c433f21dc541,492412552823949607,FAILED,/data/d1/ts_archive/results/492412552823949607/0eae9eb54a38468cb3c6c433f21dc541/artifacts,2026-01-06 13:27:08.201000+00:00,2026-01-06 13:28:48.268000+00:00,,,,,,,,,,,,,,,,,,200,8,MLP,0.5,,False,8,9,USCActivity,0,sktime 0.39.0,100,100,/data/d1/ts_archive/datasets,entropy,12,0,32,/data/d1/ts_archive/results/492412552823949607/0eae9eb54a38468cb3c6c433f21dc541/artifacts,64,0.01,1234,XRF,0.001,51922,0,6,NVIDIA GeForce RTX 4090,38754,20,0.1,main.py,ANON1,conda,PROJECT,2ba81db4ea05c65817b596ef2f113e084de3fbd8,file:///home/ANON1/repos/TS_Archive-1#ts_archive_experiments,https://github.com/ANON2/TS_Archive.git,local,youthful-pig-5
e2aae7144c1e43429c7da172dc556237,492412552823949607,FAILED,/data/d1/ts_archive/results/492412552823949607/e2aae7144c1e43429c7da172dc556237/artifacts,2026-01-06 13:14:00.944000+00:00,2026-01-06 13:27:05.827000+00:00,,,,,,,,,,,,,,,,,,200,8,MCDCNN,0.5,,False,8,9,USCActivity,0,sktime 0.39.0,100,100,/data/d1/ts_archive/datasets,entropy,12,0,32,/data/d1/ts_archive/results/492412552823949607/e2aae7144c1e43429c7da172dc556237/artifacts,64,0.01,1234,XRF,0.001,51727,2,6,NVIDIA GeForce RTX 4090,40502,20,0.1,main.py,ANON1,conda,PROJECT,2ba81db4ea05c65817b596ef2f113e084de3fbd8,file:///home/ANON1/repos/TS_Archive-1#ts_archive_experiments,https://github.com/ANON2/TS_Archive.git,local,sincere-ox-58
a330ac84345a4536ac605807eed58d93,492412552823949607,FAILED,/data/d1/ts_archive/results/492412552823949607/a330ac84345a4536ac605807eed58d93/artifacts,2026-01-06 13:02:04.928000+00:00,2026-01-06 13:13:59.128000+00:00,,,,,,,,,,,,,,,,,,200,8,MCDCNN,0.5,,False,8,9,USCActivity,0,sktime 0.39.0,100,100,/data/d1/ts_archive/datasets,entropy,12,0,32,/data/d1/ts_archive/results/492412552823949607/a330ac84345a4536ac605807eed58d93/artifacts,64,0.01,1234,XRF,0.001,52030,1,6,NVIDIA GeForce RTX 4090,37780,20,0.1,main.py,ANON1,conda,PROJECT,2ba81db4ea05c65817b596ef2f113e084de3fbd8,file:///home/ANON1/repos/TS_Archive-1#ts_archive_experiments,https://github.com/ANON2/TS_Archive.git,local,sneaky-bear-462
63b8cc25c49d406aba99ca3d1792a1c1,492412552823949607,FAILED,/data/d1/ts_archive/results/492412552823949607/63b8cc25c49d406aba99ca3d1792a1c1/artifacts,2026-01-06 12:49:28.132000+00:00,2026-01-06 13:02:03.100000+00:00,,,,,,,,,,,,,,,,,,200,8,MCDCNN,0.5,,False,8,9,USCActivity,0,sktime 0.39.0,100,100,/data/d1/ts_archive/datasets,entropy,12,0,32,/data/d1/ts_archive/results/492412552823949607/63b8cc25c49d406aba99ca3d1792a1c1/artifacts,64,0.01,1234,XRF,0.001,51922,0,6,NVIDIA GeForce RTX 4090,38754,20,0.1,main.py,ANON1,conda,PROJECT,2ba81db4ea05c65817b596ef2f113e084de3fbd8,file:///home/ANON1/repos/TS_Archive-1#ts_archive_experiments,https://github.com/ANON2/TS_Archive.git,local,loud-whale-23
7e3e5cfad28d49d9b485d46a0c794b8f,492412552823949607,FINISHED,/data/d1/ts_archive/results/492412552823949607/7e3e5cfad28d49d9b485d46a0c794b8f/artifacts,2026-01-06 12:34:07.257000+00:00,2026-01-06 12:49:25.454000+00:00,0.8398781418800354,7.482210618084948e-05,1116.173441907065,0.009044436065927608,0.6435133423375453,0.6316652197324902,899.3631480112672,101.5237948400374,0.6784344414495826,0.6516477764721976,0.6515812917594654,8.993631480112672,,272972.0,111617.34419070648,3039418.0,0.6515812917594654,200,8,LSTMFCN,0.5,,False,8,9,USCActivity,0,sktime 0.39.0,100,100,/data/d1/ts_archive/datasets,entropy,12,0,32,/data/d1/ts_archive/results/492412552823949607/7e3e5cfad28d49d9b485d46a0c794b8f/artifacts,64,0.01,1234,XRF,0.001,51727,2,6,NVIDIA GeForce RTX 4090,40502,20,0.1,main.py,ANON1,conda,PROJECT,2ba81db4ea05c65817b596ef2f113e084de3fbd8,file:///home/ANON1/repos/TS_Archive-1#ts_archive_experiments,https://github.com/ANON2/TS_Archive.git,local,learned-vole-380
5f80a2680ebe49f2919f7a453fa5dfaf,492412552823949607,FINISHED,/data/d1/ts_archive/results/492412552823949607/5f80a2680ebe49f2919f7a453fa5dfaf/artifacts,2026-01-06 12:19:59.647000+00:00,2026-01-06 12:34:05.495000+00:00,1.8965727034956217,0.00013309282129793837,1030.6574234141472,0.013142388609771943,0.6848364367200171,0.6632291585972622,825.4700799174607,187.27903768925017,0.702144424566243,0.6779109858833876,0.6871578947368421,8.254700799174607,,272972.0,103065.74234141472,3036371.0,0.6871578947368421,200,8,LSTMFCN,0.5,,False,8,9,USCActivity,0,sktime 0.39.0,100,100,/data/d1/ts_archive/datasets,entropy,12,0,32,/data/d1/ts_archive/results/492412552823949607/5f80a2680ebe49f2919f7a453fa5dfaf/artifacts,64,0.01,1234,XRF,0.001,52030,1,6,NVIDIA GeForce RTX 4090,37780,20,0.1,main.py,ANON1,conda,PROJECT,2ba81db4ea05c65817b596ef2f113e084de3fbd8,file:///home/ANON1/repos/TS_Archive-1#ts_archive_experiments,https://github.com/ANON2/TS_Archive.git,local,resilient-worm-647
0051fff35a2d41fc9b0b7a034ef1de86,492412552823949607,FINISHED,/data/d1/ts_archive/results/492412552823949607/0051fff35a2d41fc9b0b7a034ef1de86/artifacts,2026-01-06 12:05:08.591000+00:00,2026-01-06 12:19:57.868000+00:00,1.3214817717671394,0.00010035554159835506,1074.2974841608273,0.011332538007210726,0.6770246142293236,0.6702460431781107,870.2019220367074,149.22686047895084,0.7033792157992107,0.6876611159377789,0.6900060753341434,8.702019220367074,,272972.0,107429.74841608272,3036594.0,0.6900060753341434,200,8,LSTMFCN,0.5,,False,8,9,USCActivity,0,sktime 0.39.0,100,100,/data/d1/ts_archive/datasets,entropy,12,0,32,/data/d1/ts_archive/results/492412552823949607/0051fff35a2d41fc9b0b7a034ef1de86/artifacts,64,0.01,1234,XRF,0.001,51922,0,6,NVIDIA GeForce RTX 4090,38754,20,0.1,main.py,ANON1,conda,PROJECT,2ba81db4ea05c65817b596ef2f113e084de3fbd8,file:///home/ANON1/repos/TS_Archive-1#ts_archive_experiments,https://github.com/ANON2/TS_Archive.git,local,capable-croc-879
e32aedfc0dab40e7a790d0aa473efc0f,492412552823949607,FINISHED,/data/d1/ts_archive/results/492412552823949607/e32aedfc0dab40e7a790d0aa473efc0f/artifacts,2026-01-06 11:45:21.544000+00:00,2026-01-06 12:05:06.079000+00:00,2.2835423350334167,0.00020343361559317744,1153.7989238805876,0.023573210820001238,0.7084989322896296,0.693309482175725,1163.7202181424946,264.6092914545139,0.7193685351490262,0.6999210441796954,0.7121603563474388,11.637202181424946,,494220.0,115379.89238805875,5488930.0,0.7121603563474388,200,8,InceptionTime,0.5,,False,8,9,USCActivity,0,sktime 0.39.0,100,100,/data/d1/ts_archive/datasets,entropy,12,0,32,/data/d1/ts_archive/results/492412552823949607/e32aedfc0dab40e7a790d0aa473efc0f/artifacts,64,0.01,1234,XRF,0.001,51727,2,6,NVIDIA GeForce RTX 4090,40502,20,0.1,main.py,ANON1,conda,PROJECT,2ba81db4ea05c65817b596ef2f113e084de3fbd8,file:///home/ANON1/repos/TS_Archive-1#ts_archive_experiments,https://github.com/ANON2/TS_Archive.git,local,serious-whale-467
a970c536548440228ba16f75318f8c1c,492412552823949607,FINISHED,/data/d1/ts_archive/results/492412552823949607/a970c536548440228ba16f75318f8c1c/artifacts,2026-01-06 11:26:40.513000+00:00,2026-01-06 11:45:19.880000+00:00,2.6476861219853163,0.00018580253487616253,1092.6995928370382,0.02058489261171848,0.7166474045309145,0.6887532214773168,1098.1072202268988,293.33471971698833,0.7586519394533433,0.6919989368449624,0.7072982456140351,10.981072202268988,,494220.0,109269.9592837038,5493536.0,0.7072982456140351,200,8,InceptionTime,0.5,,False,8,9,USCActivity,0,sktime 0.39.0,100,100,/data/d1/ts_archive/datasets,entropy,12,0,32,/data/d1/ts_archive/results/492412552823949607/a970c536548440228ba16f75318f8c1c/artifacts,64,0.01,1234,XRF,0.001,52030,1,6,NVIDIA GeForce RTX 4090,37780,20,0.1,main.py,ANON1,conda,PROJECT,2ba81db4ea05c65817b596ef2f113e084de3fbd8,file:///home/ANON1/repos/TS_Archive-1#ts_archive_experiments,https://github.com/ANON2/TS_Archive.git,local,shivering-hawk-470
2264623db63c45269961e5addb43ba1d,492412552823949607,FINISHED,/data/d1/ts_archive/results/492412552823949607/2264623db63c45269961e5addb43ba1d/artifacts,2026-01-06 11:07:25.210000+00:00,2026-01-06 11:26:38.671000+00:00,2.451271381229162,0.0001861536589633325,1126.8078822016812,0.0213620586303671,0.7086143219496548,0.7095571247265603,1132.0033844672143,281.29558804467393,0.7274441241675192,0.7317730021332515,0.7179526123936817,11.320033844672144,,494220.0,112680.78822016812,5494577.0,0.7179526123936817,200,8,InceptionTime,0.5,,False,8,9,USCActivity,0,sktime 0.39.0,100,100,/data/d1/ts_archive/datasets,entropy,12,0,32,/data/d1/ts_archive/results/492412552823949607/2264623db63c45269961e5addb43ba1d/artifacts,64,0.01,1234,XRF,0.001,51922,0,6,NVIDIA GeForce RTX 4090,38754,20,0.1,main.py,ANON1,conda,PROJECT,2ba81db4ea05c65817b596ef2f113e084de3fbd8,file:///home/ANON1/repos/TS_Archive-1#ts_archive_experiments,https://github.com/ANON2/TS_Archive.git,local,bouncy-bee-283
c9ffb4c3dc6b4280a763f2d95b655ecf,492412552823949607,FINISHED,/data/d1/ts_archive/results/492412552823949607/c9ffb4c3dc6b4280a763f2d95b655ecf/artifacts,2026-01-06 11:03:59.954000+00:00,2026-01-06 11:07:22.452000+00:00,0.846854992210865,7.544365186733764e-05,226.9325704510332,0.010370826481878299,0.6777810670495195,0.664120759426424,183.2839356437325,116.4125272590839,0.6891623915926353,0.6799943037200956,0.689532293986637,1.8328393564373249,,272396.0,22693.25704510332,3032688.0,0.689532293986637,200,8,FCN,0.5,,False,8,9,USCActivity,0,sktime 0.39.0,100,100,/data/d1/ts_archive/datasets,entropy,12,0,32,/data/d1/ts_archive/results/492412552823949607/c9ffb4c3dc6b4280a763f2d95b655ecf/artifacts,64,0.01,1234,XRF,0.001,51727,2,6,NVIDIA GeForce RTX 4090,40502,20,0.1,main.py,ANON1,conda,PROJECT,2ba81db4ea05c65817b596ef2f113e084de3fbd8,file:///home/ANON1/repos/TS_Archive-1#ts_archive_experiments,https://github.com/ANON2/TS_Archive.git,local,thundering-cow-232
e3b7fefe11f64e069d659f6f6d73c9e9,492412552823949607,FINISHED,/data/d1/ts_archive/results/492412552823949607/e3b7fefe11f64e069d659f6f6d73c9e9/artifacts,2026-01-06 10:59:58.722000+00:00,2026-01-06 11:03:58.161000+00:00,0.8675039187073708,6.0877467979464615e-05,248.20746022455478,0.008518281794259876,0.6745367618164932,0.6601422094119171,220.26499762386084,121.38551556820322,0.7557263021218018,0.6789571296314567,0.6765614035087719,2.2026499762386083,,272396.0,24820.746022455478,3028536.0,0.6765614035087719,200,8,FCN,0.5,,False,8,9,USCActivity,0,sktime 0.39.0,100,100,/data/d1/ts_archive/datasets,entropy,12,0,32,/data/d1/ts_archive/results/492412552823949607/e3b7fefe11f64e069d659f6f6d73c9e9/artifacts,64,0.01,1234,XRF,0.001,52030,1,6,NVIDIA GeForce RTX 4090,37780,20,0.1,main.py,ANON1,conda,PROJECT,2ba81db4ea05c65817b596ef2f113e084de3fbd8,file:///home/ANON1/repos/TS_Archive-1#ts_archive_experiments,https://github.com/ANON2/TS_Archive.git,local,hilarious-bass-93
f3b826ac998f47dda49509d715484197,492412552823949607,FINISHED,/data/d1/ts_archive/results/492412552823949607/f3b826ac998f47dda49509d715484197/artifacts,2026-01-06 10:56:10.212000+00:00,2026-01-06 10:59:57.071000+00:00,0.8404708597809076,6.382676638676394e-05,240.7770096174432,0.008317647960796776,0.6002561356773409,0.6132232015977545,206.86184849962592,109.52678834777194,0.6281774857281246,0.6534602829848278,0.6315309842041312,2.068618484996259,,272396.0,24077.700961744322,3028911.0,0.6315309842041312,200,8,FCN,0.5,,False,8,9,USCActivity,0,sktime 0.39.0,100,100,/data/d1/ts_archive/datasets,entropy,12,0,32,/data/d1/ts_archive/results/492412552823949607/f3b826ac998f47dda49509d715484197/artifacts,64,0.01,1234,XRF,0.001,51922,0,6,NVIDIA GeForce RTX 4090,38754,20,0.1,main.py,ANON1,conda,PROJECT,2ba81db4ea05c65817b596ef2f113e084de3fbd8,file:///home/ANON1/repos/TS_Archive-1#ts_archive_experiments,https://github.com/ANON2/TS_Archive.git,local,treasured-panda-600
fc5b251090894365a6cd8a6b0fce27af,492412552823949607,FINISHED,/data/d1/ts_archive/results/492412552823949607/fc5b251090894365a6cd8a6b0fce27af/artifacts,2026-01-06 10:49:47.275000+00:00,2026-01-06 10:56:07.617000+00:00,0.3722626138478517,3.316370724702465e-05,633.9270678060492,0.004963585918380848,0.6920879153250767,0.6690239877811549,369.1925434935838,55.71625193382502,0.7301122808168415,0.693385976110045,0.7033407572383074,3.691925434935838,1.1189516665622228,48900.0,63392.706780604916,712889.0,0.7033407572383074,200,8,ConvTran,0.5,,False,8,9,USCActivity,0,PyTorch 2.9.0+cu128,100,100,/data/d1/ts_archive/datasets,entropy,12,0,32,/data/d1/ts_archive/results/492412552823949607/fc5b251090894365a6cd8a6b0fce27af/artifacts,64,0.01,1234,XRF,0.001,51727,2,6,NVIDIA GeForce RTX 4090,40502,20,0.1,main.py,ANON1,conda,PROJECT,2ba81db4ea05c65817b596ef2f113e084de3fbd8,file:///home/ANON1/repos/TS_Archive-1#ts_archive_experiments,https://github.com/ANON2/TS_Archive.git,local,unleashed-owl-865
46ab91f33d6645208d801e698dbc921d,492412552823949607,FINISHED,/data/d1/ts_archive/results/492412552823949607/46ab91f33d6645208d801e698dbc921d/artifacts,2026-01-06 10:43:48.999000+00:00,2026-01-06 10:49:45.544000+00:00,0.4644820243120193,3.2595229776282056e-05,594.135055968174,0.004753339777408944,0.7287616531210298,0.694567417074171,344.8235891647637,67.73509182807746,0.7432267357746388,0.7068983712203266,0.7323508771929824,3.448235891647637,0.9747341844659103,48900.0,59413.5055968174,712889.0,0.7323508771929824,200,8,ConvTran,0.5,,False,8,9,USCActivity,0,PyTorch 2.9.0+cu128,100,100,/data/d1/ts_archive/datasets,entropy,12,0,32,/data/d1/ts_archive/results/492412552823949607/46ab91f33d6645208d801e698dbc921d/artifacts,64,0.01,1234,XRF,0.001,52030,1,6,NVIDIA GeForce RTX 4090,37780,20,0.1,main.py,ANON1,conda,PROJECT,2ba81db4ea05c65817b596ef2f113e084de3fbd8,file:///home/ANON1/repos/TS_Archive-1#ts_archive_experiments,https://github.com/ANON2/TS_Archive.git,local,youthful-skink-664
b48907736ae540c3ab2a880cc04ee900,492412552823949607,FINISHED,/data/d1/ts_archive/results/492412552823949607/b48907736ae540c3ab2a880cc04ee900/artifacts,2026-01-06 10:37:38.205000+00:00,2026-01-06 10:43:47.186000+00:00,0.4392598532140255,3.335812980057909e-05,613.3676917200625,0.0049169058399615405,0.6776258513399032,0.6686623438434637,357.3883589170873,64.74581610061357,0.7089223268098415,0.6985023845253844,0.6933475091130012,3.5738835891708733,1.3557633105778608,48900.0,61336.76917200624,712889.0,0.6933475091130012,200,8,ConvTran,0.5,,False,8,9,USCActivity,0,PyTorch 2.9.0+cu128,100,100,/data/d1/ts_archive/datasets,entropy,12,0,32,/data/d1/ts_archive/results/492412552823949607/b48907736ae540c3ab2a880cc04ee900/artifacts,64,0.01,1234,XRF,0.001,51922,0,6,NVIDIA GeForce RTX 4090,38754,20,0.1,main.py,ANON1,conda,PROJECT,2ba81db4ea05c65817b596ef2f113e084de3fbd8,file:///home/ANON1/repos/TS_Archive-1#ts_archive_experiments,https://github.com/ANON2/TS_Archive.git,local,welcoming-lamb-838
e599acb143f64aca9eaf1115e3be81a2,492412552823949607,FINISHED,/data/d1/ts_archive/results/492412552823949607/e599acb143f64aca9eaf1115e3be81a2/artifacts,2026-01-06 10:35:23.993000+00:00,2026-01-06 10:37:35.784000+00:00,0.171418322250247,1.527112002229372e-05,166.02033290797442,0.0016081007993817191,0.6075320385349937,0.583214861184377,120.6562338359654,18.050931473059798,0.6160007310076454,0.6030634228474578,0.616837416481069,1.206562338359654,2.4259849225492416,30540.0,16602.03329079744,374453.0,0.616837416481069,200,8,SFCN,0.5,,False,8,9,USCActivity,0,PyTorch 2.9.0+cu128,100,100,/data/d1/ts_archive/datasets,entropy,12,0,32,/data/d1/ts_archive/results/492412552823949607/e599acb143f64aca9eaf1115e3be81a2/artifacts,64,0.01,1234,XRF,0.001,51727,2,6,NVIDIA GeForce RTX 4090,40502,20,0.1,main.py,ANON1,conda,PROJECT,2ba81db4ea05c65817b596ef2f113e084de3fbd8,file:///home/ANON1/repos/TS_Archive-1#ts_archive_experiments,https://github.com/ANON2/TS_Archive.git,local,resilient-sheep-784
dc94ee5cbb784f2685c1c351e58539e4,492412552823949607,FINISHED,/data/d1/ts_archive/results/492412552823949607/dc94ee5cbb784f2685c1c351e58539e4/artifacts,2026-01-06 10:33:21.637000+00:00,2026-01-06 10:35:22.301000+00:00,0.21764044649899,1.5273013789402807e-05,150.3480653032248,0.0018224059602634608,0.6354534666427759,0.6130675462487262,109.2240405473858,25.969284933754317,0.6807648378125953,0.6322200392625635,0.6422456140350877,1.092240405473858,2.160701390450461,30540.0,15034.80653032248,374453.0,0.6422456140350877,200,8,SFCN,0.5,,False,8,9,USCActivity,0,PyTorch 2.9.0+cu128,100,100,/data/d1/ts_archive/datasets,entropy,12,0,32,/data/d1/ts_archive/results/492412552823949607/dc94ee5cbb784f2685c1c351e58539e4/artifacts,64,0.01,1234,XRF,0.001,52030,1,6,NVIDIA GeForce RTX 4090,37780,20,0.1,main.py,ANON1,conda,PROJECT,2ba81db4ea05c65817b596ef2f113e084de3fbd8,file:///home/ANON1/repos/TS_Archive-1#ts_archive_experiments,https://github.com/ANON2/TS_Archive.git,local,bold-midge-732
d9b23e81574349129d2c153c455bbea1,492412552823949607,FINISHED,/data/d1/ts_archive/results/492412552823949607/d9b23e81574349129d2c153c455bbea1/artifacts,2026-01-06 10:31:16.150000+00:00,2026-01-06 10:33:19.909000+00:00,0.1984249949455261,1.5068726833651739e-05,154.749597230952,0.0017987046035904332,0.6542081808838263,0.6468379880274634,112.6333657577634,23.685342220078823,0.6661046807019575,0.665245064062305,0.6624392466585662,1.126333657577634,1.7948677707848253,30540.0,15474.9597230952,374453.0,0.6624392466585662,200,8,SFCN,0.5,,False,8,9,USCActivity,0,PyTorch 2.9.0+cu128,100,100,/data/d1/ts_archive/datasets,entropy,12,0,32,/data/d1/ts_archive/results/492412552823949607/d9b23e81574349129d2c153c455bbea1/artifacts,64,0.01,1234,XRF,0.001,51922,0,6,NVIDIA GeForce RTX 4090,38754,20,0.1,main.py,ANON1,conda,PROJECT,2ba81db4ea05c65817b596ef2f113e084de3fbd8,file:///home/ANON1/repos/TS_Archive-1#ts_archive_experiments,https://github.com/ANON2/TS_Archive.git,local,suave-croc-885
a770332e3cad457fa074d544ac77b2fd,492412552823949607,FINISHED,/data/d1/ts_archive/results/492412552823949607/a770332e3cad457fa074d544ac77b2fd/artifacts,2026-01-06 10:17:44.769000+00:00,2026-01-06 10:31:13.363000+00:00,1.6782918814569712,0.0001678291881456971,1165.6888190144246,0.02620642401161906,0.8109116871436276,0.8109116871436276,788.5072513520718,262.0642401161906,0.8161563214034124,0.8116999999999999,0.8117,7.885072513520718,,507850.0,116568.88190144245,5605086.0,0.8117,200,8,ResNet,0.5,,False,8,9,InsectSound,0,sktime 0.39.0,600,100,/data/d1/ts_archive/datasets,entropy,10,0,32,/data/d1/ts_archive/results/492412552823949607/a770332e3cad457fa074d544ac77b2fd/artifacts,64,0.01,1234,XRF,0.001,46000,2,1,NVIDIA GeForce RTX 4090,36000,20,0.1,main.py,ANON1,conda,PROJECT,2ba81db4ea05c65817b596ef2f113e084de3fbd8,file:///home/ANON1/repos/TS_Archive-1#ts_archive_experiments,https://github.com/ANON2/TS_Archive.git,local,big-fowl-576
37abd167de084cf8ba5a2e871cd49849,492412552823949607,FINISHED,/data/d1/ts_archive/results/492412552823949607/37abd167de084cf8ba5a2e871cd49849/artifacts,2026-01-06 10:04:10.021000+00:00,2026-01-06 10:17:42.989000+00:00,1.6731300000101328,0.00016731300000101328,1177.92783749916,0.024651344284625832,0.7994141485360375,0.7994141485360375,792.5382171235979,246.51344284625833,0.8003818805795484,0.8007,0.8007,7.925382171235978,,507850.0,117792.783749916,5609886.0,0.8007,200,8,ResNet,0.5,,False,8,9,InsectSound,0,sktime 0.39.0,600,100,/data/d1/ts_archive/datasets,entropy,10,0,32,/data/d1/ts_archive/results/492412552823949607/37abd167de084cf8ba5a2e871cd49849/artifacts,64,0.01,1234,XRF,0.001,46000,1,1,NVIDIA GeForce RTX 4090,36000,20,0.1,main.py,ANON1,conda,PROJECT,2ba81db4ea05c65817b596ef2f113e084de3fbd8,file:///home/ANON1/repos/TS_Archive-1#ts_archive_experiments,https://github.com/ANON2/TS_Archive.git,local,unequaled-carp-858
5a25051fb6ee474e8fefeadec9e2b6f5,492412552823949607,FINISHED,/data/d1/ts_archive/results/492412552823949607/5a25051fb6ee474e8fefeadec9e2b6f5/artifacts,2026-01-06 09:50:31.557000+00:00,2026-01-06 10:04:08.306000+00:00,1.6743627488613129,0.00016743627488613127,1170.5037710695378,0.024173975147269853,0.7922302465226393,0.7922302465226393,796.5422869380563,241.73975147269854,0.8108355367429403,0.7926,0.7926,7.965422869380563,,507850.0,117050.37710695379,5608028.0,0.7926,200,8,ResNet,0.5,,False,8,9,InsectSound,0,sktime 0.39.0,600,100,/data/d1/ts_archive/datasets,entropy,10,0,32,/data/d1/ts_archive/results/492412552823949607/5a25051fb6ee474e8fefeadec9e2b6f5/artifacts,64,0.01,1234,XRF,0.001,46000,0,1,NVIDIA GeForce RTX 4090,36000,20,0.1,main.py,ANON1,conda,PROJECT,2ba81db4ea05c65817b596ef2f113e084de3fbd8,file:///home/ANON1/repos/TS_Archive-1#ts_archive_experiments,https://github.com/ANON2/TS_Archive.git,local,hilarious-dog-351
2d16897a84e14bdd922e47b073013679,492412552823949607,FINISHED,/data/d1/ts_archive/results/492412552823949607/2d16897a84e14bdd922e47b073013679/artifacts,2026-01-06 09:48:51.496000+00:00,2026-01-06 09:50:28.962000+00:00,1.1771761439740658,0.00011771761439740658,102.2274086921064,0.017355113812469295,0.6617761245079903,0.6617761245079905,77.88490951061249,173.55113812469295,0.6637230369853448,0.6632,0.6632,0.7788490951061249,,806510.0,10222.74086921064,8973348.0,0.6632,200,8,MLP,0.5,,False,8,9,InsectSound,0,sktime 0.39.0,600,100,/data/d1/ts_archive/datasets,entropy,10,0,32,/data/d1/ts_archive/results/492412552823949607/2d16897a84e14bdd922e47b073013679/artifacts,64,0.01,1234,XRF,0.001,46000,2,1,NVIDIA GeForce RTX 4090,36000,20,0.1,main.py,ANON1,conda,PROJECT,2ba81db4ea05c65817b596ef2f113e084de3fbd8,file:///home/ANON1/repos/TS_Archive-1#ts_archive_experiments,https://github.com/ANON2/TS_Archive.git,local,gregarious-fish-359
9467c791ace94648b42468d64dad6eaf,492412552823949607,FINISHED,/data/d1/ts_archive/results/492412552823949607/9467c791ace94648b42468d64dad6eaf/artifacts,2026-01-06 09:47:14.934000+00:00,2026-01-06 09:48:49.725000+00:00,1.2381934355944395,0.00012381934355944394,100.1055776052636,0.017778637803578433,0.6536478634943264,0.6536478634943264,74.72933559119701,177.78637803578434,0.6569279785173117,0.6524,0.6524,0.7472933559119701,,806510.0,10010.55776052636,8983543.0,0.6524,200,8,MLP,0.5,,False,8,9,InsectSound,0,sktime 0.39.0,600,100,/data/d1/ts_archive/datasets,entropy,10,0,32,/data/d1/ts_archive/results/492412552823949607/9467c791ace94648b42468d64dad6eaf/artifacts,64,0.01,1234,XRF,0.001,46000,1,1,NVIDIA GeForce RTX 4090,36000,20,0.1,main.py,ANON1,conda,PROJECT,2ba81db4ea05c65817b596ef2f113e084de3fbd8,file:///home/ANON1/repos/TS_Archive-1#ts_archive_experiments,https://github.com/ANON2/TS_Archive.git,local,indecisive-calf-658
25ecb0224db644348200aa49386f0c06,492412552823949607,FINISHED,/data/d1/ts_archive/results/492412552823949607/25ecb0224db644348200aa49386f0c06/artifacts,2026-01-06 09:45:33.987000+00:00,2026-01-06 09:47:13.213000+00:00,1.2318801525980234,0.00012318801525980233,102.65442428357281,0.01821847461230713,0.6590445994147865,0.6590445994147865,78.798308968544,182.1847461230713,0.6626143254535399,0.6597999999999999,0.6598,0.7879830896854401,,806510.0,10265.44242835728,8958478.0,0.6598,200,8,MLP,0.5,,False,8,9,InsectSound,0,sktime 0.39.0,600,100,/data/d1/ts_archive/datasets,entropy,10,0,32,/data/d1/ts_archive/results/492412552823949607/25ecb0224db644348200aa49386f0c06/artifacts,64,0.01,1234,XRF,0.001,46000,0,1,NVIDIA GeForce RTX 4090,36000,20,0.1,main.py,ANON1,conda,PROJECT,2ba81db4ea05c65817b596ef2f113e084de3fbd8,file:///home/ANON1/repos/TS_Archive-1#ts_archive_experiments,https://github.com/ANON2/TS_Archive.git,local,hilarious-eel-689
2d18f1e192994128bed6e3314c552895,492412552823949607,FINISHED,/data/d1/ts_archive/results/492412552823949607/2d18f1e192994128bed6e3314c552895/artifacts,2026-01-06 09:42:23.439000+00:00,2026-01-06 09:45:31.470000+00:00,0.9481178186833858,9.481178186833858e-05,179.80714293591242,0.01229841976147096,0.6325519504121246,0.6325519504121246,163.9376701246947,122.9841976147096,0.6335348607714819,0.6335999999999998,0.6336,1.6393767012469471,,886838.0,17980.71429359124,9998098.0,0.6336,200,8,MCDCNN,0.5,,False,8,9,InsectSound,0,sktime 0.39.0,600,100,/data/d1/ts_archive/datasets,entropy,10,0,32,/data/d1/ts_archive/results/492412552823949607/2d18f1e192994128bed6e3314c552895/artifacts,64,0.01,1234,XRF,0.001,46000,2,1,NVIDIA GeForce RTX 4090,36000,20,0.1,main.py,ANON1,conda,PROJECT,2ba81db4ea05c65817b596ef2f113e084de3fbd8,file:///home/ANON1/repos/TS_Archive-1#ts_archive_experiments,https://github.com/ANON2/TS_Archive.git,local,intrigued-flea-889
956b4607115841fabdd6d33a7b0dd750,492412552823949607,FINISHED,/data/d1/ts_archive/results/492412552823949607/956b4607115841fabdd6d33a7b0dd750/artifacts,2026-01-06 09:39:01.175000+00:00,2026-01-06 09:42:17.061000+00:00,1.14086658321321,0.000114086658321321,182.1155823855072,0.014273815707653629,0.6222390898549279,0.622239089854928,169.3288018424064,142.73815707653628,0.6241691686722315,0.6221,0.6221,1.693288018424064,,886838.0,18211.55823855072,9966276.0,0.6221,200,8,MCDCNN,0.5,,False,8,9,InsectSound,0,sktime 0.39.0,600,100,/data/d1/ts_archive/datasets,entropy,10,0,32,/data/d1/ts_archive/results/492412552823949607/956b4607115841fabdd6d33a7b0dd750/artifacts,64,0.01,1234,XRF,0.001,46000,1,1,NVIDIA GeForce RTX 4090,36000,20,0.1,main.py,ANON1,conda,PROJECT,2ba81db4ea05c65817b596ef2f113e084de3fbd8,file:///home/ANON1/repos/TS_Archive-1#ts_archive_experiments,https://github.com/ANON2/TS_Archive.git,local,traveling-horse-510
8163c9c4fa3548e29d8bd5aa72b48c70,492412552823949607,FINISHED,/data/d1/ts_archive/results/492412552823949607/8163c9c4fa3548e29d8bd5aa72b48c70/artifacts,2026-01-06 09:35:45.524000+00:00,2026-01-06 09:38:59.420000+00:00,0.9421914629638196,9.421914629638196e-05,184.9903297081848,0.012803950852953872,0.6402469705539816,0.6402469705539817,174.66611403226852,128.03950852953872,0.6411360298270541,0.6417,0.6417,1.7466611403226853,,886838.0,18499.03297081848,9985670.0,0.6417,200,8,MCDCNN,0.5,,False,8,9,InsectSound,0,sktime 0.39.0,600,100,/data/d1/ts_archive/datasets,entropy,10,0,32,/data/d1/ts_archive/results/492412552823949607/8163c9c4fa3548e29d8bd5aa72b48c70/artifacts,64,0.01,1234,XRF,0.001,46000,0,1,NVIDIA GeForce RTX 4090,36000,20,0.1,main.py,ANON1,conda,PROJECT,2ba81db4ea05c65817b596ef2f113e084de3fbd8,file:///home/ANON1/repos/TS_Archive-1#ts_archive_experiments,https://github.com/ANON2/TS_Archive.git,local,adventurous-moth-356
f565e14c99d1443b9e8638282a64cd08,492412552823949607,FINISHED,/data/d1/ts_archive/results/492412552823949607/f565e14c99d1443b9e8638282a64cd08/artifacts,2026-01-06 09:11:16.351000+00:00,2026-01-06 09:35:42.900000+00:00,2.637874251231551,0.00026378742512315513,2282.349205256771,0.03125995118900809,0.5834581519988807,0.5834581519988807,1446.187186954543,312.59951189008086,0.7435242301195603,0.6031,0.6031,14.46187186954543,,267418.0,228234.9205256771,2981572.0,0.6031,200,8,LSTMFCN,0.5,,False,8,9,InsectSound,0,sktime 0.39.0,600,100,/data/d1/ts_archive/datasets,entropy,10,0,32,/data/d1/ts_archive/results/492412552823949607/f565e14c99d1443b9e8638282a64cd08/artifacts,64,0.01,1234,XRF,0.001,46000,2,1,NVIDIA GeForce RTX 4090,36000,20,0.1,main.py,ANON1,conda,PROJECT,2ba81db4ea05c65817b596ef2f113e084de3fbd8,file:///home/ANON1/repos/TS_Archive-1#ts_archive_experiments,https://github.com/ANON2/TS_Archive.git,local,judicious-ant-461
c23ad64df88f49dcadf35b9a4d3ce2bc,492412552823949607,FINISHED,/data/d1/ts_archive/results/492412552823949607/c23ad64df88f49dcadf35b9a4d3ce2bc/artifacts,2026-01-06 08:46:37.429000+00:00,2026-01-06 09:11:14.732000+00:00,2.4331566467881203,0.00024331566467881201,2284.370990466249,0.02925860660361684,0.6388873391416039,0.6388873391416039,1456.661936543882,292.5860660361684,0.7432698390540976,0.6687000000000001,0.6687,14.566619365438818,,267418.0,228437.09904662493,2984271.0,0.6687,200,8,LSTMFCN,0.5,,False,8,9,InsectSound,0,sktime 0.39.0,600,100,/data/d1/ts_archive/datasets,entropy,10,0,32,/data/d1/ts_archive/results/492412552823949607/c23ad64df88f49dcadf35b9a4d3ce2bc/artifacts,64,0.01,1234,XRF,0.001,46000,1,1,NVIDIA GeForce RTX 4090,36000,20,0.1,main.py,ANON1,conda,PROJECT,2ba81db4ea05c65817b596ef2f113e084de3fbd8,file:///home/ANON1/repos/TS_Archive-1#ts_archive_experiments,https://github.com/ANON2/TS_Archive.git,local,kindly-hen-678
65e3af13261845f2a29ccfc8bc1600bd,492412552823949607,FINISHED,/data/d1/ts_archive/results/492412552823949607/65e3af13261845f2a29ccfc8bc1600bd/artifacts,2026-01-06 08:22:10.863000+00:00,2026-01-06 08:46:35.772000+00:00,2.5383175369352102,0.00025383175369352105,2276.734365446998,0.02987736538806728,0.5823781415577967,0.5823781415577967,1444.7785728909075,298.7736538806728,0.7397100764990846,0.5561,0.5561,14.447785728909075,,267418.0,227673.43654469977,2979972.0,0.5561,200,8,LSTMFCN,0.5,,False,8,9,InsectSound,0,sktime 0.39.0,600,100,/data/d1/ts_archive/datasets,entropy,10,0,32,/data/d1/ts_archive/results/492412552823949607/65e3af13261845f2a29ccfc8bc1600bd/artifacts,64,0.01,1234,XRF,0.001,46000,0,1,NVIDIA GeForce RTX 4090,36000,20,0.1,main.py,ANON1,conda,PROJECT,2ba81db4ea05c65817b596ef2f113e084de3fbd8,file:///home/ANON1/repos/TS_Archive-1#ts_archive_experiments,https://github.com/ANON2/TS_Archive.git,local,thundering-carp-239
b3f5f38e1184422fbe058625a45f5d63,492412552823949607,FINISHED,/data/d1/ts_archive/results/492412552823949607/b3f5f38e1184422fbe058625a45f5d63/artifacts,2026-01-06 08:00:16.032000+00:00,2026-01-06 08:22:08.044000+00:00,2.205594450235367,0.00022055944502353668,2214.8896914353954,0.02885557104556517,0.8222527215546769,0.8222527215546768,1291.4052259530872,288.5557104556517,0.826800627567488,0.8234,0.8234,12.914052259530871,,423530.0,221488.96914353952,4681152.0,0.8234,200,8,InceptionTime,0.5,,False,8,9,InsectSound,0,sktime 0.39.0,600,100,/data/d1/ts_archive/datasets,entropy,10,0,32,/data/d1/ts_archive/results/492412552823949607/b3f5f38e1184422fbe058625a45f5d63/artifacts,64,0.01,1234,XRF,0.001,46000,2,1,NVIDIA GeForce RTX 4090,36000,20,0.1,main.py,ANON1,conda,PROJECT,2ba81db4ea05c65817b596ef2f113e084de3fbd8,file:///home/ANON1/repos/TS_Archive-1#ts_archive_experiments,https://github.com/ANON2/TS_Archive.git,local,legendary-gull-871
bb2728dd83d14c24919f6036d1972206,492412552823949607,FINISHED,/data/d1/ts_archive/results/492412552823949607/bb2728dd83d14c24919f6036d1972206/artifacts,2026-01-06 07:38:19.956000+00:00,2026-01-06 08:00:14.190000+00:00,2.226953908801079,0.00022269539088010787,2215.227203847774,0.028142401380128645,0.8163267026880874,0.8163267026880874,1293.478320652619,281.42401380128643,0.8235268482385362,0.8157,0.8157,12.93478320652619,,423530.0,221522.7203847774,4674848.0,0.8157,200,8,InceptionTime,0.5,,False,8,9,InsectSound,0,sktime 0.39.0,600,100,/data/d1/ts_archive/datasets,entropy,10,0,32,/data/d1/ts_archive/results/492412552823949607/bb2728dd83d14c24919f6036d1972206/artifacts,64,0.01,1234,XRF,0.001,46000,1,1,NVIDIA GeForce RTX 4090,36000,20,0.1,main.py,ANON1,conda,PROJECT,2ba81db4ea05c65817b596ef2f113e084de3fbd8,file:///home/ANON1/repos/TS_Archive-1#ts_archive_experiments,https://github.com/ANON2/TS_Archive.git,local,sneaky-mole-134
747c00c779c34e92b750402fcf8cecbe,492412552823949607,FINISHED,/data/d1/ts_archive/results/492412552823949607/747c00c779c34e92b750402fcf8cecbe/artifacts,2026-01-06 07:16:26.508000+00:00,2026-01-06 07:38:18.351000+00:00,2.4384681191295385,0.00024384681191295384,2211.0062469534614,0.029358405726776636,0.8395072911605966,0.8395072911605966,1290.1458539031446,293.58405726776635,0.8425690594788662,0.8409000000000001,0.8409,12.901458539031445,,423530.0,221100.62469534614,4679902.0,0.8409,200,8,InceptionTime,0.5,,False,8,9,InsectSound,0,sktime 0.39.0,600,100,/data/d1/ts_archive/datasets,entropy,10,0,32,/data/d1/ts_archive/results/492412552823949607/747c00c779c34e92b750402fcf8cecbe/artifacts,64,0.01,1234,XRF,0.001,46000,0,1,NVIDIA GeForce RTX 4090,36000,20,0.1,main.py,ANON1,conda,PROJECT,2ba81db4ea05c65817b596ef2f113e084de3fbd8,file:///home/ANON1/repos/TS_Archive-1#ts_archive_experiments,https://github.com/ANON2/TS_Archive.git,local,intelligent-moth-197
7f053a7f0da9458dbe4d3ae53e9ef285,492412552823949607,FINISHED,/data/d1/ts_archive/results/492412552823949607/7f053a7f0da9458dbe4d3ae53e9ef285/artifacts,2026-01-06 07:10:42.792000+00:00,2026-01-06 07:16:23.834000+00:00,0.8364193793386221,8.36419379338622e-05,511.53546824012875,0.011307006217270247,0.6173924945045979,0.617392494504598,321.29039749503136,113.07006217270246,0.7318169125310643,0.6282,0.6282,3.2129039749503137,,267018.0,51153.546824012876,2908548.0,0.6282,200,8,FCN,0.5,,False,8,9,InsectSound,0,sktime 0.39.0,600,100,/data/d1/ts_archive/datasets,entropy,10,0,32,/data/d1/ts_archive/results/492412552823949607/7f053a7f0da9458dbe4d3ae53e9ef285/artifacts,64,0.01,1234,XRF,0.001,46000,2,1,NVIDIA GeForce RTX 4090,36000,20,0.1,main.py,ANON1,conda,PROJECT,2ba81db4ea05c65817b596ef2f113e084de3fbd8,file:///home/ANON1/repos/TS_Archive-1#ts_archive_experiments,https://github.com/ANON2/TS_Archive.git,local,treasured-steed-25
f41c698ada8345beb42198dfcc3a9d60,492412552823949607,FINISHED,/data/d1/ts_archive/results/492412552823949607/f41c698ada8345beb42198dfcc3a9d60/artifacts,2026-01-06 07:04:49.157000+00:00,2026-01-06 07:10:41.066000+00:00,0.8156076949089766,8.156076949089766e-05,506.5603183360224,0.011530543757409325,0.4666295951412789,0.46662959514127883,332.15596463158727,115.30543757409325,0.7123178914091852,0.4577,0.4577,3.3215596463158725,,267018.0,50656.03183360224,2922599.0,0.4577,200,8,FCN,0.5,,False,8,9,InsectSound,0,sktime 0.39.0,600,100,/data/d1/ts_archive/datasets,entropy,10,0,32,/data/d1/ts_archive/results/492412552823949607/f41c698ada8345beb42198dfcc3a9d60/artifacts,64,0.01,1234,XRF,0.001,46000,1,1,NVIDIA GeForce RTX 4090,36000,20,0.1,main.py,ANON1,conda,PROJECT,2ba81db4ea05c65817b596ef2f113e084de3fbd8,file:///home/ANON1/repos/TS_Archive-1#ts_archive_experiments,https://github.com/ANON2/TS_Archive.git,local,grandiose-lamb-605
a13e09e94b374fb395f474b1c4240f8f,492412552823949607,FINISHED,/data/d1/ts_archive/results/492412552823949607/a13e09e94b374fb395f474b1c4240f8f/artifacts,2026-01-06 06:59:01.943000+00:00,2026-01-06 07:04:47.406000+00:00,0.827023783698678,8.270237836986781e-05,509.9283202123728,0.011900838264892114,0.6654714346561967,0.6654714346561967,325.0279859788716,119.00838264892114,0.7607559711419251,0.6651,0.6651,3.2502798597887157,,267018.0,50992.83202123728,2906578.0,0.6651,200,8,FCN,0.5,,False,8,9,InsectSound,0,sktime 0.39.0,600,100,/data/d1/ts_archive/datasets,entropy,10,0,32,/data/d1/ts_archive/results/492412552823949607/a13e09e94b374fb395f474b1c4240f8f/artifacts,64,0.01,1234,XRF,0.001,46000,0,1,NVIDIA GeForce RTX 4090,36000,20,0.1,main.py,ANON1,conda,PROJECT,2ba81db4ea05c65817b596ef2f113e084de3fbd8,file:///home/ANON1/repos/TS_Archive-1#ts_archive_experiments,https://github.com/ANON2/TS_Archive.git,local,enchanting-deer-18
38a5d5fb1fc84ba484e16e7d02c8001e,492412552823949607,FINISHED,/data/d1/ts_archive/results/492412552823949607/38a5d5fb1fc84ba484e16e7d02c8001e/artifacts,2026-01-06 06:53:17.177000+00:00,2026-01-06 06:58:59.228000+00:00,0.3287133499979973,3.287133499979973e-05,692.805408992892,0.00556569730816378,0.7931581436568347,0.7931581436568348,330.1217656508088,55.656973081637794,0.794121499985576,0.7942,0.7942,3.301217656508088,0.5447652072429657,29154.0,69280.5408992892,582329.0,0.7942,200,8,ConvTran,0.5,,False,8,9,InsectSound,0,PyTorch 2.9.0+cu128,600,100,/data/d1/ts_archive/datasets,entropy,10,0,32,/data/d1/ts_archive/results/492412552823949607/38a5d5fb1fc84ba484e16e7d02c8001e/artifacts,64,0.01,1234,XRF,0.001,46000,2,1,NVIDIA GeForce RTX 4090,36000,20,0.1,main.py,ANON1,conda,PROJECT,2ba81db4ea05c65817b596ef2f113e084de3fbd8,file:///home/ANON1/repos/TS_Archive-1#ts_archive_experiments,https://github.com/ANON2/TS_Archive.git,local,adaptable-cub-787
4cf5f06846794b75bbcba926a8eeae91,492412552823949607,FINISHED,/data/d1/ts_archive/results/492412552823949607/4cf5f06846794b75bbcba926a8eeae91/artifacts,2026-01-06 06:47:34.645000+00:00,2026-01-06 06:53:15.413000+00:00,0.3285167999565601,3.285167999565601e-05,691.0944606968184,0.00586219734169796,0.7831697641117625,0.7831697641117625,329.22149410285056,58.6219734169796,0.7832382900791017,0.7838,0.7838,3.2922149410285058,0.5641881116390228,29154.0,69109.44606968184,582329.0,0.7838,200,8,ConvTran,0.5,,False,8,9,InsectSound,0,PyTorch 2.9.0+cu128,600,100,/data/d1/ts_archive/datasets,entropy,10,0,32,/data/d1/ts_archive/results/492412552823949607/4cf5f06846794b75bbcba926a8eeae91/artifacts,64,0.01,1234,XRF,0.001,46000,1,1,NVIDIA GeForce RTX 4090,36000,20,0.1,main.py,ANON1,conda,PROJECT,2ba81db4ea05c65817b596ef2f113e084de3fbd8,file:///home/ANON1/repos/TS_Archive-1#ts_archive_experiments,https://github.com/ANON2/TS_Archive.git,local,bald-moth-561
85bcb46cb37e4a31bcf04b91a9ccc0a5,492412552823949607,FINISHED,/data/d1/ts_archive/results/492412552823949607/85bcb46cb37e4a31bcf04b91a9ccc0a5/artifacts,2026-01-06 06:41:49.290000+00:00,2026-01-06 06:47:32.949000+00:00,0.3330078683793545,3.330078683793545e-05,693.0795010196664,0.005123954926818063,0.7936656293689295,0.7936656293689296,332.2054418120533,51.23954926818063,0.7948900747135635,0.7944,0.7944,3.3220544181205334,0.5326595072746276,29154.0,69307.95010196663,582329.0,0.7944,200,8,ConvTran,0.5,,False,8,9,InsectSound,0,PyTorch 2.9.0+cu128,600,100,/data/d1/ts_archive/datasets,entropy,10,0,32,/data/d1/ts_archive/results/492412552823949607/85bcb46cb37e4a31bcf04b91a9ccc0a5/artifacts,64,0.01,1234,XRF,0.001,46000,0,1,NVIDIA GeForce RTX 4090,36000,20,0.1,main.py,ANON1,conda,PROJECT,2ba81db4ea05c65817b596ef2f113e084de3fbd8,file:///home/ANON1/repos/TS_Archive-1#ts_archive_experiments,https://github.com/ANON2/TS_Archive.git,local,wise-squid-969
97e5d7402c7944f998679c8d7eacc2d4,492412552823949607,FINISHED,/data/d1/ts_archive/results/492412552823949607/97e5d7402c7944f998679c8d7eacc2d4/artifacts,2026-01-06 06:39:46.435000+00:00,2026-01-06 06:41:46.768000+00:00,0.1676566880196333,1.676566880196333e-05,215.414714639016,0.002431596547339163,0.568270168645908,0.5682701686459077,109.2781962286681,24.31596547339163,0.569177669067359,0.5706,0.5706,1.092781962286681,1.2597179201126099,28810.0,21541.471463901602,353717.0,0.5706,200,8,SFCN,0.5,,False,8,9,InsectSound,0,PyTorch 2.9.0+cu128,600,100,/data/d1/ts_archive/datasets,entropy,10,0,32,/data/d1/ts_archive/results/492412552823949607/97e5d7402c7944f998679c8d7eacc2d4/artifacts,64,0.01,1234,XRF,0.001,46000,2,1,NVIDIA GeForce RTX 4090,36000,20,0.1,main.py,ANON1,conda,PROJECT,2ba81db4ea05c65817b596ef2f113e084de3fbd8,file:///home/ANON1/repos/TS_Archive-1#ts_archive_experiments,https://github.com/ANON2/TS_Archive.git,local,honorable-bass-430
67591a5cd7c84c41a433e214b1e61355,492412552823949607,FINISHED,/data/d1/ts_archive/results/492412552823949607/67591a5cd7c84c41a433e214b1e61355/artifacts,2026-01-06 06:37:45.556000+00:00,2026-01-06 06:39:44.664000+00:00,0.1707606315612793,1.707606315612793e-05,212.4358619490648,0.0020855094056620783,0.5508295878613251,0.5508295878613252,107.3709409609437,20.855094056620782,0.5555061525892406,0.5594,0.5594,1.073709409609437,1.2597617115020752,28810.0,21243.58619490648,353717.0,0.5594,200,8,SFCN,0.5,,False,8,9,InsectSound,0,PyTorch 2.9.0+cu128,600,100,/data/d1/ts_archive/datasets,entropy,10,0,32,/data/d1/ts_archive/results/492412552823949607/67591a5cd7c84c41a433e214b1e61355/artifacts,64,0.01,1234,XRF,0.001,46000,1,1,NVIDIA GeForce RTX 4090,36000,20,0.1,main.py,ANON1,conda,PROJECT,2ba81db4ea05c65817b596ef2f113e084de3fbd8,file:///home/ANON1/repos/TS_Archive-1#ts_archive_experiments,https://github.com/ANON2/TS_Archive.git,local,treasured-flea-663
b701b02311c4481db50bd281eb6958cc,492412552823949607,FINISHED,/data/d1/ts_archive/results/492412552823949607/b701b02311c4481db50bd281eb6958cc/artifacts,2026-01-06 06:35:44.523000+00:00,2026-01-06 06:37:43.722000+00:00,0.1621581837534904,1.6215818375349038e-05,212.67523273878004,0.0018762857245337287,0.5699251720949395,0.5699251720949395,107.21097025834024,18.762857245337287,0.5668708428696158,0.5793999999999999,0.5794,1.0721097025834023,1.2215053567886351,28810.0,21267.523273878003,353717.0,0.5794,200,8,SFCN,0.5,,False,8,9,InsectSound,0,PyTorch 2.9.0+cu128,600,100,/data/d1/ts_archive/datasets,entropy,10,0,32,/data/d1/ts_archive/results/492412552823949607/b701b02311c4481db50bd281eb6958cc/artifacts,64,0.01,1234,XRF,0.001,46000,0,1,NVIDIA GeForce RTX 4090,36000,20,0.1,main.py,ANON1,conda,PROJECT,2ba81db4ea05c65817b596ef2f113e084de3fbd8,file:///home/ANON1/repos/TS_Archive-1#ts_archive_experiments,https://github.com/ANON2/TS_Archive.git,local,omniscient-mole-419
c46a23ba2ebd4c3c88be863f4a0e3366,492412552823949607,FINISHED,/data/d1/ts_archive/results/492412552823949607/c46a23ba2ebd4c3c88be863f4a0e3366/artifacts,2026-01-06 06:12:02.308000+00:00,2026-01-06 06:35:41.788000+00:00,2.170744266360998,0.00010960587055597062,1290.0582191010203,0.012901116173075992,0.7693646521555619,0.6275740969731293,1398.223038921133,255.50660580777,0.7667171300671444,0.634717260741088,0.7753597576369604,13.98223038921133,,512905.0,129005.82191010204,5676231.0,0.7753597576369604,200,8,ResNet,0.5,,False,8,9,Tiselac,0,sktime 0.39.0,23,100,/data/d1/ts_archive/datasets,entropy,9,0,32,/data/d1/ts_archive/results/492412552823949607/c46a23ba2ebd4c3c88be863f4a0e3366/artifacts,64,0.01,1234,XRF,0.001,91698,2,10,NVIDIA GeForce RTX 4090,71893,20,0.1,main.py,ANON1,conda,PROJECT,2ba81db4ea05c65817b596ef2f113e084de3fbd8,file:///home/ANON1/repos/TS_Archive-1#ts_archive_experiments,https://github.com/ANON2/TS_Archive.git,local,stylish-foal-965
e6a596b8f2cd413a8ef00a98136a2871,492412552823949607,FINISHED,/data/d1/ts_archive/results/492412552823949607/e6a596b8f2cd413a8ef00a98136a2871/artifacts,2026-01-06 05:48:22.830000+00:00,2026-01-06 06:12:00.632000+00:00,1.6507804561406374,8.155626975646645e-05,1283.9277101855398,0.010727969639403125,0.683438522352274,0.5585750244489627,1396.6818831637502,217.14483347115865,0.7258760541406835,0.5685767633449489,0.7076231411491527,13.966818831637502,,512905.0,128392.77101855399,5674030.0,0.7076231411491527,200,8,ResNet,0.5,,False,8,9,Tiselac,0,sktime 0.39.0,23,100,/data/d1/ts_archive/datasets,entropy,9,0,32,/data/d1/ts_archive/results/492412552823949607/e6a596b8f2cd413a8ef00a98136a2871/artifacts,64,0.01,1234,XRF,0.001,91742,1,10,NVIDIA GeForce RTX 4090,71501,20,0.1,main.py,ANON1,conda,PROJECT,2ba81db4ea05c65817b596ef2f113e084de3fbd8,file:///home/ANON1/repos/TS_Archive-1#ts_archive_experiments,https://github.com/ANON2/TS_Archive.git,local,mercurial-auk-776
355a2a7f09094db1a3d0f3d918da51b3,492412552823949607,FINISHED,/data/d1/ts_archive/results/492412552823949607/355a2a7f09094db1a3d0f3d918da51b3/artifacts,2026-01-06 05:24:32.665000+00:00,2026-01-06 05:48:21.159000+00:00,1.790552156046033,9.052336481526961e-05,1283.8790438848403,0.01077294000400085,0.777525138995734,0.6225510198216391,1407.766663657501,213.0887532791368,0.7852318387505823,0.6301665035953731,0.7827098078867543,14.07766663657501,,512905.0,128387.90438848404,5667813.0,0.7827098078867543,200,8,ResNet,0.5,,False,8,9,Tiselac,0,sktime 0.39.0,23,100,/data/d1/ts_archive/datasets,entropy,9,0,32,/data/d1/ts_archive/results/492412552823949607/355a2a7f09094db1a3d0f3d918da51b3/artifacts,64,0.01,1234,XRF,0.001,91696,0,10,NVIDIA GeForce RTX 4090,71916,20,0.1,main.py,ANON1,conda,PROJECT,2ba81db4ea05c65817b596ef2f113e084de3fbd8,file:///home/ANON1/repos/TS_Archive-1#ts_archive_experiments,https://github.com/ANON2/TS_Archive.git,local,dapper-chimp-820
55a8034bfa2e4902bda0f25aaacce941,492412552823949607,FAILED,/data/d1/ts_archive/results/492412552823949607/55a8034bfa2e4902bda0f25aaacce941/artifacts,2026-01-06 05:21:44.025000+00:00,2026-01-06 05:24:29.991000+00:00,,,,,,,,,,,,,,,,,,200,8,MLP,0.5,,False,8,9,Tiselac,0,sktime 0.39.0,23,100,/data/d1/ts_archive/datasets,entropy,9,0,32,/data/d1/ts_archive/results/492412552823949607/55a8034bfa2e4902bda0f25aaacce941/artifacts,64,0.01,1234,XRF,0.001,91698,2,10,NVIDIA GeForce RTX 4090,71893,20,0.1,main.py,ANON1,conda,PROJECT,2ba81db4ea05c65817b596ef2f113e084de3fbd8,file:///home/ANON1/repos/TS_Archive-1#ts_archive_experiments,https://github.com/ANON2/TS_Archive.git,local,youthful-fawn-539
d23ad3f22aa1442389e930b59599ad4a,492412552823949607,FAILED,/data/d1/ts_archive/results/492412552823949607/d23ad3f22aa1442389e930b59599ad4a/artifacts,2026-01-06 05:18:57.461000+00:00,2026-01-06 05:21:42.284000+00:00,,,,,,,,,,,,,,,,,,200,8,MLP,0.5,,False,8,9,Tiselac,0,sktime 0.39.0,23,100,/data/d1/ts_archive/datasets,entropy,9,0,32,/data/d1/ts_archive/results/492412552823949607/d23ad3f22aa1442389e930b59599ad4a/artifacts,64,0.01,1234,XRF,0.001,91742,1,10,NVIDIA GeForce RTX 4090,71501,20,0.1,main.py,ANON1,conda,PROJECT,2ba81db4ea05c65817b596ef2f113e084de3fbd8,file:///home/ANON1/repos/TS_Archive-1#ts_archive_experiments,https://github.com/ANON2/TS_Archive.git,local,treasured-dove-831
6b4062a41627473d99531ca5fcd9bda9,492412552823949607,FAILED,/data/d1/ts_archive/results/492412552823949607/6b4062a41627473d99531ca5fcd9bda9/artifacts,2026-01-06 05:16:10.868000+00:00,2026-01-06 05:18:55.593000+00:00,,,,,,,,,,,,,,,,,,200,8,MLP,0.5,,False,8,9,Tiselac,0,sktime 0.39.0,23,100,/data/d1/ts_archive/datasets,entropy,9,0,32,/data/d1/ts_archive/results/492412552823949607/6b4062a41627473d99531ca5fcd9bda9/artifacts,64,0.01,1234,XRF,0.001,91696,0,10,NVIDIA GeForce RTX 4090,71916,20,0.1,main.py,ANON1,conda,PROJECT,2ba81db4ea05c65817b596ef2f113e084de3fbd8,file:///home/ANON1/repos/TS_Archive-1#ts_archive_experiments,https://github.com/ANON2/TS_Archive.git,local,bemused-doe-629
4ba3b7e89f2b4062b83463a349001d0d,492412552823949607,FAILED,/data/d1/ts_archive/results/492412552823949607/4ba3b7e89f2b4062b83463a349001d0d/artifacts,2026-01-06 04:49:21.736000+00:00,2026-01-06 05:16:08.238000+00:00,,,,,,,,,,,,,,,,,,200,8,MCDCNN,0.5,,False,8,9,Tiselac,0,sktime 0.39.0,23,100,/data/d1/ts_archive/datasets,entropy,9,0,32,/data/d1/ts_archive/results/492412552823949607/4ba3b7e89f2b4062b83463a349001d0d/artifacts,64,0.01,1234,XRF,0.001,91698,2,10,NVIDIA GeForce RTX 4090,71893,20,0.1,main.py,ANON1,conda,PROJECT,2ba81db4ea05c65817b596ef2f113e084de3fbd8,file:///home/ANON1/repos/TS_Archive-1#ts_archive_experiments,https://github.com/ANON2/TS_Archive.git,local,chill-hound-226
6bdbc57d274b486092ac4ed490d73033,492412552823949607,FAILED,/data/d1/ts_archive/results/492412552823949607/6bdbc57d274b486092ac4ed490d73033/artifacts,2026-01-06 04:21:33.573000+00:00,2026-01-06 04:49:19.909000+00:00,,,,,,,,,,,,,,,,,,200,8,MCDCNN,0.5,,False,8,9,Tiselac,0,sktime 0.39.0,23,100,/data/d1/ts_archive/datasets,entropy,9,0,32,/data/d1/ts_archive/results/492412552823949607/6bdbc57d274b486092ac4ed490d73033/artifacts,64,0.01,1234,XRF,0.001,91742,1,10,NVIDIA GeForce RTX 4090,71501,20,0.1,main.py,ANON1,conda,PROJECT,2ba81db4ea05c65817b596ef2f113e084de3fbd8,file:///home/ANON1/repos/TS_Archive-1#ts_archive_experiments,https://github.com/ANON2/TS_Archive.git,local,brawny-kit-423
ba508961a99b4cf2af9156de22b74aff,492412552823949607,FAILED,/data/d1/ts_archive/results/492412552823949607/ba508961a99b4cf2af9156de22b74aff/artifacts,2026-01-06 03:51:35.541000+00:00,2026-01-06 04:21:31.751000+00:00,,,,,,,,,,,,,,,,,,200,8,MCDCNN,0.5,,False,8,9,Tiselac,0,sktime 0.39.0,23,100,/data/d1/ts_archive/datasets,entropy,9,0,32,/data/d1/ts_archive/results/492412552823949607/ba508961a99b4cf2af9156de22b74aff/artifacts,64,0.01,1234,XRF,0.001,91696,0,10,NVIDIA GeForce RTX 4090,71916,20,0.1,main.py,ANON1,conda,PROJECT,2ba81db4ea05c65817b596ef2f113e084de3fbd8,file:///home/ANON1/repos/TS_Archive-1#ts_archive_experiments,https://github.com/ANON2/TS_Archive.git,local,intrigued-vole-865
02c34ebca31a488e84ea5301b9760744,492412552823949607,FINISHED,/data/d1/ts_archive/results/492412552823949607/02c34ebca31a488e84ea5301b9760744/artifacts,2026-01-06 03:30:23.354000+00:00,2026-01-06 03:51:32.999000+00:00,1.8859180957078931,9.522434212107514e-05,1416.5305924010256,0.009208425004220878,0.7810576130451348,0.6293913309951394,1251.11249836348,182.3728572085945,0.782433341440554,0.6432780362710684,0.7853572330219641,12.511124983634799,,276785.0,141653.05924010256,3069537.0,0.7853572330219641,200,8,LSTMFCN,0.5,,False,8,9,Tiselac,0,sktime 0.39.0,23,100,/data/d1/ts_archive/datasets,entropy,9,0,32,/data/d1/ts_archive/results/492412552823949607/02c34ebca31a488e84ea5301b9760744/artifacts,64,0.01,1234,XRF,0.001,91698,2,10,NVIDIA GeForce RTX 4090,71893,20,0.1,main.py,ANON1,conda,PROJECT,2ba81db4ea05c65817b596ef2f113e084de3fbd8,file:///home/ANON1/repos/TS_Archive-1#ts_archive_experiments,https://github.com/ANON2/TS_Archive.git,local,shivering-hare-212
4eb9074b3bf74fcc9a9ac697f2faeb38,492412552823949607,FINISHED,/data/d1/ts_archive/results/492412552823949607/4eb9074b3bf74fcc9a9ac697f2faeb38/artifacts,2026-01-06 03:07:00.229000+00:00,2026-01-06 03:30:21.966000+00:00,1.0646037440747025,5.2596400576784866e-05,1476.9123284901311,0.007025152622764616,0.6819091893485828,0.5652289989755424,1382.2987363934517,142.1961142373786,0.7180967304141794,0.5869223355051488,0.7018921990020256,13.822987363934518,,276785.0,147691.23284901312,3071727.0,0.7018921990020256,200,8,LSTMFCN,0.5,,False,8,9,Tiselac,0,sktime 0.39.0,23,100,/data/d1/ts_archive/datasets,entropy,9,0,32,/data/d1/ts_archive/results/492412552823949607/4eb9074b3bf74fcc9a9ac697f2faeb38/artifacts,64,0.01,1234,XRF,0.001,91742,1,10,NVIDIA GeForce RTX 4090,71501,20,0.1,main.py,ANON1,conda,PROJECT,2ba81db4ea05c65817b596ef2f113e084de3fbd8,file:///home/ANON1/repos/TS_Archive-1#ts_archive_experiments,https://github.com/ANON2/TS_Archive.git,local,thoughtful-midge-279
3c1679e84c954b45928460fbd6d0f5b6,492412552823949607,FINISHED,/data/d1/ts_archive/results/492412552823949607/3c1679e84c954b45928460fbd6d0f5b6/artifacts,2026-01-06 02:46:49.279000+00:00,2026-01-06 03:06:58.504000+00:00,1.8185046967118976,9.193653673973193e-05,1380.854045860715,0.009143440375086465,0.7792413742502339,0.5999435067296421,1189.1847964506596,180.85725061921028,0.7846899285581362,0.6331921574594501,0.7806875631951466,11.891847964506596,,276785.0,138085.4045860715,3070634.0,0.7806875631951466,200,8,LSTMFCN,0.5,,False,8,9,Tiselac,0,sktime 0.39.0,23,100,/data/d1/ts_archive/datasets,entropy,9,0,32,/data/d1/ts_archive/results/492412552823949607/3c1679e84c954b45928460fbd6d0f5b6/artifacts,64,0.01,1234,XRF,0.001,91696,0,10,NVIDIA GeForce RTX 4090,71916,20,0.1,main.py,ANON1,conda,PROJECT,2ba81db4ea05c65817b596ef2f113e084de3fbd8,file:///home/ANON1/repos/TS_Archive-1#ts_archive_experiments,https://github.com/ANON2/TS_Archive.git,local,stylish-panda-69
18e226c345184a92a76be0bbfcf24559,492412552823949607,FINISHED,/data/d1/ts_archive/results/492412552823949607/18e226c345184a92a76be0bbfcf24559/artifacts,2026-01-06 02:17:15.065000+00:00,2026-01-06 02:46:46.799000+00:00,2.669688154011965,0.0001347986949766203,1609.0797380952852,0.01610854777135378,0.7798486830629829,0.6471276414313993,1749.808888271451,319.0297886116616,0.7843540256321541,0.6427720854245279,0.7853067407220399,17.49808888271451,,494601.0,160907.9738095285,5477381.0,0.7853067407220399,200,8,InceptionTime,0.5,,False,8,9,Tiselac,0,sktime 0.39.0,23,100,/data/d1/ts_archive/datasets,entropy,9,0,32,/data/d1/ts_archive/results/492412552823949607/18e226c345184a92a76be0bbfcf24559/artifacts,64,0.01,1234,XRF,0.001,91698,2,10,NVIDIA GeForce RTX 4090,71893,20,0.1,main.py,ANON1,conda,PROJECT,2ba81db4ea05c65817b596ef2f113e084de3fbd8,file:///home/ANON1/repos/TS_Archive-1#ts_archive_experiments,https://github.com/ANON2/TS_Archive.git,local,delicate-snipe-793
e8697e949e804f728701b27d5d16a9a4,492412552823949607,FINISHED,/data/d1/ts_archive/results/492412552823949607/e8697e949e804f728701b27d5d16a9a4/artifacts,2026-01-06 01:47:50.718000+00:00,2026-01-06 02:17:13.526000+00:00,3.1728255953639746,0.00015675241318926806,1613.3589957350807,0.016583162804554664,0.6709793180001716,0.5733196456431822,1741.4009818490597,335.65979832699094,0.7268457064445111,0.5858723908275537,0.70129934291784,17.414009818490598,,494601.0,161335.89957350807,5482007.0,0.70129934291784,200,8,InceptionTime,0.5,,False,8,9,Tiselac,0,sktime 0.39.0,23,100,/data/d1/ts_archive/datasets,entropy,9,0,32,/data/d1/ts_archive/results/492412552823949607/e8697e949e804f728701b27d5d16a9a4/artifacts,64,0.01,1234,XRF,0.001,91742,1,10,NVIDIA GeForce RTX 4090,71501,20,0.1,main.py,ANON1,conda,PROJECT,2ba81db4ea05c65817b596ef2f113e084de3fbd8,file:///home/ANON1/repos/TS_Archive-1#ts_archive_experiments,https://github.com/ANON2/TS_Archive.git,local,peaceful-cat-609
79330bf7d38248d2a203d8230848ddad,492412552823949607,FINISHED,/data/d1/ts_archive/results/492412552823949607/79330bf7d38248d2a203d8230848ddad/artifacts,2026-01-06 01:18:40.713000+00:00,2026-01-06 01:47:49.090000+00:00,3.025972381234169,0.00015298141462255656,1609.2105783441805,0.016217800580308132,0.7712404343857422,0.5945601099437847,1727.8061104435474,320.7880954784948,0.7830769024211309,0.6158427000808644,0.7782608695652173,17.278061104435473,,494601.0,160921.05783441805,5485932.0,0.7782608695652173,200,8,InceptionTime,0.5,,False,8,9,Tiselac,0,sktime 0.39.0,23,100,/data/d1/ts_archive/datasets,entropy,9,0,32,/data/d1/ts_archive/results/492412552823949607/79330bf7d38248d2a203d8230848ddad/artifacts,64,0.01,1234,XRF,0.001,91696,0,10,NVIDIA GeForce RTX 4090,71916,20,0.1,main.py,ANON1,conda,PROJECT,2ba81db4ea05c65817b596ef2f113e084de3fbd8,file:///home/ANON1/repos/TS_Archive-1#ts_archive_experiments,https://github.com/ANON2/TS_Archive.git,local,selective-mink-350
5308e153bd9c42febd76defec7c17b68,492412552823949607,FINISHED,/data/d1/ts_archive/results/492412552823949607/5308e153bd9c42febd76defec7c17b68/artifacts,2026-01-06 01:13:25.122000+00:00,2026-01-06 01:18:38.219000+00:00,1.020134212449193,5.1508922617985004e-05,341.2805610340008,0.007018588830234432,0.7769057619317337,0.6310916779688961,294.7371470350772,139.0031517827929,0.7806009400497258,0.6369193157136775,0.7805604645291593,2.947371470350772,,276105.0,34128.05610340008,3060915.0,0.7805604645291593,200,8,FCN,0.5,,False,8,9,Tiselac,0,sktime 0.39.0,23,100,/data/d1/ts_archive/datasets,entropy,9,0,32,/data/d1/ts_archive/results/492412552823949607/5308e153bd9c42febd76defec7c17b68/artifacts,64,0.01,1234,XRF,0.001,91698,2,10,NVIDIA GeForce RTX 4090,71893,20,0.1,main.py,ANON1,conda,PROJECT,2ba81db4ea05c65817b596ef2f113e084de3fbd8,file:///home/ANON1/repos/TS_Archive-1#ts_archive_experiments,https://github.com/ANON2/TS_Archive.git,local,illustrious-stag-854
7a526f03a74f404a8a7739b8b86377ce,492412552823949607,FINISHED,/data/d1/ts_archive/results/492412552823949607/7a526f03a74f404a8a7739b8b86377ce/artifacts,2026-01-06 01:08:04.791000+00:00,2026-01-06 01:13:23.486000+00:00,0.9984295070171356,4.932708398879184e-05,342.4442047504272,0.006421357954150957,0.6646688260427402,0.560846453541213,299.08412603102624,129.97470634996952,0.7113447463648341,0.5784479446869679,0.6854404426658762,2.9908412603102623,,276105.0,34244.42047504272,3062232.0,0.6854404426658762,200,8,FCN,0.5,,False,8,9,Tiselac,0,sktime 0.39.0,23,100,/data/d1/ts_archive/datasets,entropy,9,0,32,/data/d1/ts_archive/results/492412552823949607/7a526f03a74f404a8a7739b8b86377ce/artifacts,64,0.01,1234,XRF,0.001,91742,1,10,NVIDIA GeForce RTX 4090,71501,20,0.1,main.py,ANON1,conda,PROJECT,2ba81db4ea05c65817b596ef2f113e084de3fbd8,file:///home/ANON1/repos/TS_Archive-1#ts_archive_experiments,https://github.com/ANON2/TS_Archive.git,local,polite-fly-480
0f0eb9bba35a439ea4caa5bf3db9cf61,492412552823949607,FINISHED,/data/d1/ts_archive/results/492412552823949607/0f0eb9bba35a439ea4caa5bf3db9cf61/artifacts,2026-01-06 01:02:35.088000+00:00,2026-01-06 01:08:02.978000+00:00,1.1028043441474438,5.575350577085156e-05,350.751293438382,0.006921215283784064,0.7938883093509562,0.6157632154850771,307.7210932914168,136.90163831324878,0.7957806505446788,0.6322328340814873,0.798432760364004,3.077210932914168,,276105.0,35075.1293438382,3058951.0,0.798432760364004,200,8,FCN,0.5,,False,8,9,Tiselac,0,sktime 0.39.0,23,100,/data/d1/ts_archive/datasets,entropy,9,0,32,/data/d1/ts_archive/results/492412552823949607/0f0eb9bba35a439ea4caa5bf3db9cf61/artifacts,64,0.01,1234,XRF,0.001,91696,0,10,NVIDIA GeForce RTX 4090,71916,20,0.1,main.py,ANON1,conda,PROJECT,2ba81db4ea05c65817b596ef2f113e084de3fbd8,file:///home/ANON1/repos/TS_Archive-1#ts_archive_experiments,https://github.com/ANON2/TS_Archive.git,local,bald-cat-33
b5dd2f1ca2774ed993d7bf47f48b7a5e,492412552823949607,FINISHED,/data/d1/ts_archive/results/492412552823949607/b5dd2f1ca2774ed993d7bf47f48b7a5e/artifacts,2026-01-06 00:51:07.472000+00:00,2026-01-06 01:02:32.478000+00:00,0.6386330500245094,3.224605150338346e-05,889.4567175213924,0.004409816307759438,0.7757996446344949,0.6329926726303636,672.994518103078,87.33641197517568,0.7748697135205067,0.6342772322457132,0.7853067407220399,6.72994518103078,0.8475611103330408,63953.0,88945.67175213924,807929.0,0.7853067407220399,200,8,ConvTran,0.5,,False,8,9,Tiselac,0,PyTorch 2.9.0+cu128,23,100,/data/d1/ts_archive/datasets,entropy,9,0,32,/data/d1/ts_archive/results/492412552823949607/b5dd2f1ca2774ed993d7bf47f48b7a5e/artifacts,64,0.01,1234,XRF,0.001,91698,2,10,NVIDIA GeForce RTX 4090,71893,20,0.1,main.py,ANON1,conda,PROJECT,2ba81db4ea05c65817b596ef2f113e084de3fbd8,file:///home/ANON1/repos/TS_Archive-1#ts_archive_experiments,https://github.com/ANON2/TS_Archive.git,local,painted-crow-267
2e91aaa8cf404ecc8ae077c4a0601550,492412552823949607,FINISHED,/data/d1/ts_archive/results/492412552823949607/2e91aaa8cf404ecc8ae077c4a0601550/artifacts,2026-01-06 00:39:54.244000+00:00,2026-01-06 00:51:05.751000+00:00,0.6545280534774065,3.2336744897851216e-05,877.513010200326,0.004115124889489601,0.6849449169376327,0.5689784005525806,659.5075720269233,83.29424288815902,0.7166274866751567,0.5742321485095593,0.7079195691912455,6.595075720269233,1.3277288921430268,63953.0,87751.3010200326,807929.0,0.7079195691912455,200,8,ConvTran,0.5,,False,8,9,Tiselac,0,PyTorch 2.9.0+cu128,23,100,/data/d1/ts_archive/datasets,entropy,9,0,32,/data/d1/ts_archive/results/492412552823949607/2e91aaa8cf404ecc8ae077c4a0601550/artifacts,64,0.01,1234,XRF,0.001,91742,1,10,NVIDIA GeForce RTX 4090,71501,20,0.1,main.py,ANON1,conda,PROJECT,2ba81db4ea05c65817b596ef2f113e084de3fbd8,file:///home/ANON1/repos/TS_Archive-1#ts_archive_experiments,https://github.com/ANON2/TS_Archive.git,local,unequaled-ox-331
d5866ebe6cf549cb8649306e0f59fe25,492412552823949607,FINISHED,/data/d1/ts_archive/results/492412552823949607/d5866ebe6cf549cb8649306e0f59fe25/artifacts,2026-01-06 00:28:26.768000+00:00,2026-01-06 00:39:52.537000+00:00,0.6632994785904884,3.3533846238144004e-05,895.439083670298,0.004154458821007146,0.7855781651068242,0.6156542681069128,673.962134771049,82.17519547952135,0.7848887203818123,0.6272153507288452,0.7924671385237614,6.73962134771049,0.8256112449285475,63953.0,89543.9083670298,807929.0,0.7924671385237614,200,8,ConvTran,0.5,,False,8,9,Tiselac,0,PyTorch 2.9.0+cu128,23,100,/data/d1/ts_archive/datasets,entropy,9,0,32,/data/d1/ts_archive/results/492412552823949607/d5866ebe6cf549cb8649306e0f59fe25/artifacts,64,0.01,1234,XRF,0.001,91696,0,10,NVIDIA GeForce RTX 4090,71916,20,0.1,main.py,ANON1,conda,PROJECT,2ba81db4ea05c65817b596ef2f113e084de3fbd8,file:///home/ANON1/repos/TS_Archive-1#ts_archive_experiments,https://github.com/ANON2/TS_Archive.git,local,respected-skink-826
3838b6d22d3347aeac0c842e2e85e729,492412552823949607,FINISHED,/data/d1/ts_archive/results/492412552823949607/3838b6d22d3347aeac0c842e2e85e729/artifacts,2026-01-06 00:24:42.137000+00:00,2026-01-06 00:28:24.300000+00:00,0.2914394196122885,1.4715446584816384e-05,277.5808810908072,0.0016685101157875493,0.7580249219472971,0.6036150326054947,210.74217594228685,33.04484284317241,0.7601917661944493,0.6030349418536028,0.7701590507447614,2.1074217594228686,1.746964742390383,30153.0,27758.08810908072,369845.0,0.7701590507447614,200,8,SFCN,0.5,,False,8,9,Tiselac,0,PyTorch 2.9.0+cu128,23,100,/data/d1/ts_archive/datasets,entropy,9,0,32,/data/d1/ts_archive/results/492412552823949607/3838b6d22d3347aeac0c842e2e85e729/artifacts,64,0.01,1234,XRF,0.001,91698,2,10,NVIDIA GeForce RTX 4090,71893,20,0.1,main.py,ANON1,conda,PROJECT,2ba81db4ea05c65817b596ef2f113e084de3fbd8,file:///home/ANON1/repos/TS_Archive-1#ts_archive_experiments,https://github.com/ANON2/TS_Archive.git,local,brawny-shrimp-501
bd7a392abd7b4f4f849a169be87fe3dc,492412552823949607,FINISHED,/data/d1/ts_archive/results/492412552823949607/bd7a392abd7b4f4f849a169be87fe3dc/artifacts,2026-01-06 00:21:01.027000+00:00,2026-01-06 00:24:40.541000+00:00,0.2911470383405685,1.4384024422734475e-05,274.28753663627043,0.0018883386624449108,0.6730405452686947,0.5563403028046109,208.02818093635145,38.22186286654744,0.7270516238921241,0.5761351684772342,0.7014969616125686,2.0802818093635143,1.6322342239051202,30153.0,27428.75366362704,369845.0,0.7014969616125686,200,8,SFCN,0.5,,False,8,9,Tiselac,0,PyTorch 2.9.0+cu128,23,100,/data/d1/ts_archive/datasets,entropy,9,0,32,/data/d1/ts_archive/results/492412552823949607/bd7a392abd7b4f4f849a169be87fe3dc/artifacts,64,0.01,1234,XRF,0.001,91742,1,10,NVIDIA GeForce RTX 4090,71501,20,0.1,main.py,ANON1,conda,PROJECT,2ba81db4ea05c65817b596ef2f113e084de3fbd8,file:///home/ANON1/repos/TS_Archive-1#ts_archive_experiments,https://github.com/ANON2/TS_Archive.git,local,learned-squirrel-94
0706cddd6b124ac1b9ea289c18b72951,492412552823949607,FINISHED,/data/d1/ts_archive/results/492412552823949607/0706cddd6b124ac1b9ea289c18b72951/artifacts,2026-01-06 00:17:15.178000+00:00,2026-01-06 00:20:59.265000+00:00,0.2951002158224582,1.4919121123481203e-05,277.71072055263363,0.0018507487470048754,0.7804081723080133,0.5871223989997376,211.9501942042261,36.60781021575644,0.7940402675354123,0.6005968867708841,0.7877654196157735,2.119501942042261,0.9030360462737276,30153.0,27771.07205526336,369845.0,0.7877654196157735,200,8,SFCN,0.5,,False,8,9,Tiselac,0,PyTorch 2.9.0+cu128,23,100,/data/d1/ts_archive/datasets,entropy,9,0,32,/data/d1/ts_archive/results/492412552823949607/0706cddd6b124ac1b9ea289c18b72951/artifacts,64,0.01,1234,XRF,0.001,91696,0,10,NVIDIA GeForce RTX 4090,71916,20,0.1,main.py,ANON1,conda,PROJECT,2ba81db4ea05c65817b596ef2f113e084de3fbd8,file:///home/ANON1/repos/TS_Archive-1#ts_archive_experiments,https://github.com/ANON2/TS_Archive.git,local,bustling-pig-389
0b8aa0c4396247f99770cd319df3bf0a,492412552823949607,FINISHED,/data/d1/ts_archive/results/492412552823949607/0b8aa0c4396247f99770cd319df3bf0a/artifacts,2026-01-05 23:46:08.993000+00:00,2026-01-06 00:17:12.566000+00:00,1.2473275158554316,4.824131790901267e-05,1990.5828709711213,0.008262497434881605,0.9944325330386204,0.9938488853161234,1843.6274714451283,213.63513367629878,0.9944395809759753,0.9941618498224214,0.994430693069307,18.436274714451283,,506947.0,199058.28709711213,5645104.0,0.994430693069307,200,8,ResNet,0.5,,False,8,9,LakeIce,0,sktime 0.39.0,161,100,/data/d1/ts_archive/datasets,entropy,3,0,32,/data/d1/ts_archive/results/492412552823949607/0b8aa0c4396247f99770cd319df3bf0a/artifacts,64,0.01,1234,XRF,0.001,118937,2,1,NVIDIA GeForce RTX 4090,93081,20,0.1,main.py,ANON1,conda,PROJECT,2ba81db4ea05c65817b596ef2f113e084de3fbd8,file:///home/ANON1/repos/TS_Archive-1#ts_archive_experiments,https://github.com/ANON2/TS_Archive.git,local,amusing-turtle-138
d25845e470204fa38e94e0101a813074,492412552823949607,FINISHED,/data/d1/ts_archive/results/492412552823949607/d25845e470204fa38e94e0101a813074/artifacts,2026-01-05 23:14:57.796000+00:00,2026-01-05 23:46:07.250000+00:00,1.4151323232799768,5.4731293443687225e-05,1958.105485836756,0.008833018825002875,0.8872251183749741,0.8673865237068972,1849.220580715686,228.38653473927434,0.9104136815514687,0.8530088458376515,0.8975479579207921,18.49220580715686,,506947.0,195810.5485836756,5636077.0,0.8975479579207921,200,8,ResNet,0.5,,False,8,9,LakeIce,0,sktime 0.39.0,161,100,/data/d1/ts_archive/datasets,entropy,3,0,32,/data/d1/ts_archive/results/492412552823949607/d25845e470204fa38e94e0101a813074/artifacts,64,0.01,1234,XRF,0.001,118937,1,1,NVIDIA GeForce RTX 4090,93081,20,0.1,main.py,ANON1,conda,PROJECT,2ba81db4ea05c65817b596ef2f113e084de3fbd8,file:///home/ANON1/repos/TS_Archive-1#ts_archive_experiments,https://github.com/ANON2/TS_Archive.git,local,useful-finch-696
0b9a9b811fe04f49838afa545afdeb32,492412552823949607,FINISHED,/data/d1/ts_archive/results/492412552823949607/0b9a9b811fe04f49838afa545afdeb32/artifacts,2026-01-05 22:43:38.415000+00:00,2026-01-05 23:14:56.150000+00:00,1.4440783634781835,5.585080304293717e-05,1979.2670409096695,0.008979643211477156,0.9789182587120149,0.976653834204393,1858.748149968684,232.17765487595335,0.979200382405387,0.9751074480474872,0.9789990717821783,18.587481499686838,,506947.0,197926.70409096696,5636939.0,0.9789990717821783,200,8,ResNet,0.5,,False,8,9,LakeIce,0,sktime 0.39.0,161,100,/data/d1/ts_archive/datasets,entropy,3,0,32,/data/d1/ts_archive/results/492412552823949607/0b9a9b811fe04f49838afa545afdeb32/artifacts,64,0.01,1234,XRF,0.001,118937,0,1,NVIDIA GeForce RTX 4090,93081,20,0.1,main.py,ANON1,conda,PROJECT,2ba81db4ea05c65817b596ef2f113e084de3fbd8,file:///home/ANON1/repos/TS_Archive-1#ts_archive_experiments,https://github.com/ANON2/TS_Archive.git,local,chill-donkey-692
151a1423c2a141289a693085da2e769f,492412552823949607,FAILED,/data/d1/ts_archive/results/492412552823949607/151a1423c2a141289a693085da2e769f/artifacts,2026-01-05 22:40:18.800000+00:00,2026-01-05 22:43:36.227000+00:00,,,,,,,,,,,,,,,,,,200,8,MLP,0.5,,False,8,9,LakeIce,0,sktime 0.39.0,161,100,/data/d1/ts_archive/datasets,entropy,3,0,32,/data/d1/ts_archive/results/492412552823949607/151a1423c2a141289a693085da2e769f/artifacts,64,0.01,1234,XRF,0.001,118937,2,1,NVIDIA GeForce RTX 4090,93081,20,0.1,main.py,ANON1,conda,PROJECT,2ba81db4ea05c65817b596ef2f113e084de3fbd8,file:///home/ANON1/repos/TS_Archive-1#ts_archive_experiments,https://github.com/ANON2/TS_Archive.git,local,dapper-cod-373
cb3c4956dece4cc9b36ca738c724caaf,492412552823949607,FAILED,/data/d1/ts_archive/results/492412552823949607/cb3c4956dece4cc9b36ca738c724caaf/artifacts,2026-01-05 22:37:10.124000+00:00,2026-01-05 22:40:17.343000+00:00,,,,,,,,,,,,,,,,,,200,8,MLP,0.5,,False,8,9,LakeIce,0,sktime 0.39.0,161,100,/data/d1/ts_archive/datasets,entropy,3,0,32,/data/d1/ts_archive/results/492412552823949607/cb3c4956dece4cc9b36ca738c724caaf/artifacts,64,0.01,1234,XRF,0.001,118937,1,1,NVIDIA GeForce RTX 4090,93081,20,0.1,main.py,ANON1,conda,PROJECT,2ba81db4ea05c65817b596ef2f113e084de3fbd8,file:///home/ANON1/repos/TS_Archive-1#ts_archive_experiments,https://github.com/ANON2/TS_Archive.git,local,rare-elk-300
cc1e67168e6f44a9bc103ec4e3a3a70f,492412552823949607,FAILED,/data/d1/ts_archive/results/492412552823949607/cc1e67168e6f44a9bc103ec4e3a3a70f/artifacts,2026-01-05 22:33:58.695000+00:00,2026-01-05 22:37:08.619000+00:00,,,,,,,,,,,,,,,,,,200,8,MLP,0.5,,False,8,9,LakeIce,0,sktime 0.39.0,161,100,/data/d1/ts_archive/datasets,entropy,3,0,32,/data/d1/ts_archive/results/492412552823949607/cc1e67168e6f44a9bc103ec4e3a3a70f/artifacts,64,0.01,1234,XRF,0.001,118937,0,1,NVIDIA GeForce RTX 4090,93081,20,0.1,main.py,ANON1,conda,PROJECT,2ba81db4ea05c65817b596ef2f113e084de3fbd8,file:///home/ANON1/repos/TS_Archive-1#ts_archive_experiments,https://github.com/ANON2/TS_Archive.git,local,intrigued-skunk-787
5905e4e7ef754056a09138380d6bf123,492412552823949607,FINISHED,/data/d1/ts_archive/results/492412552823949607/5905e4e7ef754056a09138380d6bf123/artifacts,2026-01-05 22:30:30.278000+00:00,2026-01-05 22:33:56.280000+00:00,0.8803389798849821,3.404776376411595e-05,245.19475020586322,0.0043663842370487895,0.997022176920067,0.9967997884872299,187.2773688621819,112.8972308331335,0.9970226164774791,0.9968428314122697,0.9970219678217822,1.872773688621819,,243403.0,24519.47502058632,2086341.0,0.9970219678217822,200,8,MCDCNN,0.5,,False,8,9,LakeIce,0,sktime 0.39.0,161,100,/data/d1/ts_archive/datasets,entropy,3,0,32,/data/d1/ts_archive/results/492412552823949607/5905e4e7ef754056a09138380d6bf123/artifacts,64,0.01,1234,XRF,0.001,118937,2,1,NVIDIA GeForce RTX 4090,93081,20,0.1,main.py,ANON1,conda,PROJECT,2ba81db4ea05c65817b596ef2f113e084de3fbd8,file:///home/ANON1/repos/TS_Archive-1#ts_archive_experiments,https://github.com/ANON2/TS_Archive.git,local,stylish-fowl-208
6dacc1c0c0bf4b5ca5246c5d7fec12b8,492412552823949607,FINISHED,/data/d1/ts_archive/results/492412552823949607/6dacc1c0c0bf4b5ca5246c5d7fec12b8/artifacts,2026-01-05 22:26:51.191000+00:00,2026-01-05 22:30:28.868000+00:00,0.9059504140168428,3.503830499755735e-05,251.88172854183003,0.004645599980154335,0.9966343383745409,0.9963568702432298,197.9573384784162,120.11663308687048,0.9966398753819052,0.9962271933685939,0.9966352103960396,1.9795733847841621,,243403.0,25188.172854183,2340378.0,0.9966352103960396,200,8,MCDCNN,0.5,,False,8,9,LakeIce,0,sktime 0.39.0,161,100,/data/d1/ts_archive/datasets,entropy,3,0,32,/data/d1/ts_archive/results/492412552823949607/6dacc1c0c0bf4b5ca5246c5d7fec12b8/artifacts,64,0.01,1234,XRF,0.001,118937,1,1,NVIDIA GeForce RTX 4090,93081,20,0.1,main.py,ANON1,conda,PROJECT,2ba81db4ea05c65817b596ef2f113e084de3fbd8,file:///home/ANON1/repos/TS_Archive-1#ts_archive_experiments,https://github.com/ANON2/TS_Archive.git,local,respected-trout-609
d87daf3b009349568cc1f447c3b67604,492412552823949607,FINISHED,/data/d1/ts_archive/results/492412552823949607/d87daf3b009349568cc1f447c3b67604/artifacts,2026-01-05 22:23:26.791000+00:00,2026-01-05 22:26:49.700000+00:00,0.9463777635246516,3.66018627600809e-05,242.91003910178517,0.004603419232977925,0.9958605273154666,0.9954860098139645,183.09163777716452,119.02600768787723,0.9958651329466433,0.9954642116811816,0.9958616955445545,1.8309163777716453,,243403.0,24291.00391017852,2205782.0,0.9958616955445545,200,8,MCDCNN,0.5,,False,8,9,LakeIce,0,sktime 0.39.0,161,100,/data/d1/ts_archive/datasets,entropy,3,0,32,/data/d1/ts_archive/results/492412552823949607/d87daf3b009349568cc1f447c3b67604/artifacts,64,0.01,1234,XRF,0.001,118937,0,1,NVIDIA GeForce RTX 4090,93081,20,0.1,main.py,ANON1,conda,PROJECT,2ba81db4ea05c65817b596ef2f113e084de3fbd8,file:///home/ANON1/repos/TS_Archive-1#ts_archive_experiments,https://github.com/ANON2/TS_Archive.git,local,orderly-crow-506
239dc0b934264a519409b6dc7178b292,492412552823949607,FINISHED,/data/d1/ts_archive/results/492412552823949607/239dc0b934264a519409b6dc7178b292/artifacts,2026-01-05 21:45:08.679000+00:00,2026-01-05 22:23:24.519000+00:00,2.3747210688889027,9.184410074601263e-05,2944.0131568655543,0.011008385972792184,0.9839500014159774,0.9818065132985098,2276.176473211497,284.6328277125147,0.9842442324076369,0.984019953946962,0.9838722153465347,22.76176473211497,,266459.0,294401.3156865554,2965659.0,0.9838722153465347,200,8,LSTMFCN,0.5,,False,8,9,LakeIce,0,sktime 0.39.0,161,100,/data/d1/ts_archive/datasets,entropy,3,0,32,/data/d1/ts_archive/results/492412552823949607/239dc0b934264a519409b6dc7178b292/artifacts,64,0.01,1234,XRF,0.001,118937,2,1,NVIDIA GeForce RTX 4090,93081,20,0.1,main.py,ANON1,conda,PROJECT,2ba81db4ea05c65817b596ef2f113e084de3fbd8,file:///home/ANON1/repos/TS_Archive-1#ts_archive_experiments,https://github.com/ANON2/TS_Archive.git,local,nosy-toad-443
e8363d66975243b9b94b32cdf8acf085,492412552823949607,FINISHED,/data/d1/ts_archive/results/492412552823949607/e8363d66975243b9b94b32cdf8acf085/artifacts,2026-01-05 21:06:48.025000+00:00,2026-01-05 21:45:06.945000+00:00,2.205248387530446,8.528961894842381e-05,2945.137738353372,0.01021356106122822,0.9661044009191138,0.9637302728737748,2277.645644484088,264.08183479911685,0.9668393948133039,0.960319685955129,0.966197400990099,22.77645644484088,,266459.0,294513.7738353372,2950609.0,0.966197400990099,200,8,LSTMFCN,0.5,,False,8,9,LakeIce,0,sktime 0.39.0,161,100,/data/d1/ts_archive/datasets,entropy,3,0,32,/data/d1/ts_archive/results/492412552823949607/e8363d66975243b9b94b32cdf8acf085/artifacts,64,0.01,1234,XRF,0.001,118937,1,1,NVIDIA GeForce RTX 4090,93081,20,0.1,main.py,ANON1,conda,PROJECT,2ba81db4ea05c65817b596ef2f113e084de3fbd8,file:///home/ANON1/repos/TS_Archive-1#ts_archive_experiments,https://github.com/ANON2/TS_Archive.git,local,serious-frog-671
c8e8d9b76c3243f18c1a56ddd796d56e,492412552823949607,FINISHED,/data/d1/ts_archive/results/492412552823949607/c8e8d9b76c3243f18c1a56ddd796d56e/artifacts,2026-01-05 20:28:20.891000+00:00,2026-01-05 21:06:46.262000+00:00,2.3815336730331182,9.210758327015463e-05,2951.0694620787526,0.011289272763865498,0.9661798427474817,0.962040221224958,2285.316857609898,291.8954365825063,0.9673213695143205,0.9622201503795965,0.9661200495049505,22.85316857609898,,266459.0,295106.94620787527,2959093.0,0.9661200495049505,200,8,LSTMFCN,0.5,,False,8,9,LakeIce,0,sktime 0.39.0,161,100,/data/d1/ts_archive/datasets,entropy,3,0,32,/data/d1/ts_archive/results/492412552823949607/c8e8d9b76c3243f18c1a56ddd796d56e/artifacts,64,0.01,1234,XRF,0.001,118937,0,1,NVIDIA GeForce RTX 4090,93081,20,0.1,main.py,ANON1,conda,PROJECT,2ba81db4ea05c65817b596ef2f113e084de3fbd8,file:///home/ANON1/repos/TS_Archive-1#ts_archive_experiments,https://github.com/ANON2/TS_Archive.git,local,aged-sloth-819
88b7641b038349ed8bbc90eed23806f2,492412552823949607,FINISHED,/data/d1/ts_archive/results/492412552823949607/88b7641b038349ed8bbc90eed23806f2/artifacts,2026-01-05 19:45:05.528000+00:00,2026-01-05 20:28:18.407000+00:00,2.7529443744570017,0.00010647216794774914,2705.20369067934,0.012725525206730894,0.9982597757813527,0.9982088742577829,2571.2200021781027,329.031179745234,0.9982606378273652,0.9982603993650869,0.9982595915841584,25.712200021781026,,422627.0,270520.369067934,4703364.0,0.9982595915841584,200,8,InceptionTime,0.5,,False,8,9,LakeIce,0,sktime 0.39.0,161,100,/data/d1/ts_archive/datasets,entropy,3,0,32,/data/d1/ts_archive/results/492412552823949607/88b7641b038349ed8bbc90eed23806f2/artifacts,64,0.01,1234,XRF,0.001,118937,2,1,NVIDIA GeForce RTX 4090,93081,20,0.1,main.py,ANON1,conda,PROJECT,2ba81db4ea05c65817b596ef2f113e084de3fbd8,file:///home/ANON1/repos/TS_Archive-1#ts_archive_experiments,https://github.com/ANON2/TS_Archive.git,local,youthful-boar-25
ec6264201d164ef4a4756143246972dd,492412552823949607,FINISHED,/data/d1/ts_archive/results/492412552823949607/ec6264201d164ef4a4756143246972dd/artifacts,2026-01-05 19:01:55.455000+00:00,2026-01-05 19:45:03.731000+00:00,2.705338368192315,0.00010463097030446764,2682.7770895195317,0.012572119081013007,0.9978338924902103,0.9976005719352637,2566.63936541602,325.0647109586723,0.997833803485281,0.9975201992742427,0.9978341584158416,25.666393654160203,,422627.0,268277.70895195316,4701262.0,0.9978341584158416,200,8,InceptionTime,0.5,,False,8,9,LakeIce,0,sktime 0.39.0,161,100,/data/d1/ts_archive/datasets,entropy,3,0,32,/data/d1/ts_archive/results/492412552823949607/ec6264201d164ef4a4756143246972dd/artifacts,64,0.01,1234,XRF,0.001,118937,1,1,NVIDIA GeForce RTX 4090,93081,20,0.1,main.py,ANON1,conda,PROJECT,2ba81db4ea05c65817b596ef2f113e084de3fbd8,file:///home/ANON1/repos/TS_Archive-1#ts_archive_experiments,https://github.com/ANON2/TS_Archive.git,local,bouncy-dolphin-79
bbd4ce32f56740bc823991d494e72f71,492412552823949607,FINISHED,/data/d1/ts_archive/results/492412552823949607/bbd4ce32f56740bc823991d494e72f71/artifacts,2026-01-05 18:18:27.276000+00:00,2026-01-05 19:01:53.704000+00:00,3.1640419103205204,0.00012237167041771814,2705.1990089246565,0.012552610929682417,0.993277379450466,0.9922980654097997,2585.147609911859,324.56030819786855,0.9932956067701985,0.9927137169254051,0.9932704207920792,25.85147609911859,,422627.0,270519.90089246567,4712402.0,0.9932704207920792,200,8,InceptionTime,0.5,,False,8,9,LakeIce,0,sktime 0.39.0,161,100,/data/d1/ts_archive/datasets,entropy,3,0,32,/data/d1/ts_archive/results/492412552823949607/bbd4ce32f56740bc823991d494e72f71/artifacts,64,0.01,1234,XRF,0.001,118937,0,1,NVIDIA GeForce RTX 4090,93081,20,0.1,main.py,ANON1,conda,PROJECT,2ba81db4ea05c65817b596ef2f113e084de3fbd8,file:///home/ANON1/repos/TS_Archive-1#ts_archive_experiments,https://github.com/ANON2/TS_Archive.git,local,clumsy-hare-169
bcf6e792b6c641628f7cb0d519d29b4d,492412552823949607,FINISHED,/data/d1/ts_archive/results/492412552823949607/bcf6e792b6c641628f7cb0d519d29b4d/artifacts,2026-01-05 18:08:57.814000+00:00,2026-01-05 18:18:24.944000+00:00,0.8127304594963789,3.14329540337399e-05,650.2165211083284,0.004497299104753279,0.7586090462991085,0.7079836017577055,547.7753872554749,116.28216565250078,0.8528377386971289,0.7244995848617805,0.805886448019802,5.477753872554749,,266115.0,65021.65211083284,2916399.0,0.805886448019802,200,8,FCN,0.5,,False,8,9,LakeIce,0,sktime 0.39.0,161,100,/data/d1/ts_archive/datasets,entropy,3,0,32,/data/d1/ts_archive/results/492412552823949607/bcf6e792b6c641628f7cb0d519d29b4d/artifacts,64,0.01,1234,XRF,0.001,118937,2,1,NVIDIA GeForce RTX 4090,93081,20,0.1,main.py,ANON1,conda,PROJECT,2ba81db4ea05c65817b596ef2f113e084de3fbd8,file:///home/ANON1/repos/TS_Archive-1#ts_archive_experiments,https://github.com/ANON2/TS_Archive.git,local,bright-doe-976
92b6cb0fbc6545d084a8a7fc88aef2d3,492412552823949607,FINISHED,/data/d1/ts_archive/results/492412552823949607/92b6cb0fbc6545d084a8a7fc88aef2d3/artifacts,2026-01-05 18:00:02.588000+00:00,2026-01-05 18:08:56.025000+00:00,0.8419358748942614,3.2562495161442655e-05,633.0740288928588,0.004634710841676584,0.9685965387512587,0.9634718909746955,514.2277092449367,119.83508352238975,0.9700982176324433,0.961314860689586,0.9686339727722773,5.142277092449367,,266115.0,63307.40288928588,2920346.0,0.9686339727722773,200,8,FCN,0.5,,False,8,9,LakeIce,0,sktime 0.39.0,161,100,/data/d1/ts_archive/datasets,entropy,3,0,32,/data/d1/ts_archive/results/492412552823949607/92b6cb0fbc6545d084a8a7fc88aef2d3/artifacts,64,0.01,1234,XRF,0.001,118937,1,1,NVIDIA GeForce RTX 4090,93081,20,0.1,main.py,ANON1,conda,PROJECT,2ba81db4ea05c65817b596ef2f113e084de3fbd8,file:///home/ANON1/repos/TS_Archive-1#ts_archive_experiments,https://github.com/ANON2/TS_Archive.git,local,amazing-cow-210
2efd726a66af490d93a9a92587932e54,492412552823949607,FINISHED,/data/d1/ts_archive/results/492412552823949607/2efd726a66af490d93a9a92587932e54/artifacts,2026-01-05 17:52:20.848000+00:00,2026-01-05 18:00:00.989000+00:00,0.8284993264824152,3.204282667397955e-05,579.0809058045048,0.00483861781202474,0.9680615158505709,0.9636387355068358,439.7896811980754,125.10730214771166,0.9692266641374955,0.9607868609918158,0.9682472153465347,4.397896811980754,,266115.0,57908.09058045049,2895228.0,0.9682472153465347,200,8,FCN,0.5,,False,8,9,LakeIce,0,sktime 0.39.0,161,100,/data/d1/ts_archive/datasets,entropy,3,0,32,/data/d1/ts_archive/results/492412552823949607/2efd726a66af490d93a9a92587932e54/artifacts,64,0.01,1234,XRF,0.001,118937,0,1,NVIDIA GeForce RTX 4090,93081,20,0.1,main.py,ANON1,conda,PROJECT,2ba81db4ea05c65817b596ef2f113e084de3fbd8,file:///home/ANON1/repos/TS_Archive-1#ts_archive_experiments,https://github.com/ANON2/TS_Archive.git,local,efficient-cub-463
e6f3d07302e241b98bef46895e9a987a,492412552823949607,FINISHED,/data/d1/ts_archive/results/492412552823949607/e6f3d07302e241b98bef46895e9a987a/artifacts,2026-01-05 17:37:35.215000+00:00,2026-01-05 17:52:18.193000+00:00,0.8254047762602568,3.1923142646204235e-05,1769.127305998885,0.005852880266718994,0.9964425305175089,0.9961913894663347,871.057697288692,151.3320721762863,0.9964461561323251,0.9964771439465195,0.9964418316831684,8.71057697288692,0.0126483761369175,29099.0,176912.7305998885,610553.0,0.9964418316831684,200,8,ConvTran,0.5,,False,8,9,LakeIce,0,PyTorch 2.9.0+cu128,161,100,/data/d1/ts_archive/datasets,entropy,3,0,32,/data/d1/ts_archive/results/492412552823949607/e6f3d07302e241b98bef46895e9a987a/artifacts,64,0.01,1234,XRF,0.001,118937,2,1,NVIDIA GeForce RTX 4090,93081,20,0.1,main.py,ANON1,conda,PROJECT,2ba81db4ea05c65817b596ef2f113e084de3fbd8,file:///home/ANON1/repos/TS_Archive-1#ts_archive_experiments,https://github.com/ANON2/TS_Archive.git,local,shivering-toad-138
8da15159a2a940c9879058c14ce8a76e,492412552823949607,FINISHED,/data/d1/ts_archive/results/492412552823949607/8da15159a2a940c9879058c14ce8a76e/artifacts,2026-01-05 17:23:00.551000+00:00,2026-01-05 17:37:33.407000+00:00,0.8158304635435343,3.155284899224684e-05,1757.9764005810118,0.005952385571789054,0.9972158015067258,0.9969954124425634,859.6270734574646,153.90488134417777,0.9972165965149656,0.997094499506583,0.9972153465346535,8.596270734574645,0.008222145014399173,29099.0,175797.64005810118,610553.0,0.9972153465346535,200,8,ConvTran,0.5,,False,8,9,LakeIce,0,PyTorch 2.9.0+cu128,161,100,/data/d1/ts_archive/datasets,entropy,3,0,32,/data/d1/ts_archive/results/492412552823949607/8da15159a2a940c9879058c14ce8a76e/artifacts,64,0.01,1234,XRF,0.001,118937,1,1,NVIDIA GeForce RTX 4090,93081,20,0.1,main.py,ANON1,conda,PROJECT,2ba81db4ea05c65817b596ef2f113e084de3fbd8,file:///home/ANON1/repos/TS_Archive-1#ts_archive_experiments,https://github.com/ANON2/TS_Archive.git,local,invincible-snipe-25
dc3f3d74cead451481d42dfe021d2219,492412552823949607,FINISHED,/data/d1/ts_archive/results/492412552823949607/dc3f3d74cead451481d42dfe021d2219/artifacts,2026-01-05 17:08:22.756000+00:00,2026-01-05 17:22:58.744000+00:00,0.820088729262352,3.171754058100062e-05,1758.0224467962325,0.005768443565384026,0.9975637290327461,0.9974205235881097,863.9287780020386,149.14887682656936,0.9975644909865216,0.9975492724211564,0.9975634282178217,8.639287780020386,0.012120087106239292,29099.0,175802.24467962325,610553.0,0.9975634282178217,200,8,ConvTran,0.5,,False,8,9,LakeIce,0,PyTorch 2.9.0+cu128,161,100,/data/d1/ts_archive/datasets,entropy,3,0,32,/data/d1/ts_archive/results/492412552823949607/dc3f3d74cead451481d42dfe021d2219/artifacts,64,0.01,1234,XRF,0.001,118937,0,1,NVIDIA GeForce RTX 4090,93081,20,0.1,main.py,ANON1,conda,PROJECT,2ba81db4ea05c65817b596ef2f113e084de3fbd8,file:///home/ANON1/repos/TS_Archive-1#ts_archive_experiments,https://github.com/ANON2/TS_Archive.git,local,gentle-loon-237
30e43f224e3d423fb13c8dfbd9aab220,492412552823949607,FINISHED,/data/d1/ts_archive/results/492412552823949607/30e43f224e3d423fb13c8dfbd9aab220/artifacts,2026-01-05 17:03:39.943000+00:00,2026-01-05 17:08:20.326000+00:00,0.3595977537333965,1.3907710153674058e-05,382.37049474479284,0.0016252058731281139,0.9440848266103143,0.9387735295794712,268.9869900941849,42.02132305560051,0.9447584053888554,0.941130813468554,0.9438041460396039,2.689869900941849,0.14521889844194683,26115.0,38237.04947447928,321461.0,0.9438041460396039,200,8,SFCN,0.5,,False,8,9,LakeIce,0,PyTorch 2.9.0+cu128,161,100,/data/d1/ts_archive/datasets,entropy,3,0,32,/data/d1/ts_archive/results/492412552823949607/30e43f224e3d423fb13c8dfbd9aab220/artifacts,64,0.01,1234,XRF,0.001,118937,2,1,NVIDIA GeForce RTX 4090,93081,20,0.1,main.py,ANON1,conda,PROJECT,2ba81db4ea05c65817b596ef2f113e084de3fbd8,file:///home/ANON1/repos/TS_Archive-1#ts_archive_experiments,https://github.com/ANON2/TS_Archive.git,local,monumental-gull-725
abe6f4726b1a41aca0a2f956a240e2d0,492412552823949607,FINISHED,/data/d1/ts_archive/results/492412552823949607/abe6f4726b1a41aca0a2f956a240e2d0/artifacts,2026-01-05 16:58:57.488000+00:00,2026-01-05 17:03:38.354000+00:00,0.3560778889805078,1.3771576770595134e-05,383.903243799966,0.0019134501612146733,0.9465522395983719,0.9411851202258817,269.32286605238914,49.474167368366594,0.9466668256561189,0.9421991456490754,0.9464727722772277,2.6932286605238915,0.14127216919551208,26115.0,38390.3243799966,321461.0,0.9464727722772277,200,8,SFCN,0.5,,False,8,9,LakeIce,0,PyTorch 2.9.0+cu128,161,100,/data/d1/ts_archive/datasets,entropy,3,0,32,/data/d1/ts_archive/results/492412552823949607/abe6f4726b1a41aca0a2f956a240e2d0/artifacts,64,0.01,1234,XRF,0.001,118937,1,1,NVIDIA GeForce RTX 4090,93081,20,0.1,main.py,ANON1,conda,PROJECT,2ba81db4ea05c65817b596ef2f113e084de3fbd8,file:///home/ANON1/repos/TS_Archive-1#ts_archive_experiments,https://github.com/ANON2/TS_Archive.git,local,painted-roo-189
d6d6503744364d2e91d0594f4fa1009c,492412552823949607,FINISHED,/data/d1/ts_archive/results/492412552823949607/d6d6503744364d2e91d0594f4fa1009c/artifacts,2026-01-05 16:54:10.468000+00:00,2026-01-05 16:58:55.701000+00:00,0.3661934416741133,1.4162803282569357e-05,381.9724867305936,0.001757169092080554,0.9529671384251763,0.9487839922734627,273.54639608971775,45.4333640448348,0.953185596462321,0.9499196818622907,0.9528542698019802,2.7354639608971776,0.12505102791335884,26115.0,38197.24867305936,321461.0,0.9528542698019802,200,8,SFCN,0.5,,False,8,9,LakeIce,0,PyTorch 2.9.0+cu128,161,100,/data/d1/ts_archive/datasets,entropy,3,0,32,/data/d1/ts_archive/results/492412552823949607/d6d6503744364d2e91d0594f4fa1009c/artifacts,64,0.01,1234,XRF,0.001,118937,0,1,NVIDIA GeForce RTX 4090,93081,20,0.1,main.py,ANON1,conda,PROJECT,2ba81db4ea05c65817b596ef2f113e084de3fbd8,file:///home/ANON1/repos/TS_Archive-1#ts_archive_experiments,https://github.com/ANON2/TS_Archive.git,local,skittish-snake-286
5f7c21a1c79b4d9aa60063891d40eacd,492412552823949607,FINISHED,/data/d1/ts_archive/results/492412552823949607/5f7c21a1c79b4d9aa60063891d40eacd/artifacts,2026-01-05 16:51:27.292000+00:00,2026-01-05 16:54:07.933000+00:00,1.2594783045351503,0.0005341299001421333,155.1044712536136,0.06884806459872009,0.9773968433426147,0.9778749298215232,140.88841276057065,162.34373632378197,0.9774112367564012,0.9782125603864734,0.9775233248515691,1.4088841276057065,,511942.0,15510.447125361361,5707811.0,0.9775233248515691,200,8,ResNet,0.5,,False,8,9,UCIActivity,0,sktime 0.39.0,128,100,/data/d1/ts_archive/datasets,entropy,6,0,32,/data/d1/ts_archive/results/492412552823949607/5f7c21a1c79b4d9aa60063891d40eacd/artifacts,64,0.01,1234,XRF,0.001,9504,2,9,NVIDIA GeForce RTX 4090,7146,20,0.1,main.py,ANON1,conda,PROJECT,2ba81db4ea05c65817b596ef2f113e084de3fbd8,file:///home/ANON1/repos/TS_Archive-1#ts_archive_experiments,https://github.com/ANON2/TS_Archive.git,local,bold-cod-44
4ac44d9863a14a80a2c17ce40ba6ab42,492412552823949607,FINISHED,/data/d1/ts_archive/results/492412552823949607/4ac44d9863a14a80a2c17ce40ba6ab42/artifacts,2026-01-05 16:48:46.751000+00:00,2026-01-05 16:51:25.528000+00:00,1.1159708350896835,0.0004696846949030655,154.991071316988,0.060401081981468416,0.9293362957178307,0.9317132191091212,139.51006169989705,143.51297078796895,0.9308030122165453,0.9314727250343328,0.9288720538720538,1.3951006169989706,,511942.0,15499.1071316988,5721140.0,0.9288720538720538,200,8,ResNet,0.5,,False,8,9,UCIActivity,0,sktime 0.39.0,128,100,/data/d1/ts_archive/datasets,entropy,6,0,32,/data/d1/ts_archive/results/492412552823949607/4ac44d9863a14a80a2c17ce40ba6ab42/artifacts,64,0.01,1234,XRF,0.001,9506,1,9,NVIDIA GeForce RTX 4090,7130,20,0.1,main.py,ANON1,conda,PROJECT,2ba81db4ea05c65817b596ef2f113e084de3fbd8,file:///home/ANON1/repos/TS_Archive-1#ts_archive_experiments,https://github.com/ANON2/TS_Archive.git,local,sneaky-mink-909
cdc6a330e49047b3bf58a62959f71d7f,492412552823949607,FINISHED,/data/d1/ts_archive/results/492412552823949607/cdc6a330e49047b3bf58a62959f71d7f/artifacts,2026-01-05 16:46:08.242000+00:00,2026-01-05 16:48:44.896000+00:00,1.163415003567934,0.0004845543538392062,153.2370757678056,0.05982190412214717,0.9890972260867326,0.9897965786594515,139.66081033088267,143.63239179727535,0.9893331355142345,0.9895752395752396,0.9891711786755518,1.3966081033088267,,511942.0,15323.70757678056,5699804.0,0.9891711786755518,200,8,ResNet,0.5,,False,8,9,UCIActivity,0,sktime 0.39.0,128,100,/data/d1/ts_archive/datasets,entropy,6,0,32,/data/d1/ts_archive/results/492412552823949607/cdc6a330e49047b3bf58a62959f71d7f/artifacts,64,0.01,1234,XRF,0.001,9509,0,9,NVIDIA GeForce RTX 4090,7108,20,0.1,main.py,ANON1,conda,PROJECT,2ba81db4ea05c65817b596ef2f113e084de3fbd8,file:///home/ANON1/repos/TS_Archive-1#ts_archive_experiments,https://github.com/ANON2/TS_Archive.git,local,lyrical-boar-208
2827ddd275d34cee9028f5076e119bbc,492412552823949607,FINISHED,/data/d1/ts_archive/results/492412552823949607/2827ddd275d34cee9028f5076e119bbc/artifacts,2026-01-05 16:45:29.320000+00:00,2026-01-05 16:46:06.460000+00:00,1.1251135356724262,0.00047714738578135123,28.971864075592798,0.07461356627229733,0.9125461686772037,0.9133071092287586,21.945496674627066,175.9387892700771,0.9132899628142661,0.9142695618981409,0.9126378286683631,0.21945496674627066,,1080506.0,2897.18640755928,12005162.0,0.9126378286683631,200,8,MLP,0.5,,False,8,9,UCIActivity,0,sktime 0.39.0,128,100,/data/d1/ts_archive/datasets,entropy,6,0,32,/data/d1/ts_archive/results/492412552823949607/2827ddd275d34cee9028f5076e119bbc/artifacts,64,0.01,1234,XRF,0.001,9504,2,9,NVIDIA GeForce RTX 4090,7146,20,0.1,main.py,ANON1,conda,PROJECT,2ba81db4ea05c65817b596ef2f113e084de3fbd8,file:///home/ANON1/repos/TS_Archive-1#ts_archive_experiments,https://github.com/ANON2/TS_Archive.git,local,fun-ram-992
331b9b5b4cd2475e9c8d4527e5ce81e6,492412552823949607,FINISHED,/data/d1/ts_archive/results/492412552823949607/331b9b5b4cd2475e9c8d4527e5ce81e6/artifacts,2026-01-05 16:44:49.994000+00:00,2026-01-05 16:45:27.766000+00:00,1.0076012481004,0.0004240745993688552,29.475730151568,0.06368082007689953,0.8985335012596111,0.9008096538814535,21.794907500967383,151.3056285027133,0.9032382806560573,0.9002478752794509,0.8994107744107744,0.21794907500967384,,1080506.0,2947.5730151568,12008277.0,0.8994107744107744,200,8,MLP,0.5,,False,8,9,UCIActivity,0,sktime 0.39.0,128,100,/data/d1/ts_archive/datasets,entropy,6,0,32,/data/d1/ts_archive/results/492412552823949607/331b9b5b4cd2475e9c8d4527e5ce81e6/artifacts,64,0.01,1234,XRF,0.001,9506,1,9,NVIDIA GeForce RTX 4090,7130,20,0.1,main.py,ANON1,conda,PROJECT,2ba81db4ea05c65817b596ef2f113e084de3fbd8,file:///home/ANON1/repos/TS_Archive-1#ts_archive_experiments,https://github.com/ANON2/TS_Archive.git,local,calm-donkey-955
a231cd986c944b7aa282974a613c775b,492412552823949607,FINISHED,/data/d1/ts_archive/results/492412552823949607/a231cd986c944b7aa282974a613c775b/artifacts,2026-01-05 16:44:12.395000+00:00,2026-01-05 16:44:49.142000+00:00,0.7275919411331415,0.0003030370433707378,28.505913123812398,0.04768611520611667,0.9541029276006245,0.9543780102949846,21.32310644164681,114.49436260988611,0.954355629602505,0.9542726608280518,0.9541857559350271,0.2132310644164681,,1080506.0,2850.5913123812397,12071777.0,0.9541857559350271,200,8,MLP,0.5,,False,8,9,UCIActivity,0,sktime 0.39.0,128,100,/data/d1/ts_archive/datasets,entropy,6,0,32,/data/d1/ts_archive/results/492412552823949607/a231cd986c944b7aa282974a613c775b/artifacts,64,0.01,1234,XRF,0.001,9509,0,9,NVIDIA GeForce RTX 4090,7108,20,0.1,main.py,ANON1,conda,PROJECT,2ba81db4ea05c65817b596ef2f113e084de3fbd8,file:///home/ANON1/repos/TS_Archive-1#ts_archive_experiments,https://github.com/ANON2/TS_Archive.git,local,smiling-ray-178
5a96608dbc404239b2e2658a7eea5150,492412552823949607,FINISHED,/data/d1/ts_archive/results/492412552823949607/5a96608dbc404239b2e2658a7eea5150/artifacts,2026-01-05 16:41:02.911000+00:00,2026-01-05 16:44:09.835000+00:00,1.342782326042652,0.0005694581535380203,153.07969637050562,0.07980662649946857,0.9647978888410413,0.965700445113025,167.08809040114284,188.18402528574688,0.9648290946039619,0.9656648688210194,0.9648006785411366,1.6708809040114283,,1695042.0,15307.96963705056,18532073.0,0.9648006785411366,200,8,MCDCNN,0.5,,False,8,9,UCIActivity,0,sktime 0.39.0,128,100,/data/d1/ts_archive/datasets,entropy,6,0,32,/data/d1/ts_archive/results/492412552823949607/5a96608dbc404239b2e2658a7eea5150/artifacts,64,0.01,1234,XRF,0.001,9504,2,9,NVIDIA GeForce RTX 4090,7146,20,0.1,main.py,ANON1,conda,PROJECT,2ba81db4ea05c65817b596ef2f113e084de3fbd8,file:///home/ANON1/repos/TS_Archive-1#ts_archive_experiments,https://github.com/ANON2/TS_Archive.git,local,funny-dove-285
7ace09231d8743b7a8fe92ab94457efd,492412552823949607,FINISHED,/data/d1/ts_archive/results/492412552823949607/7ace09231d8743b7a8fe92ab94457efd/artifacts,2026-01-05 16:37:51.749000+00:00,2026-01-05 16:41:01.175000+00:00,1.2662018723785875,0.000532913245950584,155.89924989530402,0.06923694793741793,0.9297189665530398,0.9302288688991709,170.37132287211716,164.506988299305,0.9324125506206389,0.9301216396440598,0.9301346801346801,1.7037132287211716,,1695042.0,15589.924989530402,18372597.0,0.9301346801346801,200,8,MCDCNN,0.5,,False,8,9,UCIActivity,0,sktime 0.39.0,128,100,/data/d1/ts_archive/datasets,entropy,6,0,32,/data/d1/ts_archive/results/492412552823949607/7ace09231d8743b7a8fe92ab94457efd/artifacts,64,0.01,1234,XRF,0.001,9506,1,9,NVIDIA GeForce RTX 4090,7130,20,0.1,main.py,ANON1,conda,PROJECT,2ba81db4ea05c65817b596ef2f113e084de3fbd8,file:///home/ANON1/repos/TS_Archive-1#ts_archive_experiments,https://github.com/ANON2/TS_Archive.git,local,crawling-shrimp-699
b0bd692e1f244046b272b0b897c2139a,492412552823949607,FINISHED,/data/d1/ts_archive/results/492412552823949607/b0bd692e1f244046b272b0b897c2139a/artifacts,2026-01-05 16:34:43.943000+00:00,2026-01-05 16:37:50.025000+00:00,0.9513753522187472,0.00039624129621772063,151.82868397265997,0.04565791807671462,0.956279031551067,0.9539794679636815,166.9874805789441,109.6246613021918,0.9571703917886041,0.9533528058666033,0.9566847147022074,1.6698748057894408,,1695042.0,15182.868397265998,18443418.0,0.9566847147022074,200,8,MCDCNN,0.5,,False,8,9,UCIActivity,0,sktime 0.39.0,128,100,/data/d1/ts_archive/datasets,entropy,6,0,32,/data/d1/ts_archive/results/492412552823949607/b0bd692e1f244046b272b0b897c2139a/artifacts,64,0.01,1234,XRF,0.001,9509,0,9,NVIDIA GeForce RTX 4090,7108,20,0.1,main.py,ANON1,conda,PROJECT,2ba81db4ea05c65817b596ef2f113e084de3fbd8,file:///home/ANON1/repos/TS_Archive-1#ts_archive_experiments,https://github.com/ANON2/TS_Archive.git,local,sedate-shad-71
d7055afa9ff947399ccd01f28f9f560a,492412552823949607,FINISHED,/data/d1/ts_archive/results/492412552823949607/d7055afa9ff947399ccd01f28f9f560a/artifacts,2026-01-05 16:31:52.532000+00:00,2026-01-05 16:34:41.538000+00:00,0.5099382158368826,0.0002162587853421894,201.922934320368,0.023399843734348495,0.9586939378325784,0.9599753363059099,151.37272329442203,55.176831525593755,0.9598827307385727,0.9599812647095255,0.9588634435962681,1.5137272329442204,,275318.0,20192.2934320368,3077247.0,0.9588634435962681,200,8,LSTMFCN,0.5,,False,8,9,UCIActivity,0,sktime 0.39.0,128,100,/data/d1/ts_archive/datasets,entropy,6,0,32,/data/d1/ts_archive/results/492412552823949607/d7055afa9ff947399ccd01f28f9f560a/artifacts,64,0.01,1234,XRF,0.001,9504,2,9,NVIDIA GeForce RTX 4090,7146,20,0.1,main.py,ANON1,conda,PROJECT,2ba81db4ea05c65817b596ef2f113e084de3fbd8,file:///home/ANON1/repos/TS_Archive-1#ts_archive_experiments,https://github.com/ANON2/TS_Archive.git,local,beautiful-calf-60
a7033a9f33f440ddba5b16b1aa09f8c5,492412552823949607,FINISHED,/data/d1/ts_archive/results/492412552823949607/a7033a9f33f440ddba5b16b1aa09f8c5/artifacts,2026-01-05 16:28:49.001000+00:00,2026-01-05 16:31:50.804000+00:00,0.4152656104415655,0.00017477508856968246,210.1164599553444,0.018635150663523132,0.927152415785935,0.9292887851001747,163.90102187544107,44.27711797653096,0.942512057814402,0.9300261625089759,0.9297138047138047,1.6390102187544107,,275318.0,21011.64599553444,3077365.0,0.9297138047138047,200,8,LSTMFCN,0.5,,False,8,9,UCIActivity,0,sktime 0.39.0,128,100,/data/d1/ts_archive/datasets,entropy,6,0,32,/data/d1/ts_archive/results/492412552823949607/a7033a9f33f440ddba5b16b1aa09f8c5/artifacts,64,0.01,1234,XRF,0.001,9506,1,9,NVIDIA GeForce RTX 4090,7130,20,0.1,main.py,ANON1,conda,PROJECT,2ba81db4ea05c65817b596ef2f113e084de3fbd8,file:///home/ANON1/repos/TS_Archive-1#ts_archive_experiments,https://github.com/ANON2/TS_Archive.git,local,grandiose-frog-421
0b573651455444178afd8ae871e16720,492412552823949607,FINISHED,/data/d1/ts_archive/results/492412552823949607/0b573651455444178afd8ae871e16720/artifacts,2026-01-05 16:25:55.164000+00:00,2026-01-05 16:28:47.162000+00:00,0.4506195168942213,0.00018767993206756406,203.06028154690802,0.019881663685514344,0.9736485917871703,0.9750876776567424,154.23878500051796,47.73587450891994,0.9741546137274578,0.9752007252007253,0.9737609329446064,1.5423878500051798,,275318.0,20306.0281546908,3082176.0,0.9737609329446064,200,8,LSTMFCN,0.5,,False,8,9,UCIActivity,0,sktime 0.39.0,128,100,/data/d1/ts_archive/datasets,entropy,6,0,32,/data/d1/ts_archive/results/492412552823949607/0b573651455444178afd8ae871e16720/artifacts,64,0.01,1234,XRF,0.001,9509,0,9,NVIDIA GeForce RTX 4090,7108,20,0.1,main.py,ANON1,conda,PROJECT,2ba81db4ea05c65817b596ef2f113e084de3fbd8,file:///home/ANON1/repos/TS_Archive-1#ts_archive_experiments,https://github.com/ANON2/TS_Archive.git,local,mysterious-hare-557
9987290a54fd4169b4db0ee283675543,492412552823949607,FINISHED,/data/d1/ts_archive/results/492412552823949607/9987290a54fd4169b4db0ee283675543/artifacts,2026-01-05 16:22:12.487000+00:00,2026-01-05 16:25:52.580000+00:00,1.2408343590795994,0.0005262232226800676,210.193309112094,0.07414443692821963,0.9906656616483408,0.9909817903472726,200.75293079577384,174.8325822767419,0.9908075632163609,0.9909037842190016,0.9906700593723494,2.0075293079577383,,494022.0,21019.3309112094,5508676.0,0.9906700593723494,200,8,InceptionTime,0.5,,False,8,9,UCIActivity,0,sktime 0.39.0,128,100,/data/d1/ts_archive/datasets,entropy,6,0,32,/data/d1/ts_archive/results/492412552823949607/9987290a54fd4169b4db0ee283675543/artifacts,64,0.01,1234,XRF,0.001,9504,2,9,NVIDIA GeForce RTX 4090,7146,20,0.1,main.py,ANON1,conda,PROJECT,2ba81db4ea05c65817b596ef2f113e084de3fbd8,file:///home/ANON1/repos/TS_Archive-1#ts_archive_experiments,https://github.com/ANON2/TS_Archive.git,local,luxuriant-foal-666
0e6f5f29e12947fba3b2979d7105578e,492412552823949607,FINISHED,/data/d1/ts_archive/results/492412552823949607/0e6f5f29e12947fba3b2979d7105578e/artifacts,2026-01-05 16:18:25.227000+00:00,2026-01-05 16:22:10.829000+00:00,1.2059564162045715,0.0005075574142275132,214.5013360475796,0.06901278609363491,0.9704712617657507,0.9714811406232066,206.05639540031552,163.97437975847654,0.9710945796085667,0.9711835475424776,0.9705387205387206,2.0605639540031553,,494022.0,21450.13360475796,5517795.0,0.9705387205387206,200,8,InceptionTime,0.5,,False,8,9,UCIActivity,0,sktime 0.39.0,128,100,/data/d1/ts_archive/datasets,entropy,6,0,32,/data/d1/ts_archive/results/492412552823949607/0e6f5f29e12947fba3b2979d7105578e/artifacts,64,0.01,1234,XRF,0.001,9506,1,9,NVIDIA GeForce RTX 4090,7130,20,0.1,main.py,ANON1,conda,PROJECT,2ba81db4ea05c65817b596ef2f113e084de3fbd8,file:///home/ANON1/repos/TS_Archive-1#ts_archive_experiments,https://github.com/ANON2/TS_Archive.git,local,smiling-shoat-330
08057d12e8b74a329b1d801fa643a70a,492412552823949607,FINISHED,/data/d1/ts_archive/results/492412552823949607/08057d12e8b74a329b1d801fa643a70a/artifacts,2026-01-05 16:14:41.438000+00:00,2026-01-05 16:18:23.424000+00:00,1.2636637557297945,0.0005263072701915013,212.3944054674912,0.06544539670272238,0.9878870202508656,0.9887127945530588,202.0996727086604,157.13439748323643,0.9880540021912689,0.9884519667128363,0.9879216992919617,2.020996727086604,,494022.0,21239.44054674912,5508659.0,0.9879216992919617,200,8,InceptionTime,0.5,,False,8,9,UCIActivity,0,sktime 0.39.0,128,100,/data/d1/ts_archive/datasets,entropy,6,0,32,/data/d1/ts_archive/results/492412552823949607/08057d12e8b74a329b1d801fa643a70a/artifacts,64,0.01,1234,XRF,0.001,9509,0,9,NVIDIA GeForce RTX 4090,7108,20,0.1,main.py,ANON1,conda,PROJECT,2ba81db4ea05c65817b596ef2f113e084de3fbd8,file:///home/ANON1/repos/TS_Archive-1#ts_archive_experiments,https://github.com/ANON2/TS_Archive.git,local,upset-croc-145
f805b20c50094f2a807695f2230cceea,492412552823949607,FINISHED,/data/d1/ts_archive/results/492412552823949607/f805b20c50094f2a807695f2230cceea/artifacts,2026-01-05 16:13:35.146000+00:00,2026-01-05 16:14:39.148000+00:00,0.6129773836582899,0.00025995648161929175,55.3473059491656,0.0352983480801357,0.9659473893606283,0.9671575599989054,45.37615146115422,83.23350477295998,0.9660490637207718,0.9671145764411936,0.9660729431721798,0.45376151461154224,,274694.0,5534.73059491656,3070739.0,0.9660729431721798,200,8,FCN,0.5,,False,8,9,UCIActivity,0,sktime 0.39.0,128,100,/data/d1/ts_archive/datasets,entropy,6,0,32,/data/d1/ts_archive/results/492412552823949607/f805b20c50094f2a807695f2230cceea/artifacts,64,0.01,1234,XRF,0.001,9504,2,9,NVIDIA GeForce RTX 4090,7146,20,0.1,main.py,ANON1,conda,PROJECT,2ba81db4ea05c65817b596ef2f113e084de3fbd8,file:///home/ANON1/repos/TS_Archive-1#ts_archive_experiments,https://github.com/ANON2/TS_Archive.git,local,spiffy-sheep-630
908b09c20b8b4be68543360bc5c5654c,492412552823949607,FINISHED,/data/d1/ts_archive/results/492412552823949607/908b09c20b8b4be68543360bc5c5654c/artifacts,2026-01-05 16:12:31.286000+00:00,2026-01-05 16:13:33.336000+00:00,0.6096758246421814,0.00025659756929384737,55.4326552045512,0.030890796244611655,0.9342309912838309,0.9363754164142564,43.99976632371545,73.39653187719729,0.9346088947579773,0.9358473724654247,0.9339225589225589,0.4399976632371545,,274694.0,5543.26552045512,3076826.0,0.9339225589225589,200,8,FCN,0.5,,False,8,9,UCIActivity,0,sktime 0.39.0,128,100,/data/d1/ts_archive/datasets,entropy,6,0,32,/data/d1/ts_archive/results/492412552823949607/908b09c20b8b4be68543360bc5c5654c/artifacts,64,0.01,1234,XRF,0.001,9506,1,9,NVIDIA GeForce RTX 4090,7130,20,0.1,main.py,ANON1,conda,PROJECT,2ba81db4ea05c65817b596ef2f113e084de3fbd8,file:///home/ANON1/repos/TS_Archive-1#ts_archive_experiments,https://github.com/ANON2/TS_Archive.git,local,hilarious-robin-794
8b00269f95874378b931a96fe4790490,492412552823949607,FINISHED,/data/d1/ts_archive/results/492412552823949607/8b00269f95874378b931a96fe4790490/artifacts,2026-01-05 16:11:27.161000+00:00,2026-01-05 16:12:29.426000+00:00,0.5194438602775335,0.0002163447981164238,54.9524303135604,0.027681243628198827,0.938891467581705,0.9419711381950101,43.91371169872582,66.46266595130538,0.9483742177834265,0.9438307264394221,0.9400249895876718,0.4391371169872582,,274694.0,5495.24303135604,3077802.0,0.9400249895876718,200,8,FCN,0.5,,False,8,9,UCIActivity,0,sktime 0.39.0,128,100,/data/d1/ts_archive/datasets,entropy,6,0,32,/data/d1/ts_archive/results/492412552823949607/8b00269f95874378b931a96fe4790490/artifacts,64,0.01,1234,XRF,0.001,9509,0,9,NVIDIA GeForce RTX 4090,7108,20,0.1,main.py,ANON1,conda,PROJECT,2ba81db4ea05c65817b596ef2f113e084de3fbd8,file:///home/ANON1/repos/TS_Archive-1#ts_archive_experiments,https://github.com/ANON2/TS_Archive.git,local,serious-zebra-241
5536455fb5f747b5965838fdd82a3833,492412552823949607,FINISHED,/data/d1/ts_archive/results/492412552823949607/5536455fb5f747b5965838fdd82a3833/artifacts,2026-01-05 16:09:17.714000+00:00,2026-01-05 16:11:24.436000+00:00,0.0905727371573448,3.8410830007355726e-05,302.9417459675028,0.010481816721304693,0.966901710380131,0.9678155057020169,115.76977760344744,24.716123828836466,0.9677188923601137,0.9680565724587464,0.9669211195928753,1.1576977760344744,0.11985964609027237,61438.0,30294.17459675028,918073.0,0.9669211195928753,200,8,ConvTran,0.5,,False,8,9,UCIActivity,0,PyTorch 2.9.0+cu128,128,100,/data/d1/ts_archive/datasets,entropy,6,0,32,/data/d1/ts_archive/results/492412552823949607/5536455fb5f747b5965838fdd82a3833/artifacts,64,0.01,1234,XRF,0.001,9504,2,9,NVIDIA GeForce RTX 4090,7146,20,0.1,main.py,ANON1,conda,PROJECT,2ba81db4ea05c65817b596ef2f113e084de3fbd8,file:///home/ANON1/repos/TS_Archive-1#ts_archive_experiments,https://github.com/ANON2/TS_Archive.git,local,respected-panda-416
78380e6ca799420a96c3232419c51379,492412552823949607,FINISHED,/data/d1/ts_archive/results/492412552823949607/78380e6ca799420a96c3232419c51379/artifacts,2026-01-05 16:07:11.606000+00:00,2026-01-05 16:09:15.996000+00:00,0.1351464241743087,5.687980815417032e-05,298.206045623376,0.013420385187738146,0.9437216486455118,0.9452132913109321,112.94235531426966,31.886835206065836,0.9450724441483833,0.9443681002791595,0.9436026936026936,1.1294235531426966,0.1653823082677092,61438.0,29820.604562337598,918073.0,0.9436026936026936,200,8,ConvTran,0.5,,False,8,9,UCIActivity,0,PyTorch 2.9.0+cu128,128,100,/data/d1/ts_archive/datasets,entropy,6,0,32,/data/d1/ts_archive/results/492412552823949607/78380e6ca799420a96c3232419c51379/artifacts,64,0.01,1234,XRF,0.001,9506,1,9,NVIDIA GeForce RTX 4090,7130,20,0.1,main.py,ANON1,conda,PROJECT,2ba81db4ea05c65817b596ef2f113e084de3fbd8,file:///home/ANON1/repos/TS_Archive-1#ts_archive_experiments,https://github.com/ANON2/TS_Archive.git,local,debonair-sponge-564
fc4374e73cb84a9f9e8bf8ef35ed03b3,492412552823949607,FINISHED,/data/d1/ts_archive/results/492412552823949607/fc4374e73cb84a9f9e8bf8ef35ed03b3/artifacts,2026-01-05 16:05:08.845000+00:00,2026-01-05 16:07:09.957000+00:00,0.108753016218543,4.529488388943898e-05,293.5858988693484,0.009211940727731962,0.9836454107327683,0.98450714257831,111.40495309978724,22.11786968728444,0.9838887394609622,0.9841409419414534,0.9837567680133278,1.1140495309978724,0.052126143515172675,61438.0,29358.58988693484,918073.0,0.9837567680133278,200,8,ConvTran,0.5,,False,8,9,UCIActivity,0,PyTorch 2.9.0+cu128,128,100,/data/d1/ts_archive/datasets,entropy,6,0,32,/data/d1/ts_archive/results/492412552823949607/fc4374e73cb84a9f9e8bf8ef35ed03b3/artifacts,64,0.01,1234,XRF,0.001,9509,0,9,NVIDIA GeForce RTX 4090,7108,20,0.1,main.py,ANON1,conda,PROJECT,2ba81db4ea05c65817b596ef2f113e084de3fbd8,file:///home/ANON1/repos/TS_Archive-1#ts_archive_experiments,https://github.com/ANON2/TS_Archive.git,local,amusing-hawk-256
72d1e7c6fcc344eda8c0002e737b29a0,492412552823949607,FINISHED,/data/d1/ts_archive/results/492412552823949607/72d1e7c6fcc344eda8c0002e737b29a0/artifacts,2026-01-05 16:04:14.027000+00:00,2026-01-05 16:05:07.199000+00:00,0.0567005258053541,2.4046024514569167e-05,102.7128601968984,0.0039499231393460175,0.9383995733209561,0.9400027677951613,43.16705747321248,9.31391876257791,0.9386004861565314,0.9403374109895849,0.9385072094995759,0.4316705747321248,0.254023919664039,28806.0,10271.28601968984,353717.0,0.9385072094995759,200,8,SFCN,0.5,,False,8,9,UCIActivity,0,PyTorch 2.9.0+cu128,128,100,/data/d1/ts_archive/datasets,entropy,6,0,32,/data/d1/ts_archive/results/492412552823949607/72d1e7c6fcc344eda8c0002e737b29a0/artifacts,64,0.01,1234,XRF,0.001,9504,2,9,NVIDIA GeForce RTX 4090,7146,20,0.1,main.py,ANON1,conda,PROJECT,2ba81db4ea05c65817b596ef2f113e084de3fbd8,file:///home/ANON1/repos/TS_Archive-1#ts_archive_experiments,https://github.com/ANON2/TS_Archive.git,local,crawling-squirrel-20
05ba9beeb9e84899834c63c29f6c634f,492412552823949607,FINISHED,/data/d1/ts_archive/results/492412552823949607/05ba9beeb9e84899834c63c29f6c634f/artifacts,2026-01-05 16:03:20.201000+00:00,2026-01-05 16:04:12.657000+00:00,0.1010284442454576,4.252038899219596e-05,100.19065459535999,0.00902573777873852,0.9270459406892809,0.9291736040141153,42.73994051665068,21.445152962282723,0.9291821020408993,0.9290445369894687,0.9276094276094277,0.42739940516650676,0.5275160235079448,28806.0,10019.065459536,353717.0,0.9276094276094277,200,8,SFCN,0.5,,False,8,9,UCIActivity,0,PyTorch 2.9.0+cu128,128,100,/data/d1/ts_archive/datasets,entropy,6,0,32,/data/d1/ts_archive/results/492412552823949607/05ba9beeb9e84899834c63c29f6c634f/artifacts,64,0.01,1234,XRF,0.001,9506,1,9,NVIDIA GeForce RTX 4090,7130,20,0.1,main.py,ANON1,conda,PROJECT,2ba81db4ea05c65817b596ef2f113e084de3fbd8,file:///home/ANON1/repos/TS_Archive-1#ts_archive_experiments,https://github.com/ANON2/TS_Archive.git,local,rogue-worm-172
153753b7a67a4d1aa8166f83ffc5c6c1,492412552823949607,FINISHED,/data/d1/ts_archive/results/492412552823949607/153753b7a67a4d1aa8166f83ffc5c6c1/artifacts,2026-01-05 16:02:24.803000+00:00,2026-01-05 16:03:19.359000+00:00,0.0536739118397235,2.2354815426790296e-05,101.9435501402604,0.0052501519946321846,0.988326659525522,0.9888469606539343,43.92213048040867,12.605614939111875,0.9884820323816561,0.9888404671013366,0.9883381924198251,0.43922130480408667,0.09669634190832933,28806.0,10194.35501402604,353717.0,0.9883381924198251,200,8,SFCN,0.5,,False,8,9,UCIActivity,0,PyTorch 2.9.0+cu128,128,100,/data/d1/ts_archive/datasets,entropy,6,0,32,/data/d1/ts_archive/results/492412552823949607/153753b7a67a4d1aa8166f83ffc5c6c1/artifacts,64,0.01,1234,XRF,0.001,9509,0,9,NVIDIA GeForce RTX 4090,7108,20,0.1,main.py,ANON1,conda,PROJECT,2ba81db4ea05c65817b596ef2f113e084de3fbd8,file:///home/ANON1/repos/TS_Archive-1#ts_archive_experiments,https://github.com/ANON2/TS_Archive.git,local,overjoyed-midge-59
7eb1ea94b839456db1798bc02f8b467f,492412552823949607,FINISHED,/data/d1/ts_archive/results/492412552823949607/7eb1ea94b839456db1798bc02f8b467f/artifacts,2026-01-05 15:17:00.549000+00:00,2026-01-05 16:02:22.367000+00:00,2.2143740374594927,5.838978054686986e-05,2455.3192179363623,0.00739440327314997,0.743151698760267,0.6838693341668164,2701.6132301837206,280.42534973093944,0.766792532818724,0.6899832087910643,0.7440143444784305,27.016132301837207,,517138.0,245531.92179363623,5687122.0,0.7440143444784305,200,8,ResNet,0.5,,False,8,9,Pedestrian,0,sktime 0.39.0,24,100,/data/d1/ts_archive/datasets,entropy,82,0,32,/data/d1/ts_archive/results/492412552823949607/7eb1ea94b839456db1798bc02f8b467f/artifacts,64,0.01,1234,XRF,0.001,174451,2,1,NVIDIA GeForce RTX 4090,136527,20,0.1,main.py,ANON1,conda,PROJECT,2ba81db4ea05c65817b596ef2f113e084de3fbd8,file:///home/ANON1/repos/TS_Archive-1#ts_archive_experiments,https://github.com/ANON2/TS_Archive.git,local,brawny-shad-857
eae26227a67f4fca934b4ddbf32c351f,492412552823949607,FINISHED,/data/d1/ts_archive/results/492412552823949607/eae26227a67f4fca934b4ddbf32c351f/artifacts,2026-01-05 14:32:06.353000+00:00,2026-01-05 15:16:58.844000+00:00,2.0588557459414005,5.4288992351582126e-05,2437.8924883119194,0.00740887065101273,0.7545764101578295,0.7035988117253384,2672.196192445233,280.9740105690068,0.7684721443799766,0.7007699172492495,0.7562757093133635,26.72196192445233,,517138.0,243789.24883119194,5686762.0,0.7562757093133635,200,8,ResNet,0.5,,False,8,9,Pedestrian,0,sktime 0.39.0,24,100,/data/d1/ts_archive/datasets,entropy,82,0,32,/data/d1/ts_archive/results/492412552823949607/eae26227a67f4fca934b4ddbf32c351f/artifacts,64,0.01,1234,XRF,0.001,174451,1,1,NVIDIA GeForce RTX 4090,136527,20,0.1,main.py,ANON1,conda,PROJECT,2ba81db4ea05c65817b596ef2f113e084de3fbd8,file:///home/ANON1/repos/TS_Archive-1#ts_archive_experiments,https://github.com/ANON2/TS_Archive.git,local,whimsical-kit-694
e232df38402047c8a069871fddffea67,492412552823949607,FINISHED,/data/d1/ts_archive/results/492412552823949607/e232df38402047c8a069871fddffea67/artifacts,2026-01-05 13:47:21.169000+00:00,2026-01-05 14:32:04.642000+00:00,2.107372736558318,5.556684868973812e-05,2439.5237573112904,0.007523715412792443,0.7369991892561313,0.6787979180150743,2663.2547823730856,285.3369070301534,0.7558272053900859,0.6732896473612756,0.7397231377719182,26.632547823730857,,517138.0,243952.37573112902,5681844.0,0.7397231377719182,200,8,ResNet,0.5,,False,8,9,Pedestrian,0,sktime 0.39.0,24,100,/data/d1/ts_archive/datasets,entropy,82,0,32,/data/d1/ts_archive/results/492412552823949607/e232df38402047c8a069871fddffea67/artifacts,64,0.01,1234,XRF,0.001,174451,0,1,NVIDIA GeForce RTX 4090,136526,20,0.1,main.py,ANON1,conda,PROJECT,2ba81db4ea05c65817b596ef2f113e084de3fbd8,file:///home/ANON1/repos/TS_Archive-1#ts_archive_experiments,https://github.com/ANON2/TS_Archive.git,local,secretive-squid-507
8e2ce7cc3d6b4469a21f23bf8a30eff2,492412552823949607,FAILED,/data/d1/ts_archive/results/492412552823949607/8e2ce7cc3d6b4469a21f23bf8a30eff2/artifacts,2026-01-05 13:42:36.982000+00:00,2026-01-05 13:47:18.655000+00:00,,,,,,,,,,,,,,,,,,200,8,MLP,0.5,,False,8,9,Pedestrian,0,sktime 0.39.0,24,100,/data/d1/ts_archive/datasets,entropy,82,0,32,/data/d1/ts_archive/results/492412552823949607/8e2ce7cc3d6b4469a21f23bf8a30eff2/artifacts,64,0.01,1234,XRF,0.001,174451,2,1,NVIDIA GeForce RTX 4090,136527,20,0.1,main.py,ANON1,conda,PROJECT,2ba81db4ea05c65817b596ef2f113e084de3fbd8,file:///home/ANON1/repos/TS_Archive-1#ts_archive_experiments,https://github.com/ANON2/TS_Archive.git,local,righteous-conch-69
98793085524f46f88cc829325b615ed9,492412552823949607,FAILED,/data/d1/ts_archive/results/492412552823949607/98793085524f46f88cc829325b615ed9/artifacts,2026-01-05 13:37:51.167000+00:00,2026-01-05 13:42:35.331000+00:00,,,,,,,,,,,,,,,,,,200,8,MLP,0.5,,False,8,9,Pedestrian,0,sktime 0.39.0,24,100,/data/d1/ts_archive/datasets,entropy,82,0,32,/data/d1/ts_archive/results/492412552823949607/98793085524f46f88cc829325b615ed9/artifacts,64,0.01,1234,XRF,0.001,174451,1,1,NVIDIA GeForce RTX 4090,136527,20,0.1,main.py,ANON1,conda,PROJECT,2ba81db4ea05c65817b596ef2f113e084de3fbd8,file:///home/ANON1/repos/TS_Archive-1#ts_archive_experiments,https://github.com/ANON2/TS_Archive.git,local,traveling-bee-126
6a6c2cb6a47d44898dcbf62332042f76,492412552823949607,FINISHED,/data/d1/ts_archive/results/492412552823949607/6a6c2cb6a47d44898dcbf62332042f76/artifacts,2026-01-05 13:33:27.718000+00:00,2026-01-05 13:37:49.597000+00:00,1.4840202014893291,3.9130394238347507e-05,337.0900428411516,0.006323073937321252,0.0014696841494884507,0.0008594985824814124,242.88932946324348,239.8025790729085,0.06608605976770557,0.012329134280353793,0.025629531970995385,2.428893294632435,,554582.0,33709.00428411516,2331441.0,0.025629531970995385,200,8,MLP,0.5,,False,8,9,Pedestrian,0,sktime 0.39.0,24,100,/data/d1/ts_archive/datasets,entropy,82,0,32,/data/d1/ts_archive/results/492412552823949607/6a6c2cb6a47d44898dcbf62332042f76/artifacts,64,0.01,1234,XRF,0.001,174451,0,1,NVIDIA GeForce RTX 4090,136526,20,0.1,main.py,ANON1,conda,PROJECT,2ba81db4ea05c65817b596ef2f113e084de3fbd8,file:///home/ANON1/repos/TS_Archive-1#ts_archive_experiments,https://github.com/ANON2/TS_Archive.git,local,bright-stag-617
7d92c86793ad41beb6cfba2503299204,492412552823949607,FAILED,/data/d1/ts_archive/results/492412552823949607/7d92c86793ad41beb6cfba2503299204/artifacts,2026-01-05 13:28:43.699000+00:00,2026-01-05 13:33:25.511000+00:00,,,,,,,,,,,,,,,,,,200,8,MCDCNN,0.5,,False,8,9,Pedestrian,0,sktime 0.39.0,24,100,/data/d1/ts_archive/datasets,entropy,82,0,32,/data/d1/ts_archive/results/492412552823949607/7d92c86793ad41beb6cfba2503299204/artifacts,64,0.01,1234,XRF,0.001,174451,2,1,NVIDIA GeForce RTX 4090,136527,20,0.1,main.py,ANON1,conda,PROJECT,2ba81db4ea05c65817b596ef2f113e084de3fbd8,file:///home/ANON1/repos/TS_Archive-1#ts_archive_experiments,https://github.com/ANON2/TS_Archive.git,local,illustrious-bat-819
df02b3dbb1c94ad28dc401ccb02d6be9,492412552823949607,FAILED,/data/d1/ts_archive/results/492412552823949607/df02b3dbb1c94ad28dc401ccb02d6be9/artifacts,2026-01-05 13:23:57.469000+00:00,2026-01-05 13:28:42.099000+00:00,,,,,,,,,,,,,,,,,,200,8,MCDCNN,0.5,,False,8,9,Pedestrian,0,sktime 0.39.0,24,100,/data/d1/ts_archive/datasets,entropy,82,0,32,/data/d1/ts_archive/results/492412552823949607/df02b3dbb1c94ad28dc401ccb02d6be9/artifacts,64,0.01,1234,XRF,0.001,174451,1,1,NVIDIA GeForce RTX 4090,136527,20,0.1,main.py,ANON1,conda,PROJECT,2ba81db4ea05c65817b596ef2f113e084de3fbd8,file:///home/ANON1/repos/TS_Archive-1#ts_archive_experiments,https://github.com/ANON2/TS_Archive.git,local,big-shrew-692
5d51a1873afa4154b0256cbb7c1277a9,492412552823949607,FAILED,/data/d1/ts_archive/results/492412552823949607/5d51a1873afa4154b0256cbb7c1277a9/artifacts,2026-01-05 13:19:09.997000+00:00,2026-01-05 13:23:55.679000+00:00,,,,,,,,,,,,,,,,,,200,8,MCDCNN,0.5,,False,8,9,Pedestrian,0,sktime 0.39.0,24,100,/data/d1/ts_archive/datasets,entropy,82,0,32,/data/d1/ts_archive/results/492412552823949607/5d51a1873afa4154b0256cbb7c1277a9/artifacts,64,0.01,1234,XRF,0.001,174451,0,1,NVIDIA GeForce RTX 4090,136526,20,0.1,main.py,ANON1,conda,PROJECT,2ba81db4ea05c65817b596ef2f113e084de3fbd8,file:///home/ANON1/repos/TS_Archive-1#ts_archive_experiments,https://github.com/ANON2/TS_Archive.git,local,masked-grouse-902
19ece53be9d84c4999b5be093145ea07,492412552823949607,FINISHED,/data/d1/ts_archive/results/492412552823949607/19ece53be9d84c4999b5be093145ea07/artifacts,2026-01-05 12:36:23.910000+00:00,2026-01-05 13:19:07.506000+00:00,3.9479610584676266,0.000104101915896731,2783.588836081317,0.009732195923798122,0.7291365633825913,0.6783749226680927,2539.461481668055,369.08379821412,0.7546718413304271,0.6776115970250342,0.7310146609007488,25.39461481668055,,277282.0,278358.88360813167,3056254.0,0.7310146609007488,200,8,LSTMFCN,0.5,,False,8,9,Pedestrian,0,sktime 0.39.0,24,100,/data/d1/ts_archive/datasets,entropy,82,0,32,/data/d1/ts_archive/results/492412552823949607/19ece53be9d84c4999b5be093145ea07/artifacts,64,0.01,1234,XRF,0.001,174451,2,1,NVIDIA GeForce RTX 4090,136527,20,0.1,main.py,ANON1,conda,PROJECT,2ba81db4ea05c65817b596ef2f113e084de3fbd8,file:///home/ANON1/repos/TS_Archive-1#ts_archive_experiments,https://github.com/ANON2/TS_Archive.git,local,bedecked-ape-587
81259972e3414252b2401a61f52a3b80,492412552823949607,FINISHED,/data/d1/ts_archive/results/492412552823949607/81259972e3414252b2401a61f52a3b80/artifacts,2026-01-05 11:56:06.197000+00:00,2026-01-05 12:36:22.158000+00:00,3.977425672113896,0.00010487885434326273,2704.6607866697873,0.009570587955159793,0.7488515357259065,0.6899243994025602,2394.48518723622,362.95497761148,0.7650833422720391,0.6880167714156871,0.7509492669549626,23.9448518723622,,277282.0,270466.07866697875,3061212.0,0.7509492669549626,200,8,LSTMFCN,0.5,,False,8,9,Pedestrian,0,sktime 0.39.0,24,100,/data/d1/ts_archive/datasets,entropy,82,0,32,/data/d1/ts_archive/results/492412552823949607/81259972e3414252b2401a61f52a3b80/artifacts,64,0.01,1234,XRF,0.001,174451,1,1,NVIDIA GeForce RTX 4090,136527,20,0.1,main.py,ANON1,conda,PROJECT,2ba81db4ea05c65817b596ef2f113e084de3fbd8,file:///home/ANON1/repos/TS_Archive-1#ts_archive_experiments,https://github.com/ANON2/TS_Archive.git,local,learned-wren-633
f8418af30f974c16b3d649ff2a09ad95,492412552823949607,FINISHED,/data/d1/ts_archive/results/492412552823949607/f8418af30f974c16b3d649ff2a09ad95/artifacts,2026-01-05 11:13:12.582000+00:00,2026-01-05 11:56:04.508000+00:00,3.525944339111448,9.297150531605663e-05,2767.82749409115,0.008520747474843672,0.7104361341292318,0.6487373264212956,2550.784699158743,323.14934798344626,0.7496406430659798,0.6357599000789552,0.71340804218853,25.50784699158743,,277282.0,276782.749409115,3059621.0,0.71340804218853,200,8,LSTMFCN,0.5,,False,8,9,Pedestrian,0,sktime 0.39.0,24,100,/data/d1/ts_archive/datasets,entropy,82,0,32,/data/d1/ts_archive/results/492412552823949607/f8418af30f974c16b3d649ff2a09ad95/artifacts,64,0.01,1234,XRF,0.001,174451,0,1,NVIDIA GeForce RTX 4090,136526,20,0.1,main.py,ANON1,conda,PROJECT,2ba81db4ea05c65817b596ef2f113e084de3fbd8,file:///home/ANON1/repos/TS_Archive-1#ts_archive_experiments,https://github.com/ANON2/TS_Archive.git,local,rare-newt-554
c640c53fdbfa4f5992b6619a9ea232b3,492412552823949607,FINISHED,/data/d1/ts_archive/results/492412552823949607/c640c53fdbfa4f5992b6619a9ea232b3/artifacts,2026-01-05 10:18:02.494000+00:00,2026-01-05 11:13:10.095000+00:00,4.947009159252048,0.00013044534224375195,3039.8854556723863,0.01304786186623141,0.7973507908528388,0.7574938982956708,3283.054485719651,494.82711341496,0.8018800202540922,0.7513242105579061,0.796540449319692,32.83054485719651,,432818.0,303988.54556723865,4755280.0,0.796540449319692,200,8,InceptionTime,0.5,,False,8,9,Pedestrian,0,sktime 0.39.0,24,100,/data/d1/ts_archive/datasets,entropy,82,0,32,/data/d1/ts_archive/results/492412552823949607/c640c53fdbfa4f5992b6619a9ea232b3/artifacts,64,0.01,1234,XRF,0.001,174451,2,1,NVIDIA GeForce RTX 4090,136527,20,0.1,main.py,ANON1,conda,PROJECT,2ba81db4ea05c65817b596ef2f113e084de3fbd8,file:///home/ANON1/repos/TS_Archive-1#ts_archive_experiments,https://github.com/ANON2/TS_Archive.git,local,burly-sloth-749
4fed34211281409b8440491dee810a40,492412552823949607,FINISHED,/data/d1/ts_archive/results/492412552823949607/4fed34211281409b8440491dee810a40/artifacts,2026-01-05 09:23:22.194000+00:00,2026-01-05 10:18:01.064000+00:00,3.863992039114237,0.00010188777658248699,2997.0235918485077,0.011323045000983018,0.8043471836802617,0.7656343557972599,3257.402055412531,429.41515861728,0.8073493749842948,0.762772364243264,0.8041082164328658,32.57402055412531,,432818.0,299702.35918485076,4755345.0,0.8041082164328658,200,8,InceptionTime,0.5,,False,8,9,Pedestrian,0,sktime 0.39.0,24,100,/data/d1/ts_archive/datasets,entropy,82,0,32,/data/d1/ts_archive/results/492412552823949607/4fed34211281409b8440491dee810a40/artifacts,64,0.01,1234,XRF,0.001,174451,1,1,NVIDIA GeForce RTX 4090,136527,20,0.1,main.py,ANON1,conda,PROJECT,2ba81db4ea05c65817b596ef2f113e084de3fbd8,file:///home/ANON1/repos/TS_Archive-1#ts_archive_experiments,https://github.com/ANON2/TS_Archive.git,local,clean-donkey-313
95f6cd9bc4b84998b83d5194a687812d,492412552823949607,FINISHED,/data/d1/ts_archive/results/492412552823949607/95f6cd9bc4b84998b83d5194a687812d/artifacts,2026-01-05 08:28:05.367000+00:00,2026-01-05 09:23:20.639000+00:00,3.523352300748229,9.290315888591243e-05,3042.948947564798,0.010893310605335795,0.7989461780173552,0.7528409654811531,3293.4262468460947,413.12880470736,0.8030586133241139,0.7503004627498453,0.7987870797626895,32.93426246846095,,432818.0,304294.89475647977,4754325.0,0.7987870797626895,200,8,InceptionTime,0.5,,False,8,9,Pedestrian,0,sktime 0.39.0,24,100,/data/d1/ts_archive/datasets,entropy,82,0,32,/data/d1/ts_archive/results/492412552823949607/95f6cd9bc4b84998b83d5194a687812d/artifacts,64,0.01,1234,XRF,0.001,174451,0,1,NVIDIA GeForce RTX 4090,136526,20,0.1,main.py,ANON1,conda,PROJECT,2ba81db4ea05c65817b596ef2f113e084de3fbd8,file:///home/ANON1/repos/TS_Archive-1#ts_archive_experiments,https://github.com/ANON2/TS_Archive.git,local,sassy-shrew-449
5a92e13aae0f47acb9fed0cfd850847a,492412552823949607,FAILED,/data/d1/ts_archive/results/492412552823949607/5a92e13aae0f47acb9fed0cfd850847a/artifacts,2026-01-05 08:18:00.591000+00:00,2026-01-05 08:28:02.903000+00:00,,,,,,,,,,,,,,,,,,200,8,FCN,0.5,,False,8,9,Pedestrian,0,sktime 0.39.0,24,100,/data/d1/ts_archive/datasets,entropy,82,0,32,/data/d1/ts_archive/results/492412552823949607/5a92e13aae0f47acb9fed0cfd850847a/artifacts,64,0.01,1234,XRF,0.001,174451,2,1,NVIDIA GeForce RTX 4090,136527,20,0.1,main.py,ANON1,conda,PROJECT,2ba81db4ea05c65817b596ef2f113e084de3fbd8,file:///home/ANON1/repos/TS_Archive-1#ts_archive_experiments,https://github.com/ANON2/TS_Archive.git,local,stately-slug-117
4a59385b09c84d07b39a5d2b7b12fc6b,492412552823949607,FAILED,/data/d1/ts_archive/results/492412552823949607/4a59385b09c84d07b39a5d2b7b12fc6b/artifacts,2026-01-05 08:07:20.376000+00:00,2026-01-05 08:17:58.804000+00:00,,,,,,,,,,,,,,,,,,200,8,FCN,0.5,,False,8,9,Pedestrian,0,sktime 0.39.0,24,100,/data/d1/ts_archive/datasets,entropy,82,0,32,/data/d1/ts_archive/results/492412552823949607/4a59385b09c84d07b39a5d2b7b12fc6b/artifacts,64,0.01,1234,XRF,0.001,174451,1,1,NVIDIA GeForce RTX 4090,136527,20,0.1,main.py,ANON1,conda,PROJECT,2ba81db4ea05c65817b596ef2f113e084de3fbd8,file:///home/ANON1/repos/TS_Archive-1#ts_archive_experiments,https://github.com/ANON2/TS_Archive.git,local,chill-stork-390
1f944540a96949f0acc363904f362a2d,492412552823949607,FAILED,/data/d1/ts_archive/results/492412552823949607/1f944540a96949f0acc363904f362a2d/artifacts,2026-01-05 07:57:54.331000+00:00,2026-01-05 08:07:18.686000+00:00,,,,,,,,,,,,,,,,,,200,8,FCN,0.5,,False,8,9,Pedestrian,0,sktime 0.39.0,24,100,/data/d1/ts_archive/datasets,entropy,82,0,32,/data/d1/ts_archive/results/492412552823949607/1f944540a96949f0acc363904f362a2d/artifacts,64,0.01,1234,XRF,0.001,174451,0,1,NVIDIA GeForce RTX 4090,136526,20,0.1,main.py,ANON1,conda,PROJECT,2ba81db4ea05c65817b596ef2f113e084de3fbd8,file:///home/ANON1/repos/TS_Archive-1#ts_archive_experiments,https://github.com/ANON2/TS_Archive.git,local,rare-fly-48
be37478e5acd46f4954fa6f5531d3d0d,492412552823949607,FINISHED,/data/d1/ts_archive/results/492412552823949607/be37478e5acd46f4954fa6f5531d3d0d/artifacts,2026-01-05 07:36:52.205000+00:00,2026-01-05 07:57:51.863000+00:00,1.221962047740817,3.2221338670520436e-05,1573.0313311586954,0.004164302268239421,0.7997175581165765,0.752313254337356,1247.3518720995637,157.92699922071182,0.8046373505452052,0.752829613700873,0.8002847800864887,12.473518720995637,0.6816144737685838,29514.0,157303.13311586954,395257.0,0.8002847800864887,200,8,ConvTran,0.5,,False,8,9,Pedestrian,0,PyTorch 2.9.0+cu128,24,100,/data/d1/ts_archive/datasets,entropy,82,0,32,/data/d1/ts_archive/results/492412552823949607/be37478e5acd46f4954fa6f5531d3d0d/artifacts,64,0.01,1234,XRF,0.001,174451,2,1,NVIDIA GeForce RTX 4090,136527,20,0.1,main.py,ANON1,conda,PROJECT,2ba81db4ea05c65817b596ef2f113e084de3fbd8,file:///home/ANON1/repos/TS_Archive-1#ts_archive_experiments,https://github.com/ANON2/TS_Archive.git,local,suave-lamb-557
97ccd7c43a2642e9a41e28fdae0c8c61,492412552823949607,FINISHED,/data/d1/ts_archive/results/492412552823949607/97ccd7c43a2642e9a41e28fdae0c8c61/artifacts,2026-01-05 07:15:38.885000+00:00,2026-01-05 07:36:50.615000+00:00,1.2306877057999372,3.2451421416515594e-05,1578.0049523737812,0.004041596848510965,0.7953922518719206,0.7568881706120474,1259.145825367421,153.27351888292984,0.800096046757973,0.7519458180050951,0.7971205569032802,12.59145825367421,0.6694862903038317,29514.0,157800.4952373781,395257.0,0.7971205569032802,200,8,ConvTran,0.5,,False,8,9,Pedestrian,0,PyTorch 2.9.0+cu128,24,100,/data/d1/ts_archive/datasets,entropy,82,0,32,/data/d1/ts_archive/results/492412552823949607/97ccd7c43a2642e9a41e28fdae0c8c61/artifacts,64,0.01,1234,XRF,0.001,174451,1,1,NVIDIA GeForce RTX 4090,136527,20,0.1,main.py,ANON1,conda,PROJECT,2ba81db4ea05c65817b596ef2f113e084de3fbd8,file:///home/ANON1/repos/TS_Archive-1#ts_archive_experiments,https://github.com/ANON2/TS_Archive.git,local,learned-fox-711
55b7a8b6531c43d5a6f54e4807c6969f,492412552823949607,FINISHED,/data/d1/ts_archive/results/492412552823949607/55b7a8b6531c43d5a6f54e4807c6969f/artifacts,2026-01-05 06:53:50.607000+00:00,2026-01-05 07:15:37.336000+00:00,1.2741293348371985,3.359602728641262e-05,1608.9359166002844,0.004523557984882183,0.7996052560461654,0.7570966181459393,1294.1807536929846,171.5559365766568,0.8038912824915546,0.7505716200686731,0.8012129202373105,12.941807536929845,0.6648769804515097,29514.0,160893.59166002844,395257.0,0.8012129202373105,200,8,ConvTran,0.5,,False,8,9,Pedestrian,0,PyTorch 2.9.0+cu128,24,100,/data/d1/ts_archive/datasets,entropy,82,0,32,/data/d1/ts_archive/results/492412552823949607/55b7a8b6531c43d5a6f54e4807c6969f/artifacts,64,0.01,1234,XRF,0.001,174451,0,1,NVIDIA GeForce RTX 4090,136526,20,0.1,main.py,ANON1,conda,PROJECT,2ba81db4ea05c65817b596ef2f113e084de3fbd8,file:///home/ANON1/repos/TS_Archive-1#ts_archive_experiments,https://github.com/ANON2/TS_Archive.git,local,valuable-lark-428
05abb5f14ad142e990c156bc58f2b00c,492412552823949607,FINISHED,/data/d1/ts_archive/results/492412552823949607/05abb5f14ad142e990c156bc58f2b00c/artifacts,2026-01-05 06:47:03.423000+00:00,2026-01-05 06:53:48.192000+00:00,0.5227861516177654,1.3785100506744157e-05,525.3203684676059,0.0018473422681415462,0.6743067221932956,0.617524134070211,393.22415762394667,70.058608177,0.6852054257654372,0.6136307234146313,0.6769328129944099,3.9322415762394667,1.1644252318330561,56530.0,52532.036846760595,686453.0,0.6769328129944099,200,8,SFCN,0.5,,False,8,9,Pedestrian,0,PyTorch 2.9.0+cu128,24,100,/data/d1/ts_archive/datasets,entropy,82,0,32,/data/d1/ts_archive/results/492412552823949607/05abb5f14ad142e990c156bc58f2b00c/artifacts,64,0.01,1234,XRF,0.001,174451,2,1,NVIDIA GeForce RTX 4090,136527,20,0.1,main.py,ANON1,conda,PROJECT,2ba81db4ea05c65817b596ef2f113e084de3fbd8,file:///home/ANON1/repos/TS_Archive-1#ts_archive_experiments,https://github.com/ANON2/TS_Archive.git,local,rogue-fawn-940
3ca5c243f38543a5ab8c10d2238be1de,492412552823949607,FINISHED,/data/d1/ts_archive/results/492412552823949607/3ca5c243f38543a5ab8c10d2238be1de/artifacts,2026-01-05 06:40:16.590000+00:00,2026-01-05 06:47:01.923000+00:00,0.5250757951289415,1.3845475032405378e-05,524.7695704186835,0.0017657191110264255,0.6895116424294434,0.6339905351444413,393.5887316595763,66.96313156656616,0.6970509364969079,0.62962284424779,0.6924638751186584,3.935887316595763,1.1165890983106366,56530.0,52476.95704186836,686453.0,0.6924638751186584,200,8,SFCN,0.5,,False,8,9,Pedestrian,0,PyTorch 2.9.0+cu128,24,100,/data/d1/ts_archive/datasets,entropy,82,0,32,/data/d1/ts_archive/results/492412552823949607/3ca5c243f38543a5ab8c10d2238be1de/artifacts,64,0.01,1234,XRF,0.001,174451,1,1,NVIDIA GeForce RTX 4090,136527,20,0.1,main.py,ANON1,conda,PROJECT,2ba81db4ea05c65817b596ef2f113e084de3fbd8,file:///home/ANON1/repos/TS_Archive-1#ts_archive_experiments,https://github.com/ANON2/TS_Archive.git,local,funny-crab-231
88ab88dea9cb47a6b7ed0fa86f7157aa,492412552823949607,FINISHED,/data/d1/ts_archive/results/492412552823949607/88ab88dea9cb47a6b7ed0fa86f7157aa/artifacts,2026-01-05 06:33:20.865000+00:00,2026-01-05 06:40:14.893000+00:00,0.5409844741225243,1.426458732030387e-05,533.8606408586423,0.0018222130665614669,0.661680578283228,0.6067554972964653,401.6454811729491,69.10743054934363,0.6730773711599946,0.6045657185453763,0.6698220171390903,4.016454811729491,1.1858828823363694,56530.0,53386.06408586424,686453.0,0.6698220171390903,200,8,SFCN,0.5,,False,8,9,Pedestrian,0,PyTorch 2.9.0+cu128,24,100,/data/d1/ts_archive/datasets,entropy,82,0,32,/data/d1/ts_archive/results/492412552823949607/88ab88dea9cb47a6b7ed0fa86f7157aa/artifacts,64,0.01,1234,XRF,0.001,174451,0,1,NVIDIA GeForce RTX 4090,136526,20,0.1,main.py,ANON1,conda,PROJECT,2ba81db4ea05c65817b596ef2f113e084de3fbd8,file:///home/ANON1/repos/TS_Archive-1#ts_archive_experiments,https://github.com/ANON2/TS_Archive.git,local,secretive-lamb-246
5bd894fb8e3c45759e9f38086aac2547,492412552823949607,FINISHED,/data/d1/ts_archive/results/492412552823949607/5bd894fb8e3c45759e9f38086aac2547/artifacts,2026-01-05 06:28:56.982000+00:00,2026-01-05 06:33:18.414000+00:00,1.3254977855831385,0.0003929729574809186,252.40174782890762,0.04720845137192066,0.8860978459717054,0.6213978543943399,241.561424702406,159.23410647748838,0.9136916633566593,0.8088041679619171,0.8713311592054551,2.41561424702406,,508486.0,25240.17478289076,5630484.0,0.8713311592054551,200,8,ResNet,0.5,,False,8,9,WISDM,0,sktime 0.39.0,100,100,/data/d1/ts_archive/datasets,entropy,6,0,32,/data/d1/ts_archive/results/492412552823949607/5bd894fb8e3c45759e9f38086aac2547/artifacts,64,0.01,1234,XRF,0.001,15786,2,3,NVIDIA GeForce RTX 4090,12413,20,0.1,main.py,ANON1,conda,PROJECT,2ba81db4ea05c65817b596ef2f113e084de3fbd8,file:///home/ANON1/repos/TS_Archive-1#ts_archive_experiments,https://github.com/ANON2/TS_Archive.git,local,spiffy-hen-694
b0579127b8b745d09af9b3773eae2050,492412552823949607,FINISHED,/data/d1/ts_archive/results/492412552823949607/b0579127b8b745d09af9b3773eae2050/artifacts,2026-01-05 06:24:56.179000+00:00,2026-01-05 06:28:55.254000+00:00,1.3016600869596004,0.0002858906406676039,227.2868210101716,0.03449406777038321,0.8776189104488293,0.6536248156678273,219.4818558879197,157.05149055855478,0.8944791392650833,0.8477622050985673,0.8706347463211069,2.194818558879197,,508486.0,22728.68210101716,5627889.0,0.8706347463211069,200,8,ResNet,0.5,,False,8,9,WISDM,0,sktime 0.39.0,100,100,/data/d1/ts_archive/datasets,entropy,6,0,32,/data/d1/ts_archive/results/492412552823949607/b0579127b8b745d09af9b3773eae2050/artifacts,64,0.01,1234,XRF,0.001,15904,1,3,NVIDIA GeForce RTX 4090,11351,20,0.1,main.py,ANON1,conda,PROJECT,2ba81db4ea05c65817b596ef2f113e084de3fbd8,file:///home/ANON1/repos/TS_Archive-1#ts_archive_experiments,https://github.com/ANON2/TS_Archive.git,local,kindly-crow-201
a4ffd0ba9a4549eb8316831d9ee17a2b,492412552823949607,FINISHED,/data/d1/ts_archive/results/492412552823949607/a4ffd0ba9a4549eb8316831d9ee17a2b/artifacts,2026-01-05 06:21:09.415000+00:00,2026-01-05 06:24:54.488000+00:00,1.2447063457220793,0.00024043004553256313,219.1748383900944,0.03306257273699809,0.8033561058242656,0.5026668448896329,207.90110648609692,171.16493905943912,0.8172633055653094,0.5129687677882141,0.8134054471701758,2.0790110648609694,,508486.0,21917.48383900944,5629361.0,0.8134054471701758,200,8,ResNet,0.5,,False,8,9,WISDM,0,sktime 0.39.0,100,100,/data/d1/ts_archive/datasets,entropy,6,0,32,/data/d1/ts_archive/results/492412552823949607/a4ffd0ba9a4549eb8316831d9ee17a2b/artifacts,64,0.01,1234,XRF,0.001,15967,0,3,NVIDIA GeForce RTX 4090,10790,20,0.1,main.py,ANON1,conda,PROJECT,2ba81db4ea05c65817b596ef2f113e084de3fbd8,file:///home/ANON1/repos/TS_Archive-1#ts_archive_experiments,https://github.com/ANON2/TS_Archive.git,local,fortunate-shrew-917
beec4aef0ece44db976f0195f2b54789,492412552823949607,FINISHED,/data/d1/ts_archive/results/492412552823949607/beec4aef0ece44db976f0195f2b54789/artifacts,2026-01-05 06:20:23.613000+00:00,2026-01-05 06:21:07.673000+00:00,1.0782568268477917,0.00031967294006753387,40.668712374095996,0.05691864843176704,0.838088651476248,0.5620726845164669,28.635909715667367,191.98660116035023,0.8839228620805529,0.7509962182818067,0.812926178476134,0.2863590971566737,,654506.0,4066.8712374096,7006339.0,0.812926178476134,200,8,MLP,0.5,,False,8,9,WISDM,0,sktime 0.39.0,100,100,/data/d1/ts_archive/datasets,entropy,6,0,32,/data/d1/ts_archive/results/492412552823949607/beec4aef0ece44db976f0195f2b54789/artifacts,64,0.01,1234,XRF,0.001,15786,2,3,NVIDIA GeForce RTX 4090,12413,20,0.1,main.py,ANON1,conda,PROJECT,2ba81db4ea05c65817b596ef2f113e084de3fbd8,file:///home/ANON1/repos/TS_Archive-1#ts_archive_experiments,https://github.com/ANON2/TS_Archive.git,local,sophisticated-jay-54
06e9a07b1d33441fb3dda5774533ba38,492412552823949607,FINISHED,/data/d1/ts_archive/results/492412552823949607/06e9a07b1d33441fb3dda5774533ba38/artifacts,2026-01-05 06:19:37.537000+00:00,2026-01-05 06:20:22.019000+00:00,1.088455991819501,0.00023906347283538348,38.989284298761596,0.04293593839074378,0.7527203007445578,0.40612497510094986,28.08330103382468,195.48732749305643,0.8454750115236069,0.6379215261195186,0.7118383483417526,0.2808330103382468,,654506.0,3898.9284298761595,7105345.0,0.7118383483417526,200,8,MLP,0.5,,False,8,9,WISDM,0,sktime 0.39.0,100,100,/data/d1/ts_archive/datasets,entropy,6,0,32,/data/d1/ts_archive/results/492412552823949607/06e9a07b1d33441fb3dda5774533ba38/artifacts,64,0.01,1234,XRF,0.001,15904,1,3,NVIDIA GeForce RTX 4090,11351,20,0.1,main.py,ANON1,conda,PROJECT,2ba81db4ea05c65817b596ef2f113e084de3fbd8,file:///home/ANON1/repos/TS_Archive-1#ts_archive_experiments,https://github.com/ANON2/TS_Archive.git,local,debonair-kit-667
6317f6e3f9954af2906fa71e18d2e72f,492412552823949607,FINISHED,/data/d1/ts_archive/results/492412552823949607/6317f6e3f9954af2906fa71e18d2e72f/artifacts,2026-01-05 06:18:54.576000+00:00,2026-01-05 06:19:36.613000+00:00,1.387088168412447,0.0002679328121329818,35.6893398173988,0.05395646395435066,0.7638364717215194,0.4649873091131167,25.47429007291794,279.33261389167336,0.7715850542813769,0.47366289538046114,0.77960208615028,0.2547429007291794,,654506.0,3568.9339817398804,7055903.0,0.77960208615028,200,8,MLP,0.5,,False,8,9,WISDM,0,sktime 0.39.0,100,100,/data/d1/ts_archive/datasets,entropy,6,0,32,/data/d1/ts_archive/results/492412552823949607/6317f6e3f9954af2906fa71e18d2e72f/artifacts,64,0.01,1234,XRF,0.001,15967,0,3,NVIDIA GeForce RTX 4090,10790,20,0.1,main.py,ANON1,conda,PROJECT,2ba81db4ea05c65817b596ef2f113e084de3fbd8,file:///home/ANON1/repos/TS_Archive-1#ts_archive_experiments,https://github.com/ANON2/TS_Archive.git,local,wise-finch-996
f0a8d496e6064d5485ab0270656e8b47,492412552823949607,FINISHED,/data/d1/ts_archive/results/492412552823949607/f0a8d496e6064d5485ab0270656e8b47/artifacts,2026-01-05 06:16:46.137000+00:00,2026-01-05 06:18:51.982000+00:00,0.9216438215225936,0.00027324157175291836,100.659166734402,0.03725192008980547,0.914920102832486,0.8087428134408733,107.16489962115884,125.65072646291384,0.9229792387249222,0.8275696540536548,0.909872517047139,1.0716489962115885,,445458.0,10065.9166734402,4756565.0,0.909872517047139,200,8,MCDCNN,0.5,,False,8,9,WISDM,0,sktime 0.39.0,100,100,/data/d1/ts_archive/datasets,entropy,6,0,32,/data/d1/ts_archive/results/492412552823949607/f0a8d496e6064d5485ab0270656e8b47/artifacts,64,0.01,1234,XRF,0.001,15786,2,3,NVIDIA GeForce RTX 4090,12413,20,0.1,main.py,ANON1,conda,PROJECT,2ba81db4ea05c65817b596ef2f113e084de3fbd8,file:///home/ANON1/repos/TS_Archive-1#ts_archive_experiments,https://github.com/ANON2/TS_Archive.git,local,spiffy-tern-494
e83f0413e59f49a8abea8d4826ab3b37,492412552823949607,FINISHED,/data/d1/ts_archive/results/492412552823949607/e83f0413e59f49a8abea8d4826ab3b37/artifacts,2026-01-05 06:14:38.374000+00:00,2026-01-05 06:16:44.475000+00:00,0.9427445251494646,0.00020706007580704251,98.9061962997348,0.02830364215112318,0.9314409656247193,0.8563464961373434,105.4533010981977,128.86648271406384,0.9386653204064308,0.8758208290020919,0.9279595870854381,1.054533010981977,,445458.0,9890.61962997348,4784292.0,0.9279595870854381,200,8,MCDCNN,0.5,,False,8,9,WISDM,0,sktime 0.39.0,100,100,/data/d1/ts_archive/datasets,entropy,6,0,32,/data/d1/ts_archive/results/492412552823949607/e83f0413e59f49a8abea8d4826ab3b37/artifacts,64,0.01,1234,XRF,0.001,15904,1,3,NVIDIA GeForce RTX 4090,11351,20,0.1,main.py,ANON1,conda,PROJECT,2ba81db4ea05c65817b596ef2f113e084de3fbd8,file:///home/ANON1/repos/TS_Archive-1#ts_archive_experiments,https://github.com/ANON2/TS_Archive.git,local,unique-smelt-476
614d917b4b95438d820b87d64f0b3e72,492412552823949607,FINISHED,/data/d1/ts_archive/results/492412552823949607/614d917b4b95438d820b87d64f0b3e72/artifacts,2026-01-05 06:12:46.197000+00:00,2026-01-05 06:14:36.683000+00:00,1.1149662006646397,0.00021536917146313303,86.1335837634348,0.02998567205676302,0.8302689956988941,0.5264112257616183,91.59995204024015,155.23582423786215,0.8247988829419051,0.5204424730502515,0.8416071083639173,0.9159995204024015,,445458.0,8613.35837634348,4945524.0,0.8416071083639173,200,8,MCDCNN,0.5,,False,8,9,WISDM,0,sktime 0.39.0,100,100,/data/d1/ts_archive/datasets,entropy,6,0,32,/data/d1/ts_archive/results/492412552823949607/614d917b4b95438d820b87d64f0b3e72/artifacts,64,0.01,1234,XRF,0.001,15967,0,3,NVIDIA GeForce RTX 4090,10790,20,0.1,main.py,ANON1,conda,PROJECT,2ba81db4ea05c65817b596ef2f113e084de3fbd8,file:///home/ANON1/repos/TS_Archive-1#ts_archive_experiments,https://github.com/ANON2/TS_Archive.git,local,bedecked-sponge-215
558e9cc04fe04a36b687f7ba049494a5,492412552823949607,FINISHED,/data/d1/ts_archive/results/492412552823949607/558e9cc04fe04a36b687f7ba049494a5/artifacts,2026-01-05 06:08:06.973000+00:00,2026-01-05 06:12:43.812000+00:00,0.4901433475315571,0.00014531377039180465,330.73203299740203,0.017184152224883398,0.8769119438970092,0.771639600690262,259.0327183715999,57.9621454545317,0.9129868869769147,0.8088299606613139,0.858286391935962,2.590327183715999,,268982.0,33073.203299740206,2994839.0,0.858286391935962,200,8,LSTMFCN,0.5,,False,8,9,WISDM,0,sktime 0.39.0,100,100,/data/d1/ts_archive/datasets,entropy,6,0,32,/data/d1/ts_archive/results/492412552823949607/558e9cc04fe04a36b687f7ba049494a5/artifacts,64,0.01,1234,XRF,0.001,15786,2,3,NVIDIA GeForce RTX 4090,12413,20,0.1,main.py,ANON1,conda,PROJECT,2ba81db4ea05c65817b596ef2f113e084de3fbd8,file:///home/ANON1/repos/TS_Archive-1#ts_archive_experiments,https://github.com/ANON2/TS_Archive.git,local,unique-croc-523
7caf196843174fd4820b0bfa311c8db6,492412552823949607,FINISHED,/data/d1/ts_archive/results/492412552823949607/7caf196843174fd4820b0bfa311c8db6/artifacts,2026-01-05 06:03:33.686000+00:00,2026-01-05 06:08:05.562000+00:00,0.7357842400670052,0.00016160426972699433,316.09073526997685,0.01666895973497652,0.8994556255455343,0.8270198209634569,253.39829151704907,75.8937736733481,0.9183064012086598,0.8607441393840104,0.8901822973863387,2.533982915170491,,268982.0,31609.073526997683,2994835.0,0.8901822973863387,200,8,LSTMFCN,0.5,,False,8,9,WISDM,0,sktime 0.39.0,100,100,/data/d1/ts_archive/datasets,entropy,6,0,32,/data/d1/ts_archive/results/492412552823949607/7caf196843174fd4820b0bfa311c8db6/artifacts,64,0.01,1234,XRF,0.001,15904,1,3,NVIDIA GeForce RTX 4090,11351,20,0.1,main.py,ANON1,conda,PROJECT,2ba81db4ea05c65817b596ef2f113e084de3fbd8,file:///home/ANON1/repos/TS_Archive-1#ts_archive_experiments,https://github.com/ANON2/TS_Archive.git,local,rebellious-hare-770
ce0c91b14afa4a49b0e33e2a5fadf2b6,492412552823949607,FINISHED,/data/d1/ts_archive/results/492412552823949607/ce0c91b14afa4a49b0e33e2a5fadf2b6/artifacts,2026-01-05 05:59:22.846000+00:00,2026-01-05 06:03:32.062000+00:00,0.6175550501793623,0.00011928820749070162,290.3814798050196,0.01415621593342599,0.8229316260230893,0.5273639139919516,231.10737878270447,73.28672988734635,0.8203009403463293,0.5303363346956972,0.829244736333784,2.311073787827045,,268982.0,29038.147980501955,2992360.0,0.829244736333784,200,8,LSTMFCN,0.5,,False,8,9,WISDM,0,sktime 0.39.0,100,100,/data/d1/ts_archive/datasets,entropy,6,0,32,/data/d1/ts_archive/results/492412552823949607/ce0c91b14afa4a49b0e33e2a5fadf2b6/artifacts,64,0.01,1234,XRF,0.001,15967,0,3,NVIDIA GeForce RTX 4090,10790,20,0.1,main.py,ANON1,conda,PROJECT,2ba81db4ea05c65817b596ef2f113e084de3fbd8,file:///home/ANON1/repos/TS_Archive-1#ts_archive_experiments,https://github.com/ANON2/TS_Archive.git,local,monumental-squid-223
0a7b91045ee1402785c662ab14094e59,492412552823949607,FINISHED,/data/d1/ts_archive/results/492412552823949607/0a7b91045ee1402785c662ab14094e59/artifacts,2026-01-05 05:53:02.270000+00:00,2026-01-05 05:59:20.651000+00:00,1.3955866638571024,0.00041375234623691146,357.8487408030492,0.05011020180741471,0.8994271856115307,0.634336715077185,356.48490880802274,169.02171069640983,0.919859689259783,0.8198735998127205,0.888526534242514,3.5648490880802273,,492870.0,35784.87408030492,5491155.0,0.888526534242514,200,8,InceptionTime,0.5,,False,8,9,WISDM,0,sktime 0.39.0,100,100,/data/d1/ts_archive/datasets,entropy,6,0,32,/data/d1/ts_archive/results/492412552823949607/0a7b91045ee1402785c662ab14094e59/artifacts,64,0.01,1234,XRF,0.001,15786,2,3,NVIDIA GeForce RTX 4090,12413,20,0.1,main.py,ANON1,conda,PROJECT,2ba81db4ea05c65817b596ef2f113e084de3fbd8,file:///home/ANON1/repos/TS_Archive-1#ts_archive_experiments,https://github.com/ANON2/TS_Archive.git,local,legendary-tern-98
4be60fd6145f45599effde360db29694,492412552823949607,FINISHED,/data/d1/ts_archive/results/492412552823949607/4be60fd6145f45599effde360db29694/artifacts,2026-01-05 05:47:15.478000+00:00,2026-01-05 05:53:00.714000+00:00,1.5514164213091135,0.00034074597437054984,328.6331344853604,0.04093793793142103,0.9034600259632479,0.6626655808460282,325.5870921704918,186.39043140175997,0.9229127509298312,0.863062540612823,0.8941357346804305,3.255870921704918,,492870.0,32863.31344853604,5475692.0,0.8941357346804305,200,8,InceptionTime,0.5,,False,8,9,WISDM,0,sktime 0.39.0,100,100,/data/d1/ts_archive/datasets,entropy,6,0,32,/data/d1/ts_archive/results/492412552823949607/4be60fd6145f45599effde360db29694/artifacts,64,0.01,1234,XRF,0.001,15904,1,3,NVIDIA GeForce RTX 4090,11351,20,0.1,main.py,ANON1,conda,PROJECT,2ba81db4ea05c65817b596ef2f113e084de3fbd8,file:///home/ANON1/repos/TS_Archive-1#ts_archive_experiments,https://github.com/ANON2/TS_Archive.git,local,respected-yak-107
8bb8322bfbad4cd08ace8806fa0d0c0c,492412552823949607,FINISHED,/data/d1/ts_archive/results/492412552823949607/8bb8322bfbad4cd08ace8806fa0d0c0c/artifacts,2026-01-05 05:41:45.807000+00:00,2026-01-05 05:47:13.654000+00:00,1.362907713279128,0.0002632620655358563,313.49942343916916,0.035594317608360126,0.8395510356596111,0.539718434986563,308.60747204348445,184.27178225848039,0.8345292998473375,0.5402392899579047,0.8475951323160131,3.0860747204348447,,492870.0,31349.94234391692,5495497.0,0.8475951323160131,200,8,InceptionTime,0.5,,False,8,9,WISDM,0,sktime 0.39.0,100,100,/data/d1/ts_archive/datasets,entropy,6,0,32,/data/d1/ts_archive/results/492412552823949607/8bb8322bfbad4cd08ace8806fa0d0c0c/artifacts,64,0.01,1234,XRF,0.001,15967,0,3,NVIDIA GeForce RTX 4090,10790,20,0.1,main.py,ANON1,conda,PROJECT,2ba81db4ea05c65817b596ef2f113e084de3fbd8,file:///home/ANON1/repos/TS_Archive-1#ts_archive_experiments,https://github.com/ANON2/TS_Archive.git,local,dapper-newt-747
c4f64cecda1e4f0b84fec42df64dee64,492412552823949607,FINISHED,/data/d1/ts_archive/results/492412552823949607/c4f64cecda1e4f0b84fec42df64dee64/artifacts,2026-01-05 05:40:17.323000+00:00,2026-01-05 05:41:43.550000+00:00,0.6086830850690603,0.00018045748149097548,80.4337657886556,0.022342395804592085,0.8946840495981669,0.6366555398158984,67.4709454998374,75.3609010488891,0.9189374912788448,0.8305978345703571,0.88170767862437,0.674709454998374,,268550.0,8043.37657886556,2980028.0,0.88170767862437,200,8,FCN,0.5,,False,8,9,WISDM,0,sktime 0.39.0,100,100,/data/d1/ts_archive/datasets,entropy,6,0,32,/data/d1/ts_archive/results/492412552823949607/c4f64cecda1e4f0b84fec42df64dee64/artifacts,64,0.01,1234,XRF,0.001,15786,2,3,NVIDIA GeForce RTX 4090,12413,20,0.1,main.py,ANON1,conda,PROJECT,2ba81db4ea05c65817b596ef2f113e084de3fbd8,file:///home/ANON1/repos/TS_Archive-1#ts_archive_experiments,https://github.com/ANON2/TS_Archive.git,local,masked-shad-557
a195cfe0ccb44a33ae23ca79fe849bd8,492412552823949607,FINISHED,/data/d1/ts_archive/results/492412552823949607/a195cfe0ccb44a33ae23ca79fe849bd8/artifacts,2026-01-05 05:38:53.901000+00:00,2026-01-05 05:40:15.865000+00:00,0.6372001301497221,0.00013995170879633695,75.55906563589801,0.01827702962873083,0.8992854115885983,0.8292571153809408,63.18732197955251,83.21531589961147,0.9141972092263103,0.8598812935987841,0.89171974522293,0.631873219795525,,268550.0,7555.9065635898005,2983448.0,0.89171974522293,200,8,FCN,0.5,,False,8,9,WISDM,0,sktime 0.39.0,100,100,/data/d1/ts_archive/datasets,entropy,6,0,32,/data/d1/ts_archive/results/492412552823949607/a195cfe0ccb44a33ae23ca79fe849bd8/artifacts,64,0.01,1234,XRF,0.001,15904,1,3,NVIDIA GeForce RTX 4090,11351,20,0.1,main.py,ANON1,conda,PROJECT,2ba81db4ea05c65817b596ef2f113e084de3fbd8,file:///home/ANON1/repos/TS_Archive-1#ts_archive_experiments,https://github.com/ANON2/TS_Archive.git,local,smiling-squirrel-873
9589ecbaed0345229aa31ae14367b697,492412552823949607,FINISHED,/data/d1/ts_archive/results/492412552823949607/9589ecbaed0345229aa31ae14367b697/artifacts,2026-01-05 05:37:26.479000+00:00,2026-01-05 05:38:52.136000+00:00,0.7132731508463621,0.00013777731327918914,67.2141076480836,0.016378834270881593,0.8051722006904124,0.5081717589701874,56.13267789594829,84.793225020354,0.8042829843835617,0.5128764986182628,0.8105080162256133,0.5613267789594829,,268550.0,6721.41076480836,2986209.0,0.8105080162256133,200,8,FCN,0.5,,False,8,9,WISDM,0,sktime 0.39.0,100,100,/data/d1/ts_archive/datasets,entropy,6,0,32,/data/d1/ts_archive/results/492412552823949607/9589ecbaed0345229aa31ae14367b697/artifacts,64,0.01,1234,XRF,0.001,15967,0,3,NVIDIA GeForce RTX 4090,10790,20,0.1,main.py,ANON1,conda,PROJECT,2ba81db4ea05c65817b596ef2f113e084de3fbd8,file:///home/ANON1/repos/TS_Archive-1#ts_archive_experiments,https://github.com/ANON2/TS_Archive.git,local,aged-frog-94
871577ae900542d8aea54ecfe851691d,492412552823949607,FINISHED,/data/d1/ts_archive/results/492412552823949607/871577ae900542d8aea54ecfe851691d/artifacts,2026-01-05 05:35:15.176000+00:00,2026-01-05 05:37:23.747000+00:00,0.154703913256526,4.586537600252772e-05,173.68060972478037,0.005171119609408411,0.8963923272316258,0.6395990255618109,117.34372368827462,17.44218644253457,0.9123265585285933,0.8258391146356454,0.8873406463089238,1.1734372368827461,0.9091306827340321,36414.0,17368.060972478037,563129.0,0.8873406463089238,200,8,ConvTran,0.5,,False,8,9,WISDM,0,PyTorch 2.9.0+cu128,100,100,/data/d1/ts_archive/datasets,entropy,6,0,32,/data/d1/ts_archive/results/492412552823949607/871577ae900542d8aea54ecfe851691d/artifacts,64,0.01,1234,XRF,0.001,15786,2,3,NVIDIA GeForce RTX 4090,12413,20,0.1,main.py,ANON1,conda,PROJECT,2ba81db4ea05c65817b596ef2f113e084de3fbd8,file:///home/ANON1/repos/TS_Archive-1#ts_archive_experiments,https://github.com/ANON2/TS_Archive.git,local,resilient-cat-932
4563e127141f4b0194fb0631b8af3549,492412552823949607,FINISHED,/data/d1/ts_archive/results/492412552823949607/4563e127141f4b0194fb0631b8af3549/artifacts,2026-01-05 05:33:18.853000+00:00,2026-01-05 05:35:13.515000+00:00,0.1552387792617082,3.4095932190140175e-05,158.46465598246442,0.003697579593085394,0.8840035717456359,0.8162628681031352,103.65445504523814,16.8350798873178,0.9043423786083581,0.8445631858996432,0.8794201625301998,1.0365445504523814,0.5130105447355481,36414.0,15846.465598246441,563129.0,0.8794201625301998,200,8,ConvTran,0.5,,False,8,9,WISDM,0,PyTorch 2.9.0+cu128,100,100,/data/d1/ts_archive/datasets,entropy,6,0,32,/data/d1/ts_archive/results/492412552823949607/4563e127141f4b0194fb0631b8af3549/artifacts,64,0.01,1234,XRF,0.001,15904,1,3,NVIDIA GeForce RTX 4090,11351,20,0.1,main.py,ANON1,conda,PROJECT,2ba81db4ea05c65817b596ef2f113e084de3fbd8,file:///home/ANON1/repos/TS_Archive-1#ts_archive_experiments,https://github.com/ANON2/TS_Archive.git,local,crawling-grub-148
6c116cb7707a4b14b8b01f586489cfd8,492412552823949607,FINISHED,/data/d1/ts_archive/results/492412552823949607/6c116cb7707a4b14b8b01f586489cfd8/artifacts,2026-01-05 05:31:21.834000+00:00,2026-01-05 05:33:17.106000+00:00,0.1731486264616251,3.344574588789359e-05,152.0858064706092,0.004864845826452395,0.8824482592329107,0.664326785195665,102.90378288179636,25.185306843544048,0.8825173149639118,0.7123956538450315,0.8929882171141588,1.0290378288179636,0.7244450640374454,36414.0,15208.58064706092,563129.0,0.8929882171141588,200,8,ConvTran,0.5,,False,8,9,WISDM,0,PyTorch 2.9.0+cu128,100,100,/data/d1/ts_archive/datasets,entropy,6,0,32,/data/d1/ts_archive/results/492412552823949607/6c116cb7707a4b14b8b01f586489cfd8/artifacts,64,0.01,1234,XRF,0.001,15967,0,3,NVIDIA GeForce RTX 4090,10790,20,0.1,main.py,ANON1,conda,PROJECT,2ba81db4ea05c65817b596ef2f113e084de3fbd8,file:///home/ANON1/repos/TS_Archive-1#ts_archive_experiments,https://github.com/ANON2/TS_Archive.git,local,clean-grouse-386

