run_id,experiment_id,status,artifact_uri,start_time,end_time,metrics.energy_per_sample,metrics.phydra_n_ft_post_pruning,metrics.file_size,metrics.phydra_n_ft_pre_prune,metrics.bal_acc,metrics.infer_energy_total,metrics.phydra_n_par_post_prune,metrics.macro_f1,metrics.micro_f1,metrics.parameters,metrics.weighted_f1,metrics.precision,metrics.infer_time_total,metrics.train_energy_total,metrics.accuracy,metrics.time_per_sample,metrics.train_time_total,metrics.train_energy_per_epoch,metrics.train_time_per_epoch,metrics.phydra_n_par_pre_prune,metrics.pquant_n_ft_pre_prune,metrics.pquant_n_par_pre_prune,metrics.pquant_n_par_post_prune,metrics.pquant_n_ft_post_prune,metrics.hydrant_n_qft_pre_prune,metrics.hydrant_n_par_post_prune,metrics.hydrant_n_qft_post_prune,metrics.hydrant_n_par_pre_prune,metrics.hydrant_n_hft_pre_prune,metrics.hydrant_n_ft_post_prune,metrics.hydrant_n_hft_post_prune,metrics.hydrant_n_ft_pre_prune,params.num_groups,params.n_train_samples,params.use_pretrained,params.n_samples,params.gpu,params.model,params.classifier,params.datadir,params.seed,params.dataset,params.max_depth,params.n_labels,params.kernel_length,params.num_estimators,params.prune_rate,params.criterion,params.num_kernels_per_group,params.length,params.fold,params.lr,params.software,params.n_epochs,params.measure_power_secs,params.max_num_channels,params.max_features,params.discard_model,params.architecture,params.dropout,params.batch_size,params.n_channels,params.output_dir,params.hydra_subbatch,tags.mlflow.source.git.repoURL,tags.mlflow.user,tags.mlflow.runName,tags.mlflow.source.git.commit,tags.mlflow.source.name,tags.mlflow.source.type,tags.mlflow.project.entryPoint,tags.mlflow.project.env,tags.mlflow.project.backend
d93570e004be4dd8b3cce5f8f061399e,441869507881142858,FINISHED,/data/d1/ts_archive/results/441869507881142858/d93570e004be4dd8b3cce5f8f061399e/artifacts,2026-01-01 05:36:11.997000+00:00,2026-01-01 10:03:41.449000+00:00,0.005017709021411967,384.0,77391.0,2048.0,0.4408303861529804,59693.65707329352,16298.0,0.17181875878774283,0.5253757461378028,16298.0,0.6478389303139142,0.9085941801220402,269.02856681495905,3659610.5188480243,0.5253757461378028,2.2613911308323747e-05,15756.214251294732,36596.105188480244,157.56214251294733,83690.0,,,,,,,,,,,,,64,47372227,,59268823,-1,Hydra,XRF,/data/d1/ts_archive/datasets,1234,S2Agri-34,20,34,9,200,0.8,entropy,8,24,2,0.001,PyTorch 2.9.0+cu128,100,0.5,8,0.1,False,13th Gen Intel(R) Core(TM) i9-13900K,0.01,32,10,/data/d1/ts_archive/results/441869507881142858/d93570e004be4dd8b3cce5f8f061399e/artifacts,,https://github.com/ANON2/TS_Archive.git,ANON1,dapper-dove-344,2ba81db4ea05c65817b596ef2f113e084de3fbd8,file:///home/ANON1/repos/TS_Archive-1#ts_archive_experiments,PROJECT,main.py,conda,local
027540acb28b4702b856b09d8b9144a1,441869507881142858,FINISHED,/data/d1/ts_archive/results/441869507881142858/027540acb28b4702b856b09d8b9144a1/artifacts,2026-01-01 01:57:35.071000+00:00,2026-01-01 05:36:10.340000+00:00,0.013981948459837499,,346701.0,,0.5303310874369147,166337.59211950895,,0.21696204147425052,0.6607095004318883,83690.0,0.7581757748790351,0.9276458379975867,704.8016913104802,2941377.88497516,0.6607095004318883,5.924397964850452e-05,12386.223988290876,29413.7788497516,123.86223988290877,,,,,,,,,,,,,,64,47372227,,59268823,-1,Hydra,XRF,/data/d1/ts_archive/datasets,1234,S2Agri-34,20,34,9,200,0.0,entropy,8,24,2,0.001,PyTorch 2.9.0+cu128,100,0.5,8,0.1,False,13th Gen Intel(R) Core(TM) i9-13900K,0.01,32,10,/data/d1/ts_archive/results/441869507881142858/027540acb28b4702b856b09d8b9144a1/artifacts,,https://github.com/ANON2/TS_Archive.git,ANON1,rumbling-shrew-820,2ba81db4ea05c65817b596ef2f113e084de3fbd8,file:///home/ANON1/repos/TS_Archive-1#ts_archive_experiments,PROJECT,main.py,conda,local
24b23345946242f29fadeaa90ae1f6c2,441869507881142858,FINISHED,/data/d1/ts_archive/results/441869507881142858/24b23345946242f29fadeaa90ae1f6c2/artifacts,2026-01-01 01:21:28.767000+00:00,2026-01-01 01:57:32.060000+00:00,0.005064220394797662,,3059965591.0,,0.23992507983813183,60246.98409186828,,0.27139083779841033,0.9295038681653138,9105597.0,0.9166352210388016,0.9279078265642522,424.0684716124088,235297.877554278,0.9295038681653138,3.564620262908893e-05,1711.303795794025,2352.97877554278,17.11303795794025,,2120.0,7760639.0,9105597.0,390.0,,,,,,,,,64,47372227,,59268823,-1,Quant,XRF,/data/d1/ts_archive/datasets,1234,S2Agri-34,20,34,9,200,0.8,entropy,8,24,2,0.001,PyTorch 2.9.0+cu128,100,0.5,8,0.1,False,13th Gen Intel(R) Core(TM) i9-13900K,0.01,65536,10,/data/d1/ts_archive/results/441869507881142858/24b23345946242f29fadeaa90ae1f6c2/artifacts,,https://github.com/ANON2/TS_Archive.git,ANON1,caring-fish-657,2ba81db4ea05c65817b596ef2f113e084de3fbd8,file:///home/ANON1/repos/TS_Archive-1#ts_archive_experiments,PROJECT,main.py,conda,local
fdf0b4e0a28e4080998228f8365a29a0,441869507881142858,FINISHED,/data/d1/ts_archive/results/441869507881142858/fdf0b4e0a28e4080998228f8365a29a0/artifacts,2026-01-01 00:46:42.001000+00:00,2026-01-01 01:21:26.883000+00:00,0.00893453531581884,,2538298045.0,,0.23627830082589812,106290.55710002915,,0.26641606537211926,0.9301373266773117,7553017.0,0.9172449788524694,0.9285557444478726,635.446158291772,192261.41685158724,0.9301373266773117,5.3414115961555056e-05,1422.3129970394075,1922.6141685158725,14.223129970394075,,,,,,,,,,,,,,64,47372227,,59268823,-1,Quant,XRF,/data/d1/ts_archive/datasets,1234,S2Agri-34,20,34,9,200,0.0,entropy,8,24,2,0.001,PyTorch 2.9.0+cu128,100,0.5,8,0.1,False,13th Gen Intel(R) Core(TM) i9-13900K,0.01,65536,10,/data/d1/ts_archive/results/441869507881142858/fdf0b4e0a28e4080998228f8365a29a0/artifacts,,https://github.com/ANON2/TS_Archive.git,ANON1,nebulous-pug-566,2ba81db4ea05c65817b596ef2f113e084de3fbd8,file:///home/ANON1/repos/TS_Archive-1#ts_archive_experiments,PROJECT,main.py,conda,local
3a08c21dd8c240bb9479043e94648cf5,441869507881142858,FINISHED,/data/d1/ts_archive/results/441869507881142858/3a08c21dd8c240bb9479043e94648cf5/artifacts,2025-12-31 22:54:13.107000+00:00,2026-01-01 00:46:38.775000+00:00,0.00945993232882201,,3368307062.0,,0.19092625510934225,112540.99310333461,,0.2079831749910356,0.9188718352711985,10023231.0,0.9042045436770547,0.9193274825046271,658.4867161419243,1004562.5893504146,0.9188718352711985,5.5350851297457214e-05,6058.73445754312,10045.625893504146,60.587344575431196,,,,,,2120.0,10023231.0,570.0,7261343.0,2048.0,954.0,384.0,4168.0,64,47372227,,59268823,-1,Hydrant,XRF,/data/d1/ts_archive/datasets,1234,S2Agri-34,20,34,9,200,0.8,entropy,8,24,2,0.001,PyTorch 2.9.0+cu128,100,0.5,8,0.1,False,13th Gen Intel(R) Core(TM) i9-13900K,0.01,65536,10,/data/d1/ts_archive/results/441869507881142858/3a08c21dd8c240bb9479043e94648cf5/artifacts,4,https://github.com/ANON2/TS_Archive.git,ANON1,traveling-cub-317,2ba81db4ea05c65817b596ef2f113e084de3fbd8,file:///home/ANON1/repos/TS_Archive-1#ts_archive_experiments,PROJECT,main.py,conda,local
bc2cf43a0a564c6eb098cca8c11dea4a,441869507881142858,FINISHED,/data/d1/ts_archive/results/441869507881142858/bc2cf43a0a564c6eb098cca8c11dea4a/artifacts,2025-12-31 21:14:45.971000+00:00,2025-12-31 22:54:11.370000+00:00,0.020015281415768547,,2440341565.0,,0.22712732209415884,238113.71682970642,,0.2542237860455433,0.9285291355611303,7261343.0,0.9151390666944079,0.9272906157935675,1212.2135965414343,774732.6061582097,0.9285291355611303,0.00010189583613173334,4726.394473055378,7747.326061582097,47.263944730553774,,,,,,,,,,,,,,64,47372227,,59268823,-1,Hydrant,XRF,/data/d1/ts_archive/datasets,1234,S2Agri-34,20,34,9,200,0.0,entropy,8,24,2,0.001,PyTorch 2.9.0+cu128,100,0.5,8,0.1,False,13th Gen Intel(R) Core(TM) i9-13900K,0.01,65536,10,/data/d1/ts_archive/results/441869507881142858/bc2cf43a0a564c6eb098cca8c11dea4a/artifacts,4,https://github.com/ANON2/TS_Archive.git,ANON1,bedecked-bass-280,2ba81db4ea05c65817b596ef2f113e084de3fbd8,file:///home/ANON1/repos/TS_Archive-1#ts_archive_experiments,PROJECT,main.py,conda,local
da57e52c47ce4c969338ddb1ece061d4,441869507881142858,FINISHED,/data/d1/ts_archive/results/441869507881142858/da57e52c47ce4c969338ddb1ece061d4/artifacts,2025-12-31 16:42:51.712000+00:00,2025-12-31 21:14:43.028000+00:00,0.005081819870185245,384.0,77391.0,2048.0,0.3765070735214352,60107.59264267549,16298.0,0.17468447891506517,0.5284938255656129,16298.0,0.6487798324553643,0.9097324868769876,272.4106697756797,3701989.8868020945,0.5284938255656129,2.3031066353731463e-05,16014.215968433768,37019.898868020944,160.14215968433768,83690.0,,,,,,,,,,,,,64,47440857,,59268823,-1,Hydra,XRF,/data/d1/ts_archive/datasets,1234,S2Agri-34,20,34,9,200,0.8,entropy,8,24,1,0.001,PyTorch 2.9.0+cu128,100,0.5,8,0.1,False,13th Gen Intel(R) Core(TM) i9-13900K,0.01,32,10,/data/d1/ts_archive/results/441869507881142858/da57e52c47ce4c969338ddb1ece061d4/artifacts,,https://github.com/ANON2/TS_Archive.git,ANON1,silent-bug-22,2ba81db4ea05c65817b596ef2f113e084de3fbd8,file:///home/ANON1/repos/TS_Archive-1#ts_archive_experiments,PROJECT,main.py,conda,local
5aa7a2a861234cf98e8129931dd94bf0,441869507881142858,FINISHED,/data/d1/ts_archive/results/441869507881142858/5aa7a2a861234cf98e8129931dd94bf0/artifacts,2025-12-31 13:04:24.314000+00:00,2025-12-31 16:42:50.020000+00:00,0.013624349647180857,,346701.0,,0.4840323043520273,161148.34439896717,,0.22160924848331703,0.6573255283283702,83690.0,0.7557300364722486,0.9285357846106672,680.3433881085366,2945630.253255187,0.6573255283283702,5.7519897174927337e-05,12400.69330522418,29456.302532551872,124.0069330522418,,,,,,,,,,,,,,64,47440857,,59268823,-1,Hydra,XRF,/data/d1/ts_archive/datasets,1234,S2Agri-34,20,34,9,200,0.0,entropy,8,24,1,0.001,PyTorch 2.9.0+cu128,100,0.5,8,0.1,False,13th Gen Intel(R) Core(TM) i9-13900K,0.01,32,10,/data/d1/ts_archive/results/441869507881142858/5aa7a2a861234cf98e8129931dd94bf0/artifacts,,https://github.com/ANON2/TS_Archive.git,ANON1,polite-koi-881,2ba81db4ea05c65817b596ef2f113e084de3fbd8,file:///home/ANON1/repos/TS_Archive-1#ts_archive_experiments,PROJECT,main.py,conda,local
be2aa453e69a41a3a35a821bafbb3028,441869507881142858,FINISHED,/data/d1/ts_archive/results/441869507881142858/be2aa453e69a41a3a35a821bafbb3028/artifacts,2025-12-31 12:28:23.849000+00:00,2025-12-31 13:04:21.160000+00:00,0.005082416965340678,,3087105975.0,,0.22642970549515123,60114.65506387272,,0.2572542279216688,0.9312815068964521,9186370.0,0.9185599515369183,0.9299062341052599,423.9502040743828,234661.5878070229,0.9312815068964521,3.5843035402230845e-05,1705.6238657981155,2346.615878070229,17.056238657981154,,2120.0,7821706.0,9186370.0,390.0,,,,,,,,,64,47440857,,59268823,-1,Quant,XRF,/data/d1/ts_archive/datasets,1234,S2Agri-34,20,34,9,200,0.8,entropy,8,24,1,0.001,PyTorch 2.9.0+cu128,100,0.5,8,0.1,False,13th Gen Intel(R) Core(TM) i9-13900K,0.01,65536,10,/data/d1/ts_archive/results/441869507881142858/be2aa453e69a41a3a35a821bafbb3028/artifacts,,https://github.com/ANON2/TS_Archive.git,ANON1,sincere-gull-101,2ba81db4ea05c65817b596ef2f113e084de3fbd8,file:///home/ANON1/repos/TS_Archive-1#ts_archive_experiments,PROJECT,main.py,conda,local
fa0c67a1eff8489a919b5fc6ce4bb011,441869507881142858,FINISHED,/data/d1/ts_archive/results/441869507881142858/fa0c67a1eff8489a919b5fc6ce4bb011/artifacts,2025-12-31 11:53:35.612000+00:00,2025-12-31 12:28:21.975000+00:00,0.008949076552111903,,2556330141.0,,0.22446030757162083,105849.37318977683,,0.25491837786985466,0.9318542173692417,7606682.0,0.9191263906320363,0.9310615602379908,634.828946787864,192751.70276661517,0.9318542173692417,5.3671860976592594e-05,1425.1440022978932,1927.5170276661518,14.251440022978931,,,,,,,,,,,,,,64,47440857,,59268823,-1,Quant,XRF,/data/d1/ts_archive/datasets,1234,S2Agri-34,20,34,9,200,0.0,entropy,8,24,1,0.001,PyTorch 2.9.0+cu128,100,0.5,8,0.1,False,13th Gen Intel(R) Core(TM) i9-13900K,0.01,65536,10,/data/d1/ts_archive/results/441869507881142858/fa0c67a1eff8489a919b5fc6ce4bb011/artifacts,,https://github.com/ANON2/TS_Archive.git,ANON1,bedecked-ox-893,2ba81db4ea05c65817b596ef2f113e084de3fbd8,file:///home/ANON1/repos/TS_Archive-1#ts_archive_experiments,PROJECT,main.py,conda,local
bf19482c7fe44d9e807a325ed6c3342b,441869507881142858,FINISHED,/data/d1/ts_archive/results/441869507881142858/bf19482c7fe44d9e807a325ed6c3342b/artifacts,2025-12-31 10:01:30.170000+00:00,2025-12-31 11:53:32.777000+00:00,0.009551233279760978,,3393306454.0,,0.18524599981774106,112971.66249108133,,0.20346648314817267,0.9203544379481645,10097632.0,0.9056853586962414,0.9219359964255894,655.4900288358331,1004308.0104755613,0.9203544379481645,5.541866021899565e-05,6037.414598166943,10043.080104755612,60.37414598166943,,,,,,2120.0,10097632.0,580.0,7319746.0,2048.0,964.0,384.0,4168.0,64,47440857,,59268823,-1,Hydrant,XRF,/data/d1/ts_archive/datasets,1234,S2Agri-34,20,34,9,200,0.8,entropy,8,24,1,0.001,PyTorch 2.9.0+cu128,100,0.5,8,0.1,False,13th Gen Intel(R) Core(TM) i9-13900K,0.01,65536,10,/data/d1/ts_archive/results/441869507881142858/bf19482c7fe44d9e807a325ed6c3342b/artifacts,4,https://github.com/ANON2/TS_Archive.git,ANON1,invincible-shoat-487,2ba81db4ea05c65817b596ef2f113e084de3fbd8,file:///home/ANON1/repos/TS_Archive-1#ts_archive_experiments,PROJECT,main.py,conda,local
52fbe2e2557f4b7eb69db2726f904d6c,441869507881142858,FINISHED,/data/d1/ts_archive/results/441869507881142858/52fbe2e2557f4b7eb69db2726f904d6c/artifacts,2025-12-31 08:22:18.613000+00:00,2025-12-31 10:01:27.632000+00:00,0.019925533773484105,,2459965629.0,,0.21508112577740987,235678.5360046217,,0.24162151605826,0.9302052440800049,7319746.0,0.9169431036758047,0.9293619474546941,1195.260657183826,772529.4962571082,0.9302052440800049,0.00010105377857729943,4725.178826821968,7725.294962571082,47.25178826821968,,,,,,,,,,,,,,64,47440857,,59268823,-1,Hydrant,XRF,/data/d1/ts_archive/datasets,1234,S2Agri-34,20,34,9,200,0.0,entropy,8,24,1,0.001,PyTorch 2.9.0+cu128,100,0.5,8,0.1,False,13th Gen Intel(R) Core(TM) i9-13900K,0.01,65536,10,/data/d1/ts_archive/results/441869507881142858/52fbe2e2557f4b7eb69db2726f904d6c/artifacts,4,https://github.com/ANON2/TS_Archive.git,ANON1,sedate-auk-588,2ba81db4ea05c65817b596ef2f113e084de3fbd8,file:///home/ANON1/repos/TS_Archive-1#ts_archive_experiments,PROJECT,main.py,conda,local
79fd18160d5347d8b431fea6cb2136d8,441869507881142858,FINISHED,/data/d1/ts_archive/results/441869507881142858/79fd18160d5347d8b431fea6cb2136d8/artifacts,2025-12-31 03:55:31.527000+00:00,2025-12-31 08:22:15.700000+00:00,0.004905419112699759,384.0,77391.0,2048.0,0.43523383117223813,58571.052490392125,16298.0,0.17160837132459517,0.5079958904766981,16298.0,0.6317370326893696,0.9082526162039664,263.7581405490637,3643084.0653851316,0.5079958904766981,2.209016517146872e-05,15716.002923360094,36430.840653851315,157.16002923360094,83690.0,,,,,,,,,,,,,64,47328752,,59268823,-1,Hydra,XRF,/data/d1/ts_archive/datasets,1234,S2Agri-34,20,34,9,200,0.8,entropy,8,24,0,0.001,PyTorch 2.9.0+cu128,100,0.5,8,0.1,False,13th Gen Intel(R) Core(TM) i9-13900K,0.01,32,10,/data/d1/ts_archive/results/441869507881142858/79fd18160d5347d8b431fea6cb2136d8/artifacts,,https://github.com/ANON2/TS_Archive.git,ANON1,wistful-squid-83,2ba81db4ea05c65817b596ef2f113e084de3fbd8,file:///home/ANON1/repos/TS_Archive-1#ts_archive_experiments,PROJECT,main.py,conda,local
ccf3258a66094197bc421911d4a94d3c,441869507881142858,FINISHED,/data/d1/ts_archive/results/441869507881142858/ccf3258a66094197bc421911d4a94d3c/artifacts,2025-12-31 00:14:09.232000+00:00,2025-12-31 03:55:29.793000+00:00,0.013891193551205746,,346701.0,,0.526920862176146,165861.83727613874,,0.2259538602082547,0.6545875648478138,83690.0,0.7535456119930467,0.9275020439719688,702.9858739990741,2970087.2374151857,0.6545875648478138,5.8876188759604034e-05,12552.757155023515,29700.872374151855,125.52757155023515,,,,,,,,,,,,,,64,47328752,,59268823,-1,Hydra,XRF,/data/d1/ts_archive/datasets,1234,S2Agri-34,20,34,9,200,0.0,entropy,8,24,0,0.001,PyTorch 2.9.0+cu128,100,0.5,8,0.1,False,13th Gen Intel(R) Core(TM) i9-13900K,0.01,32,10,/data/d1/ts_archive/results/441869507881142858/ccf3258a66094197bc421911d4a94d3c/artifacts,,https://github.com/ANON2/TS_Archive.git,ANON1,popular-moth-941,2ba81db4ea05c65817b596ef2f113e084de3fbd8,file:///home/ANON1/repos/TS_Archive-1#ts_archive_experiments,PROJECT,main.py,conda,local
be2aa9a71d984da1b9f5a27683ad7eea,441869507881142858,FINISHED,/data/d1/ts_archive/results/441869507881142858/be2aa9a71d984da1b9f5a27683ad7eea/artifacts,2025-12-30 23:38:11.731000+00:00,2025-12-31 00:14:06.370000+00:00,0.005013660919681385,,3080192791.0,,0.22681060993274016,59863.46735092104,,0.25763939472581904,0.9308175805654757,9165797.0,0.9181570926393379,0.9287955955644317,424.3872595150024,233641.84218400874,0.9308175805654757,3.554311021391769e-05,1702.8320776075125,2336.4184218400874,17.028320776075123,,2120.0,7799965.0,9165797.0,390.0,,,,,,,,,64,47328752,,59268823,-1,Quant,XRF,/data/d1/ts_archive/datasets,1234,S2Agri-34,20,34,9,200,0.8,entropy,8,24,0,0.001,PyTorch 2.9.0+cu128,100,0.5,8,0.1,False,13th Gen Intel(R) Core(TM) i9-13900K,0.01,65536,10,/data/d1/ts_archive/results/441869507881142858/be2aa9a71d984da1b9f5a27683ad7eea/artifacts,,https://github.com/ANON2/TS_Archive.git,ANON1,dapper-slug-531,2ba81db4ea05c65817b596ef2f113e084de3fbd8,file:///home/ANON1/repos/TS_Archive-1#ts_archive_experiments,PROJECT,main.py,conda,local
914f2631dc464d868e6ba4636df615e4,441869507881142858,FINISHED,/data/d1/ts_archive/results/441869507881142858/914f2631dc464d868e6ba4636df615e4/artifacts,2025-12-30 23:03:22.005000+00:00,2025-12-30 23:38:10.009000+00:00,0.00883486358127517,,2548027261.0,,0.22259457064943158,105488.8984357398,,0.2531989221474961,0.9317615448015343,7581973.0,0.91923485434974,0.9300482888587793,637.5056800637394,192743.209034181,0.9317615448015343,5.3392118025407e-05,1423.5426589343697,1927.43209034181,14.235426589343696,,,,,,,,,,,,,,64,47328752,,59268823,-1,Quant,XRF,/data/d1/ts_archive/datasets,1234,S2Agri-34,20,34,9,200,0.0,entropy,8,24,0,0.001,PyTorch 2.9.0+cu128,100,0.5,8,0.1,False,13th Gen Intel(R) Core(TM) i9-13900K,0.01,65536,10,/data/d1/ts_archive/results/441869507881142858/914f2631dc464d868e6ba4636df615e4/artifacts,,https://github.com/ANON2/TS_Archive.git,ANON1,sneaky-wren-268,2ba81db4ea05c65817b596ef2f113e084de3fbd8,file:///home/ANON1/repos/TS_Archive-1#ts_archive_experiments,PROJECT,main.py,conda,local
1e31895409df4f45b09e1a6766cd253c,441869507881142858,FINISHED,/data/d1/ts_archive/results/441869507881142858/1e31895409df4f45b09e1a6766cd253c/artifacts,2025-12-30 21:13:11.713000+00:00,2025-12-30 23:03:18.741000+00:00,0.00948433282595936,,3398556470.0,,0.18377870644816646,113243.6073295854,,0.201936687103494,0.9198571767286811,10113259.0,0.905388778698273,0.9207642141859405,657.3930104058236,986958.1861854602,0.9198571767286811,5.505771367739971e-05,5919.995521979407,9869.581861854602,59.19995521979408,,,,,,2120.0,10113259.0,570.0,7297055.0,2048.0,954.0,384.0,4168.0,64,47328752,,59268823,-1,Hydrant,XRF,/data/d1/ts_archive/datasets,1234,S2Agri-34,20,34,9,200,0.8,entropy,8,24,0,0.001,PyTorch 2.9.0+cu128,100,0.5,8,0.1,False,13th Gen Intel(R) Core(TM) i9-13900K,0.01,65536,10,/data/d1/ts_archive/results/441869507881142858/1e31895409df4f45b09e1a6766cd253c/artifacts,4,https://github.com/ANON2/TS_Archive.git,ANON1,fun-stoat-485,2ba81db4ea05c65817b596ef2f113e084de3fbd8,file:///home/ANON1/repos/TS_Archive-1#ts_archive_experiments,PROJECT,main.py,conda,local
6ed58eb87b244e73bed015163f70544f,441869507881142858,FINISHED,/data/d1/ts_archive/results/441869507881142858/6ed58eb87b244e73bed015163f70544f/artifacts,2025-12-30 19:34:17.925000+00:00,2025-12-30 21:13:06.837000+00:00,0.019795319685196648,,2452340797.0,,0.21410842615245404,236357.52250894564,,0.24134565044943376,0.9301726095263587,7297055.0,0.9171621201506501,0.929042249467987,1207.83556833677,761791.4712866085,0.9301726095263587,0.00010115815629042491,4685.457335837185,7617.914712866085,46.85457335837185,,,,,,,,,,,,,,64,47328752,,59268823,-1,Hydrant,XRF,/data/d1/ts_archive/datasets,1234,S2Agri-34,20,34,9,200,0.0,entropy,8,24,0,0.001,PyTorch 2.9.0+cu128,100,0.5,8,0.1,False,13th Gen Intel(R) Core(TM) i9-13900K,0.01,65536,10,/data/d1/ts_archive/results/441869507881142858/6ed58eb87b244e73bed015163f70544f/artifacts,4,https://github.com/ANON2/TS_Archive.git,ANON1,skillful-mare-862,2ba81db4ea05c65817b596ef2f113e084de3fbd8,file:///home/ANON1/repos/TS_Archive-1#ts_archive_experiments,PROJECT,main.py,conda,local
ef06b9aa3a664cf48fa1c339abdf6b45,441869507881142858,FINISHED,/data/d1/ts_archive/results/441869507881142858/ef06b9aa3a664cf48fa1c339abdf6b45/artifacts,2025-12-30 15:06:23.777000+00:00,2025-12-30 19:34:14.823000+00:00,0.0050990646111257615,384.0,51155.0,2048.0,0.401831750357348,60661.51165646029,9719.0,0.3108489797626437,0.881744240117089,9719.0,0.8829125037326299,0.8901936247884734,275.78545659035444,3652029.392242608,0.881744240117089,2.3181879639382093e-05,15771.081986505538,36520.293922426084,157.71081986505538,48823.0,,,,,,,,,,,,,64,47372227,,59268823,-1,Hydra,XRF,/data/d1/ts_archive/datasets,1234,S2Agri-17,20,17,9,200,0.8,entropy,8,24,2,0.001,PyTorch 2.9.0+cu128,100,0.5,8,0.1,False,13th Gen Intel(R) Core(TM) i9-13900K,0.01,32,10,/data/d1/ts_archive/results/441869507881142858/ef06b9aa3a664cf48fa1c339abdf6b45/artifacts,,https://github.com/ANON2/TS_Archive.git,ANON1,rare-fish-297,2ba81db4ea05c65817b596ef2f113e084de3fbd8,file:///home/ANON1/repos/TS_Archive-1#ts_archive_experiments,PROJECT,main.py,conda,local
ff369e98243a453b851a007c1990d1f2,441869507881142858,FINISHED,/data/d1/ts_archive/results/441869507881142858/ff369e98243a453b851a007c1990d1f2/artifacts,2025-12-30 11:27:41.495000+00:00,2025-12-30 15:06:22.056000+00:00,0.01370316307704773,,207309.0,,0.5219308451549209,163020.99504975372,,0.3873619006338614,0.9150447741522029,48823.0,0.919796761746932,0.9276694785856484,690.0665575675666,2941762.3441187716,0.9150447741522029,5.8005378813197205e-05,12406.07546591945,29417.623441187716,124.0607546591945,,,,,,,,,,,,,,64,47372227,,59268823,-1,Hydra,XRF,/data/d1/ts_archive/datasets,1234,S2Agri-17,20,17,9,200,0.0,entropy,8,24,2,0.001,PyTorch 2.9.0+cu128,100,0.5,8,0.1,False,13th Gen Intel(R) Core(TM) i9-13900K,0.01,32,10,/data/d1/ts_archive/results/441869507881142858/ff369e98243a453b851a007c1990d1f2/artifacts,,https://github.com/ANON2/TS_Archive.git,ANON1,melodic-crane-79,2ba81db4ea05c65817b596ef2f113e084de3fbd8,file:///home/ANON1/repos/TS_Archive-1#ts_archive_experiments,PROJECT,main.py,conda,local
17a2e9614c8c41c28664b5a444a546e6,441869507881142858,FINISHED,/data/d1/ts_archive/results/441869507881142858/17a2e9614c8c41c28664b5a444a546e6/artifacts,2025-12-30 10:53:35.218000+00:00,2025-12-30 11:27:38.588000+00:00,0.004349497236998043,,1606905103.0,,0.29390827793142815,51744.211431681964,,0.32018791359153254,0.9365937954016427,8032535.0,0.9275317536084898,0.9363446609226482,307.76047756522894,239231.232091206,0.9365937954016427,2.5869625022588724e-05,1708.6560503393412,2392.31232091206,17.08656050339341,,2120.0,6919653.0,8032535.0,460.0,,,,,,,,,64,47372227,,59268823,-1,Quant,XRF,/data/d1/ts_archive/datasets,1234,S2Agri-17,20,17,9,200,0.8,entropy,8,24,2,0.001,PyTorch 2.9.0+cu128,100,0.5,8,0.1,False,13th Gen Intel(R) Core(TM) i9-13900K,0.01,65536,10,/data/d1/ts_archive/results/441869507881142858/17a2e9614c8c41c28664b5a444a546e6/artifacts,,https://github.com/ANON2/TS_Archive.git,ANON1,unruly-vole-642,2ba81db4ea05c65817b596ef2f113e084de3fbd8,file:///home/ANON1/repos/TS_Archive-1#ts_archive_experiments,PROJECT,main.py,conda,local
3645a4c357fe446cad6357e93db38ec3,441869507881142858,FINISHED,/data/d1/ts_archive/results/441869507881142858/3645a4c357fe446cad6357e93db38ec3/artifacts,2025-12-30 10:22:22.648000+00:00,2025-12-30 10:53:33.328000+00:00,0.008005614909072055,,1336470037.0,,0.29197014730457177,95239.56630480697,,0.3185961803785674,0.9372837406599334,6680363.0,0.9281912791091976,0.937179404196202,503.0178743600845,181036.5134906117,0.9372837406599334,4.2282504538280064e-05,1341.6741116251796,1810.365134906117,13.416741116251796,,,,,,,,,,,,,,64,47372227,,59268823,-1,Quant,XRF,/data/d1/ts_archive/datasets,1234,S2Agri-17,20,17,9,200,0.0,entropy,8,24,2,0.001,PyTorch 2.9.0+cu128,100,0.5,8,0.1,False,13th Gen Intel(R) Core(TM) i9-13900K,0.01,65536,10,/data/d1/ts_archive/results/441869507881142858/3645a4c357fe446cad6357e93db38ec3/artifacts,,https://github.com/ANON2/TS_Archive.git,ANON1,crawling-whale-835,2ba81db4ea05c65817b596ef2f113e084de3fbd8,file:///home/ANON1/repos/TS_Archive-1#ts_archive_experiments,PROJECT,main.py,conda,local
41e3e855ca7c43199d05694db5981d4b,441869507881142858,FINISHED,/data/d1/ts_archive/results/441869507881142858/41e3e855ca7c43199d05694db5981d4b/artifacts,2025-12-30 08:36:14.966000+00:00,2025-12-30 10:22:19.692000+00:00,0.008233951042064631,,1724286352.0,,0.26653898258700254,97955.98903122192,,0.2911432471601028,0.9269928137426874,8619359.0,0.916706846059878,0.9270882694741269,501.7533601615578,980993.0997386164,0.9269928137426874,4.217621243602437e-05,5835.624097248539,9809.930997386164,58.356240972485395,,,,,,2120.0,8619359.0,550.0,6440217.0,2048.0,934.0,384.0,4168.0,64,47372227,,59268823,-1,Hydrant,XRF,/data/d1/ts_archive/datasets,1234,S2Agri-17,20,17,9,200,0.8,entropy,8,24,2,0.001,PyTorch 2.9.0+cu128,100,0.5,8,0.1,False,13th Gen Intel(R) Core(TM) i9-13900K,0.01,65536,10,/data/d1/ts_archive/results/441869507881142858/41e3e855ca7c43199d05694db5981d4b/artifacts,4,https://github.com/ANON2/TS_Archive.git,ANON1,thundering-gull-62,2ba81db4ea05c65817b596ef2f113e084de3fbd8,file:///home/ANON1/repos/TS_Archive-1#ts_archive_experiments,PROJECT,main.py,conda,local
71f318fecb40488c9937786fb0765a4b,441869507881142858,FINISHED,/data/d1/ts_archive/results/441869507881142858/71f318fecb40488c9937786fb0765a4b/artifacts,2025-12-30 07:02:26.806000+00:00,2025-12-30 08:36:13.061000+00:00,0.018605071770763603,,1288475269.0,,0.28425939517061694,221337.02240777918,,0.3065011842087575,0.9356556278787647,6440217.0,0.9261957419702169,0.9354248878204517,1051.081023171544,743961.6444504078,0.9356556278787647,8.83514093587396e-05,4548.967512736097,7439.616444504079,45.48967512736097,,,,,,,,,,,,,,64,47372227,,59268823,-1,Hydrant,XRF,/data/d1/ts_archive/datasets,1234,S2Agri-17,20,17,9,200,0.0,entropy,8,24,2,0.001,PyTorch 2.9.0+cu128,100,0.5,8,0.1,False,13th Gen Intel(R) Core(TM) i9-13900K,0.01,65536,10,/data/d1/ts_archive/results/441869507881142858/71f318fecb40488c9937786fb0765a4b/artifacts,4,https://github.com/ANON2/TS_Archive.git,ANON1,selective-cow-901,2ba81db4ea05c65817b596ef2f113e084de3fbd8,file:///home/ANON1/repos/TS_Archive-1#ts_archive_experiments,PROJECT,main.py,conda,local
9c327b3dc98f478391ff83b1c2f03fa3,441869507881142858,FINISHED,/data/d1/ts_archive/results/441869507881142858/9c327b3dc98f478391ff83b1c2f03fa3/artifacts,2025-12-30 03:21:24.669000+00:00,2025-12-30 07:02:23.571000+00:00,0.004866185842119875,384.0,51153.0,2048.0,0.4036810935810276,57557.080690275245,9719.0,0.3227071223071261,0.8842008000361178,9719.0,0.8866863098032738,0.8960650808222751,258.61203275062144,3084656.705008385,0.8842008000361178,2.186445520308576e-05,12976.061693271622,30846.567050083846,129.76061693271623,48823.0,,,,,,,,,,,,,64,47440857,,59268823,-1,Hydra,XRF,/data/d1/ts_archive/datasets,1234,S2Agri-17,20,17,9,200,0.8,entropy,8,24,1,0.001,PyTorch 2.9.0+cu128,100,0.5,8,0.1,False,13th Gen Intel(R) Core(TM) i9-13900K,0.01,32,10,/data/d1/ts_archive/results/441869507881142858/9c327b3dc98f478391ff83b1c2f03fa3/artifacts,,https://github.com/ANON2/TS_Archive.git,ANON1,flawless-pug-81,2ba81db4ea05c65817b596ef2f113e084de3fbd8,file:///home/ANON1/repos/TS_Archive-1#ts_archive_experiments,PROJECT,main.py,conda,local
5aa1c453bb2d4a44ba42c51d03d8d110,441869507881142858,FINISHED,/data/d1/ts_archive/results/441869507881142858/5aa1c453bb2d4a44ba42c51d03d8d110/artifacts,2025-12-29 23:39:19.703000+00:00,2025-12-30 03:21:22.917000+00:00,0.013819698266374227,,207309.0,,0.5198680256726468,163458.9212249333,,0.4023886653958792,0.9177342072170313,48823.0,0.9223819590259816,0.9303887910643375,690.9949985258281,2985739.3443407156,0.9177342072170313,5.842044173324713e-05,12608.36790313758,29857.393443407156,126.0836790313758,,,,,,,,,,,,,,64,47440857,,59268823,-1,Hydra,XRF,/data/d1/ts_archive/datasets,1234,S2Agri-17,20,17,9,200,0.0,entropy,8,24,1,0.001,PyTorch 2.9.0+cu128,100,0.5,8,0.1,False,13th Gen Intel(R) Core(TM) i9-13900K,0.01,32,10,/data/d1/ts_archive/results/441869507881142858/5aa1c453bb2d4a44ba42c51d03d8d110/artifacts,,https://github.com/ANON2/TS_Archive.git,ANON1,bold-ox-315,2ba81db4ea05c65817b596ef2f113e084de3fbd8,file:///home/ANON1/repos/TS_Archive-1#ts_archive_experiments,PROJECT,main.py,conda,local
4b5707e60c6f4d98998d4d837df8c969,441869507881142858,FINISHED,/data/d1/ts_archive/results/441869507881142858/4b5707e60c6f4d98998d4d837df8c969/artifacts,2025-12-29 23:05:11.053000+00:00,2025-12-29 23:39:16.698000+00:00,0.004367216796529553,,1621369039.0,,0.30081889178887955,51655.29178398048,,0.3338645481066371,0.9382477088622,8104852.0,0.9289548155724425,0.9388303019741899,307.36744601652026,239168.51458685566,0.9382477088622,2.59865006389535e-05,1712.027892863378,2391.6851458685564,17.12027892863378,,2120.0,6966548.0,8104852.0,460.0,,,,,,,,,64,47440857,,59268823,-1,Quant,XRF,/data/d1/ts_archive/datasets,1234,S2Agri-17,20,17,9,200,0.8,entropy,8,24,1,0.001,PyTorch 2.9.0+cu128,100,0.5,8,0.1,False,13th Gen Intel(R) Core(TM) i9-13900K,0.01,65536,10,/data/d1/ts_archive/results/441869507881142858/4b5707e60c6f4d98998d4d837df8c969/artifacts,,https://github.com/ANON2/TS_Archive.git,ANON1,popular-conch-973,2ba81db4ea05c65817b596ef2f113e084de3fbd8,file:///home/ANON1/repos/TS_Archive-1#ts_archive_experiments,PROJECT,main.py,conda,local
c37e1d5e33314ba8b499e486db03bc87,441869507881142858,FINISHED,/data/d1/ts_archive/results/441869507881142858/c37e1d5e33314ba8b499e486db03bc87/artifacts,2025-12-29 22:33:37.306000+00:00,2025-12-29 23:05:09.271000+00:00,0.007934142020079027,,1347456773.0,,0.2957285523425004,93844.76205266605,,0.3273231622785522,0.938963554680492,6735294.0,0.9296211042411441,0.9397558424850607,496.2339539323002,186990.21870204312,0.938963554680492,4.195429323455108e-05,1370.0827907919884,1869.9021870204313,13.700827907919884,,,,,,,,,,,,,,64,47440857,,59268823,-1,Quant,XRF,/data/d1/ts_archive/datasets,1234,S2Agri-17,20,17,9,200,0.0,entropy,8,24,1,0.001,PyTorch 2.9.0+cu128,100,0.5,8,0.1,False,13th Gen Intel(R) Core(TM) i9-13900K,0.01,65536,10,/data/d1/ts_archive/results/441869507881142858/c37e1d5e33314ba8b499e486db03bc87/artifacts,,https://github.com/ANON2/TS_Archive.git,ANON1,powerful-bug-168,2ba81db4ea05c65817b596ef2f113e084de3fbd8,file:///home/ANON1/repos/TS_Archive-1#ts_archive_experiments,PROJECT,main.py,conda,local
edabcb6809aa4022b4562c72b7a3c72b,441869507881142858,FINISHED,/data/d1/ts_archive/results/441869507881142858/edabcb6809aa4022b4562c72b7a3c72b/artifacts,2025-12-29 20:46:43.301000+00:00,2025-12-29 22:33:34.478000+00:00,0.0083608314095632,,1756913886.0,,0.262702544089524,98891.6296440456,,0.28822114923692793,0.927950587615825,8782494.0,0.9172125415654201,0.9293336871491595,503.8769701141864,990049.0738004625,0.927950587615825,4.260047501947388e-05,5879.514444146305,9900.490738004626,58.79514444146305,,,,,,2120.0,8782494.0,570.0,6497738.0,2048.0,954.0,384.0,4168.0,64,47440857,,59268823,-1,Hydrant,XRF,/data/d1/ts_archive/datasets,1234,S2Agri-17,20,17,9,200,0.8,entropy,8,24,1,0.001,PyTorch 2.9.0+cu128,100,0.5,8,0.1,False,13th Gen Intel(R) Core(TM) i9-13900K,0.01,65536,10,/data/d1/ts_archive/results/441869507881142858/edabcb6809aa4022b4562c72b7a3c72b/artifacts,4,https://github.com/ANON2/TS_Archive.git,ANON1,fearless-conch-297,2ba81db4ea05c65817b596ef2f113e084de3fbd8,file:///home/ANON1/repos/TS_Archive-1#ts_archive_experiments,PROJECT,main.py,conda,local
c0c5564f9e1341a793292036f5e867b2,441869507881142858,FINISHED,/data/d1/ts_archive/results/441869507881142858/c0c5564f9e1341a793292036f5e867b2/artifacts,2025-12-29 19:11:10.698000+00:00,2025-12-29 20:46:41.342000+00:00,0.018996532340037543,,1299979989.0,,0.2886071793041246,224690.3386358645,,0.31706002941577927,0.9371981623890363,6497738.0,0.9274566673771829,0.9381510282687998,1056.8093940783292,769071.6720010112,0.9371981623890363,8.934836252305166e-05,4647.435267519206,7690.716720010112,46.47435267519206,,,,,,,,,,,,,,64,47440857,,59268823,-1,Hydrant,XRF,/data/d1/ts_archive/datasets,1234,S2Agri-17,20,17,9,200,0.0,entropy,8,24,1,0.001,PyTorch 2.9.0+cu128,100,0.5,8,0.1,False,13th Gen Intel(R) Core(TM) i9-13900K,0.01,65536,10,/data/d1/ts_archive/results/441869507881142858/c0c5564f9e1341a793292036f5e867b2/artifacts,4,https://github.com/ANON2/TS_Archive.git,ANON1,burly-perch-284,2ba81db4ea05c65817b596ef2f113e084de3fbd8,file:///home/ANON1/repos/TS_Archive-1#ts_archive_experiments,PROJECT,main.py,conda,local
8fb030a307be416cbbc18f00bb349d64,441869507881142858,FINISHED,/data/d1/ts_archive/results/441869507881142858/8fb030a307be416cbbc18f00bb349d64/artifacts,2025-12-29 14:40:59.417000+00:00,2025-12-29 19:11:07.795000+00:00,0.004811713230204725,384.0,51153.0,2048.0,0.44308509042178934,57452.197600283755,9719.0,0.31435781100540505,0.8811480266742132,9719.0,0.8840304574045925,0.8941666313855293,257.4420678988099,3689302.471107587,0.8811480266742132,2.1561184007935122e-05,15926.518975732848,36893.02471107587,159.26518975732847,48823.0,,,,,,,,,,,,,64,47328752,,59268823,-1,Hydra,XRF,/data/d1/ts_archive/datasets,1234,S2Agri-17,20,17,9,200,0.8,entropy,8,24,0,0.001,PyTorch 2.9.0+cu128,100,0.5,8,0.1,False,13th Gen Intel(R) Core(TM) i9-13900K,0.01,32,10,/data/d1/ts_archive/results/441869507881142858/8fb030a307be416cbbc18f00bb349d64/artifacts,,https://github.com/ANON2/TS_Archive.git,ANON1,exultant-chimp-227,2ba81db4ea05c65817b596ef2f113e084de3fbd8,file:///home/ANON1/repos/TS_Archive-1#ts_archive_experiments,PROJECT,main.py,conda,local
a9f257bb5ca94dbdb9656c6cc35d2aeb,441869507881142858,FINISHED,/data/d1/ts_archive/results/441869507881142858/a9f257bb5ca94dbdb9656c6cc35d2aeb/artifacts,2025-12-29 10:59:37.399000+00:00,2025-12-29 14:40:57.718000+00:00,0.013797960309352542,,207309.0,,0.5382423588201478,164748.6257488513,,0.3867705964283276,0.9148173407009054,48823.0,0.9202687003537148,0.9289490699311769,696.4753191098571,2973858.459784656,0.9148173407009054,5.833091939820602e-05,12559.167217612268,29738.58459784656,125.59167217612269,,,,,,,,,,,,,,64,47328752,,59268823,-1,Hydra,XRF,/data/d1/ts_archive/datasets,1234,S2Agri-17,20,17,9,200,0.0,entropy,8,24,0,0.001,PyTorch 2.9.0+cu128,100,0.5,8,0.1,False,13th Gen Intel(R) Core(TM) i9-13900K,0.01,32,10,/data/d1/ts_archive/results/441869507881142858/a9f257bb5ca94dbdb9656c6cc35d2aeb/artifacts,,https://github.com/ANON2/TS_Archive.git,ANON1,worried-shrimp-685,2ba81db4ea05c65817b596ef2f113e084de3fbd8,file:///home/ANON1/repos/TS_Archive-1#ts_archive_experiments,PROJECT,main.py,conda,local
f7dec36a491941e69cffec1a599f195a,441869507881142858,FINISHED,/data/d1/ts_archive/results/441869507881142858/f7dec36a491941e69cffec1a599f195a/artifacts,2025-12-29 10:25:31.681000+00:00,2025-12-29 10:59:34.563000+00:00,0.004343938921994973,,1614963503.0,,0.29968087831640355,51866.93914828344,,0.3324766408657751,0.9375948434477483,8072827.0,0.9286830995477519,0.9373002243777709,309.04205007106066,237978.3003131477,0.9375948434477483,2.588276485718223e-05,1704.1902603525668,2379.783003131477,17.041902603525667,,2120.0,6947209.0,8072827.0,460.0,,,,,,,,,64,47328752,,59268823,-1,Quant,XRF,/data/d1/ts_archive/datasets,1234,S2Agri-17,20,17,9,200,0.8,entropy,8,24,0,0.001,PyTorch 2.9.0+cu128,100,0.5,8,0.1,False,13th Gen Intel(R) Core(TM) i9-13900K,0.01,65536,10,/data/d1/ts_archive/results/441869507881142858/f7dec36a491941e69cffec1a599f195a/artifacts,,https://github.com/ANON2/TS_Archive.git,ANON1,magnificent-shad-75,2ba81db4ea05c65817b596ef2f113e084de3fbd8,file:///home/ANON1/repos/TS_Archive-1#ts_archive_experiments,PROJECT,main.py,conda,local
a465693d73bf4cc48934a7beb3622b47,441869507881142858,FINISHED,/data/d1/ts_archive/results/441869507881142858/a465693d73bf4cc48934a7beb3622b47/artifacts,2025-12-29 09:53:50.985000+00:00,2025-12-29 10:25:30.031000+00:00,0.007946794218918802,,1342745237.0,,0.29556218511818927,94885.28719628004,,0.3267595797671789,0.938515357236988,6711739.0,0.9295530318584865,0.9382284127489173,501.3483447032049,187186.06641380832,0.938515357236988,4.198872391154164e-05,1371.6294404389337,1871.8606641380832,13.716294404389338,,,,,,,,,,,,,,64,47328752,,59268823,-1,Quant,XRF,/data/d1/ts_archive/datasets,1234,S2Agri-17,20,17,9,200,0.0,entropy,8,24,0,0.001,PyTorch 2.9.0+cu128,100,0.5,8,0.1,False,13th Gen Intel(R) Core(TM) i9-13900K,0.01,65536,10,/data/d1/ts_archive/results/441869507881142858/a465693d73bf4cc48934a7beb3622b47/artifacts,,https://github.com/ANON2/TS_Archive.git,ANON1,intrigued-seal-625,2ba81db4ea05c65817b596ef2f113e084de3fbd8,file:///home/ANON1/repos/TS_Archive-1#ts_archive_experiments,PROJECT,main.py,conda,local
3b4096b415ce46849305379c08f20964,441869507881142858,FINISHED,/data/d1/ts_archive/results/441869507881142858/3b4096b415ce46849305379c08f20964/artifacts,2025-12-29 08:07:36.063000+00:00,2025-12-29 09:53:45.276000+00:00,0.008308096017227066,,1753388754.0,,0.2664275945237841,99199.2563205084,,0.2953372456926047,0.9273017723261444,8764871.0,0.916924086150866,0.9282334839751087,507.67020773142576,979092.5058745153,0.9273017723261444,4.251819002847016e-05,5833.705158228055,9790.925058745153,58.337051582280544,,,,,,2120.0,8764871.0,560.0,6470977.0,2048.0,944.0,384.0,4168.0,64,47328752,,59268823,-1,Hydrant,XRF,/data/d1/ts_archive/datasets,1234,S2Agri-17,20,17,9,200,0.8,entropy,8,24,0,0.001,PyTorch 2.9.0+cu128,100,0.5,8,0.1,False,13th Gen Intel(R) Core(TM) i9-13900K,0.01,65536,10,/data/d1/ts_archive/results/441869507881142858/3b4096b415ce46849305379c08f20964/artifacts,4,https://github.com/ANON2/TS_Archive.git,ANON1,big-owl-103,2ba81db4ea05c65817b596ef2f113e084de3fbd8,file:///home/ANON1/repos/TS_Archive-1#ts_archive_experiments,PROJECT,main.py,conda,local
089c2816135e44b09d7311a330234b4f,441869507881142858,FINISHED,/data/d1/ts_archive/results/441869507881142858/089c2816135e44b09d7311a330234b4f/artifacts,2025-12-29 06:31:31.456000+00:00,2025-12-29 08:07:34.206000+00:00,0.019221259044442048,,1294627269.0,,0.28889874771593005,229503.19770003023,,0.3172187855515533,0.936608919662203,6470977.0,0.92725546321485,0.9368122814238576,1080.9537502098829,771407.171580821,0.936608919662203,9.053160154658066e-05,4649.101893290877,7714.071715808211,46.49101893290877,,,,,,,,,,,,,,64,47328752,,59268823,-1,Hydrant,XRF,/data/d1/ts_archive/datasets,1234,S2Agri-17,20,17,9,200,0.0,entropy,8,24,0,0.001,PyTorch 2.9.0+cu128,100,0.5,8,0.1,False,13th Gen Intel(R) Core(TM) i9-13900K,0.01,65536,10,/data/d1/ts_archive/results/441869507881142858/089c2816135e44b09d7311a330234b4f/artifacts,4,https://github.com/ANON2/TS_Archive.git,ANON1,bald-shad-285,2ba81db4ea05c65817b596ef2f113e084de3fbd8,file:///home/ANON1/repos/TS_Archive-1#ts_archive_experiments,PROJECT,main.py,conda,local
4a07f7d893c6425d9ab880eefad2073f,441869507881142858,FINISHED,/data/d1/ts_archive/results/441869507881142858/4a07f7d893c6425d9ab880eefad2073f/artifacts,2025-12-29 05:46:12.097000+00:00,2025-12-29 06:31:28.488000+00:00,0.050022464139095765,1152.0,122266.0,6144.0,0.28613248329865704,10695.55316990076,26353.0,0.2612535931885745,0.4765147440544396,26353.0,0.42599632589529496,0.4672399440193583,39.17085380386561,704987.7678507661,0.4765147440544396,0.0001831997465279125,2666.408800794743,7049.877678507661,26.66408800794743,133681.0,,,,,,,,,,,,,64,921696,,1135511,-1,Hydra,XRF,/data/d1/ts_archive/datasets,1234,TimeSen2Crop,20,15,9,200,0.8,entropy,8,365,2,0.001,PyTorch 2.9.0+cu128,100,0.5,8,0.1,False,13th Gen Intel(R) Core(TM) i9-13900K,0.01,32,9,/data/d1/ts_archive/results/441869507881142858/4a07f7d893c6425d9ab880eefad2073f/artifacts,,https://github.com/ANON2/TS_Archive.git,ANON1,capable-cow-617,2ba81db4ea05c65817b596ef2f113e084de3fbd8,file:///home/ANON1/repos/TS_Archive-1#ts_archive_experiments,PROJECT,main.py,conda,local
d8a2610d06f440bf96f6ccda5db0fa73,441869507881142858,FINISHED,/data/d1/ts_archive/results/441869507881142858/d8a2610d06f440bf96f6ccda5db0fa73/artifacts,2025-12-29 05:06:24.980000+00:00,2025-12-29 05:46:10.360000+00:00,0.2158900027725499,,550349.0,,0.4585291069995915,46160.52094281276,,0.4572153341701698,0.6538362603184996,133681.0,0.6312310615560401,0.6610572599139948,166.44048082828522,580317.4279531152,0.6538362603184996,0.0007784321999311798,2208.539202330634,5803.174279531152,22.08539202330634,,,,,,,,,,,,,,64,921696,,1135511,-1,Hydra,XRF,/data/d1/ts_archive/datasets,1234,TimeSen2Crop,20,15,9,200,0.0,entropy,8,365,2,0.001,PyTorch 2.9.0+cu128,100,0.5,8,0.1,False,13th Gen Intel(R) Core(TM) i9-13900K,0.01,32,9,/data/d1/ts_archive/results/441869507881142858/d8a2610d06f440bf96f6ccda5db0fa73/artifacts,,https://github.com/ANON2/TS_Archive.git,ANON1,traveling-elk-538,2ba81db4ea05c65817b596ef2f113e084de3fbd8,file:///home/ANON1/repos/TS_Archive-1#ts_archive_experiments,PROJECT,main.py,conda,local
00b55b71f8094c71a6bc5d3c56ffafef,441869507881142858,FINISHED,/data/d1/ts_archive/results/441869507881142858/00b55b71f8094c71a6bc5d3c56ffafef/artifacts,2025-12-29 04:46:44.573000+00:00,2025-12-29 05:06:22.066000+00:00,0.01810374330314655,,671528668.0,,0.5554774034153257,3870.85187436228,,0.5666938689170167,0.7860720716507261,3648650.0,0.7667093788066517,0.7907449323851742,17.63308566249907,235795.81484416281,0.7860720716507261,8.246888975281935e-05,1148.8599895648658,2357.958148441628,11.488599895648658,,30096.0,3395348.0,3648650.0,6669.0,,,,,,,,,64,921696,,1135511,-1,Quant,XRF,/data/d1/ts_archive/datasets,1234,TimeSen2Crop,20,15,9,200,0.8,entropy,8,365,2,0.001,PyTorch 2.9.0+cu128,100,0.5,8,0.1,False,13th Gen Intel(R) Core(TM) i9-13900K,0.01,65536,9,/data/d1/ts_archive/results/441869507881142858/00b55b71f8094c71a6bc5d3c56ffafef/artifacts,,https://github.com/ANON2/TS_Archive.git,ANON1,gifted-penguin-773,2ba81db4ea05c65817b596ef2f113e084de3fbd8,file:///home/ANON1/repos/TS_Archive-1#ts_archive_experiments,PROJECT,main.py,conda,local
71fe0c1d7c974509ade1178ea1e21909,441869507881142858,FINISHED,/data/d1/ts_archive/results/441869507881142858/71fe0c1d7c974509ade1178ea1e21909/artifacts,2025-12-29 04:29:28.095000+00:00,2025-12-29 04:46:43.243000+00:00,0.06843235305988599,,616565958.0,,0.5114634753210312,14631.863569499521,,0.5141226869699435,0.7525711479550078,3349950.0,0.7223203721083045,0.7677148078995623,63.95104720629752,197816.37239482667,0.7525711479550078,0.0002990952328241588,959.5930259861052,1978.1637239482668,9.595930259861053,,,,,,,,,,,,,,64,921696,,1135511,-1,Quant,XRF,/data/d1/ts_archive/datasets,1234,TimeSen2Crop,20,15,9,200,0.0,entropy,8,365,2,0.001,PyTorch 2.9.0+cu128,100,0.5,8,0.1,False,13th Gen Intel(R) Core(TM) i9-13900K,0.01,65536,9,/data/d1/ts_archive/results/441869507881142858/71fe0c1d7c974509ade1178ea1e21909/artifacts,,https://github.com/ANON2/TS_Archive.git,ANON1,skillful-skink-490,2ba81db4ea05c65817b596ef2f113e084de3fbd8,file:///home/ANON1/repos/TS_Archive-1#ts_archive_experiments,PROJECT,main.py,conda,local
b52d305bd23e4f3487a28adb3a822506,441869507881142858,FINISHED,/data/d1/ts_archive/results/441869507881142858/b52d305bd23e4f3487a28adb3a822506/artifacts,2025-12-29 03:40:45.943000+00:00,2025-12-29 04:29:25.289000+00:00,0.10491080591068634,,776792840.0,,0.4736836076063661,22431.5039657934,,0.4710176325183116,0.7217547880176788,4220530.0,0.681176661008368,0.7400235377825503,97.02147330529988,604220.8797913464,0.7217547880176788,0.00045376364289362244,2811.5358877172694,6042.208797913464,28.115358877172692,,,,,,30096.0,4220530.0,7866.0,3346678.0,6144.0,9018.0,1152.0,36240.0,64,921696,,1135511,-1,Hydrant,XRF,/data/d1/ts_archive/datasets,1234,TimeSen2Crop,20,15,9,200,0.8,entropy,8,365,2,0.001,PyTorch 2.9.0+cu128,100,0.5,8,0.1,False,13th Gen Intel(R) Core(TM) i9-13900K,0.01,65536,9,/data/d1/ts_archive/results/441869507881142858/b52d305bd23e4f3487a28adb3a822506/artifacts,52,https://github.com/ANON2/TS_Archive.git,ANON1,gifted-ray-199,2ba81db4ea05c65817b596ef2f113e084de3fbd8,file:///home/ANON1/repos/TS_Archive-1#ts_archive_experiments,PROJECT,main.py,conda,local
d4b29dc02de343ccb4702969b6773e97,441869507881142858,FINISHED,/data/d1/ts_archive/results/441869507881142858/d4b29dc02de343ccb4702969b6773e97/artifacts,2025-12-29 02:59:28.876000+00:00,2025-12-29 03:40:44.375000+00:00,0.31593799458544086,,616087606.0,,0.5111320912338685,67552.28231228604,,0.5122549782740818,0.7518649299628183,3346678.0,0.7198012168374063,0.7699544333028825,289.6046497570351,470081.05984497926,0.7518649299628183,0.0013544636707295329,2174.1768591096625,4700.810598449792,21.741768591096626,,,,,,,,,,,,,,64,921696,,1135511,-1,Hydrant,XRF,/data/d1/ts_archive/datasets,1234,TimeSen2Crop,20,15,9,200,0.0,entropy,8,365,2,0.001,PyTorch 2.9.0+cu128,100,0.5,8,0.1,False,13th Gen Intel(R) Core(TM) i9-13900K,0.01,65536,9,/data/d1/ts_archive/results/441869507881142858/d4b29dc02de343ccb4702969b6773e97/artifacts,52,https://github.com/ANON2/TS_Archive.git,ANON1,puzzled-bird-109,2ba81db4ea05c65817b596ef2f113e084de3fbd8,file:///home/ANON1/repos/TS_Archive-1#ts_archive_experiments,PROJECT,main.py,conda,local
2d011fe004d545248202b2ad3bf06f61,441869507881142858,FINISHED,/data/d1/ts_archive/results/441869507881142858/2d011fe004d545248202b2ad3bf06f61/artifacts,2025-12-29 02:15:41.217000+00:00,2025-12-29 02:59:25.883000+00:00,0.04673995853766983,1152.0,122272.0,6144.0,0.23205484655385808,10024.08520778136,26353.0,0.2293788374395711,0.4241671135150258,26353.0,0.34425937321638217,0.48406272554947616,37.640460811555386,680584.9033730869,0.4241671135150258,0.00017550864155715565,2575.2378699183464,6805.849033730869,25.752378699183463,133681.0,,,,,,,,,,,,,64,921046,,1135511,-1,Hydra,XRF,/data/d1/ts_archive/datasets,1234,TimeSen2Crop,20,15,9,200,0.8,entropy,8,365,1,0.001,PyTorch 2.9.0+cu128,100,0.5,8,0.1,False,13th Gen Intel(R) Core(TM) i9-13900K,0.01,32,9,/data/d1/ts_archive/results/441869507881142858/2d011fe004d545248202b2ad3bf06f61/artifacts,,https://github.com/ANON2/TS_Archive.git,ANON1,invincible-mink-9,2ba81db4ea05c65817b596ef2f113e084de3fbd8,file:///home/ANON1/repos/TS_Archive-1#ts_archive_experiments,PROJECT,main.py,conda,local
35dacb58826f40ae83f34af8db170f77,441869507881142858,FINISHED,/data/d1/ts_archive/results/441869507881142858/35dacb58826f40ae83f34af8db170f77/artifacts,2025-12-29 01:37:09.182000+00:00,2025-12-29 02:15:39.402000+00:00,0.21369631414810436,,550349.0,,0.46171454818282925,45830.3800137732,,0.4858150506080547,0.6223999253957522,133681.0,0.5898870704520831,0.6539972748047909,166.99932216573507,563210.059572166,0.6223999253957522,0.0007786786756148325,2132.701156849973,5632.100595721659,21.327011568499728,,,,,,,,,,,,,,64,921046,,1135511,-1,Hydra,XRF,/data/d1/ts_archive/datasets,1234,TimeSen2Crop,20,15,9,200,0.0,entropy,8,365,1,0.001,PyTorch 2.9.0+cu128,100,0.5,8,0.1,False,13th Gen Intel(R) Core(TM) i9-13900K,0.01,32,9,/data/d1/ts_archive/results/441869507881142858/35dacb58826f40ae83f34af8db170f77/artifacts,,https://github.com/ANON2/TS_Archive.git,ANON1,valuable-grub-189,2ba81db4ea05c65817b596ef2f113e084de3fbd8,file:///home/ANON1/repos/TS_Archive-1#ts_archive_experiments,PROJECT,main.py,conda,local
b015240b3b4543f2a75c99396815e9f4,441869507881142858,FINISHED,/data/d1/ts_archive/results/441869507881142858/b015240b3b4543f2a75c99396815e9f4/artifacts,2025-12-29 01:17:20.699000+00:00,2025-12-29 01:37:06.402000+00:00,0.019322675748474204,,680780558.0,,0.629968662017499,4144.03765439652,,0.6440040047193344,0.793845149558203,3698932.0,0.7794465821830817,0.801684020757336,18.98124459106475,238130.63233489942,0.793845149558203,8.850509216452451e-05,1155.4406113987789,2381.3063233489943,11.554406113987788,,30096.0,3432654.0,3698932.0,6705.0,,,,,,,,,64,921046,,1135511,-1,Quant,XRF,/data/d1/ts_archive/datasets,1234,TimeSen2Crop,20,15,9,200,0.8,entropy,8,365,1,0.001,PyTorch 2.9.0+cu128,100,0.5,8,0.1,False,13th Gen Intel(R) Core(TM) i9-13900K,0.01,65536,9,/data/d1/ts_archive/results/441869507881142858/b015240b3b4543f2a75c99396815e9f4/artifacts,,https://github.com/ANON2/TS_Archive.git,ANON1,adventurous-croc-625,2ba81db4ea05c65817b596ef2f113e084de3fbd8,file:///home/ANON1/repos/TS_Archive-1#ts_archive_experiments,PROJECT,main.py,conda,local
7c72898d7a964deab75bbfbd2ad2a62c,441869507881142858,FINISHED,/data/d1/ts_archive/results/441869507881142858/7c72898d7a964deab75bbfbd2ad2a62c/artifacts,2025-12-29 01:00:03.200000+00:00,2025-12-29 01:17:18.909000+00:00,0.06864991986031417,,623464486.0,,0.6058647482279584,14723.00506284228,,0.6197818092950277,0.7764763481220712,3387442.0,0.7587692890920056,0.7870878625156966,64.58562095090747,197194.21565884812,0.7764763481220712,0.0003011476042753245,959.838376536034,1971.942156588481,9.59838376536034,,,,,,,,,,,,,,64,921046,,1135511,-1,Quant,XRF,/data/d1/ts_archive/datasets,1234,TimeSen2Crop,20,15,9,200,0.0,entropy,8,365,1,0.001,PyTorch 2.9.0+cu128,100,0.5,8,0.1,False,13th Gen Intel(R) Core(TM) i9-13900K,0.01,65536,9,/data/d1/ts_archive/results/441869507881142858/7c72898d7a964deab75bbfbd2ad2a62c/artifacts,,https://github.com/ANON2/TS_Archive.git,ANON1,blushing-ant-530,2ba81db4ea05c65817b596ef2f113e084de3fbd8,file:///home/ANON1/repos/TS_Archive-1#ts_archive_experiments,PROJECT,main.py,conda,local
89e0a10d0ee44bfcb9732454c9ad7939,441869507881142858,FINISHED,/data/d1/ts_archive/results/441869507881142858/89e0a10d0ee44bfcb9732454c9ad7939/artifacts,2025-12-29 00:12:29.459000+00:00,2025-12-29 01:00:00.227000+00:00,0.09838502007418237,,777181442.0,,0.5565331400624209,21100.14333020952,,0.5710016914140581,0.7369780616883874,4222642.0,0.7114971300163693,0.7583709299927714,92.60611369926482,589523.7693574735,0.7369780616883874,0.0004318005907689592,2744.999672235921,5895.237693574734,27.44999672235921,,,,,,30096.0,4222642.0,7875.0,3399166.0,6144.0,9027.0,1152.0,36240.0,64,921046,,1135511,-1,Hydrant,XRF,/data/d1/ts_archive/datasets,1234,TimeSen2Crop,20,15,9,200,0.8,entropy,8,365,1,0.001,PyTorch 2.9.0+cu128,100,0.5,8,0.1,False,13th Gen Intel(R) Core(TM) i9-13900K,0.01,65536,9,/data/d1/ts_archive/results/441869507881142858/89e0a10d0ee44bfcb9732454c9ad7939/artifacts,52,https://github.com/ANON2/TS_Archive.git,ANON1,puzzled-chimp-652,2ba81db4ea05c65817b596ef2f113e084de3fbd8,file:///home/ANON1/repos/TS_Archive-1#ts_archive_experiments,PROJECT,main.py,conda,local
92e4f223f3a143dd8a85554b2debd67c,441869507881142858,FINISHED,/data/d1/ts_archive/results/441869507881142858/92e4f223f3a143dd8a85554b2debd67c/artifacts,2025-12-28 23:29:16.332000+00:00,2025-12-29 00:12:27.415000+00:00,0.33956373532730955,,625745398.0,,0.5998598694198313,72824.53649697144,,0.6139815438848124,0.7726295665959481,3399166.0,0.7542206346800184,0.7774028795749091,319.09427089989185,489028.99562534154,0.7726295665959481,0.0014878617531993185,2260.5289610922337,4890.289956253416,22.605289610922338,,,,,,,,,,,,,,64,921046,,1135511,-1,Hydrant,XRF,/data/d1/ts_archive/datasets,1234,TimeSen2Crop,20,15,9,200,0.0,entropy,8,365,1,0.001,PyTorch 2.9.0+cu128,100,0.5,8,0.1,False,13th Gen Intel(R) Core(TM) i9-13900K,0.01,65536,9,/data/d1/ts_archive/results/441869507881142858/92e4f223f3a143dd8a85554b2debd67c/artifacts,52,https://github.com/ANON2/TS_Archive.git,ANON1,inquisitive-ape-309,2ba81db4ea05c65817b596ef2f113e084de3fbd8,file:///home/ANON1/repos/TS_Archive-1#ts_archive_experiments,PROJECT,main.py,conda,local
b6bdfd109c1645159100e78097621b55,441869507881142858,FINISHED,/data/d1/ts_archive/results/441869507881142858/b6bdfd109c1645159100e78097621b55/artifacts,2025-12-28 22:50:39.154000+00:00,2025-12-28 23:29:13.173000+00:00,0.05529994559781959,1152.0,122266.0,6144.0,0.2389405162262642,16343.3459219796,26353.0,0.2482462341296511,0.44559112133721324,26353.0,0.3808443099867005,0.49058224028945696,62.103634097613394,594210.5676293764,0.44559112133721324,0.00021013613757059414,2241.26566266641,5942.105676293764,22.412656626664102,133681.0,,,,,,,,,,,,,64,839971,,1135511,-1,Hydra,XRF,/data/d1/ts_archive/datasets,1234,TimeSen2Crop,20,15,9,200,0.8,entropy,8,365,0,0.001,PyTorch 2.9.0+cu128,100,0.5,8,0.1,False,13th Gen Intel(R) Core(TM) i9-13900K,0.01,32,9,/data/d1/ts_archive/results/441869507881142858/b6bdfd109c1645159100e78097621b55/artifacts,,https://github.com/ANON2/TS_Archive.git,ANON1,aged-doe-912,2ba81db4ea05c65817b596ef2f113e084de3fbd8,file:///home/ANON1/repos/TS_Archive-1#ts_archive_experiments,PROJECT,main.py,conda,local
6fbbb71056ca4560a2aabe5860d562fd,441869507881142858,FINISHED,/data/d1/ts_archive/results/441869507881142858/6fbbb71056ca4560a2aabe5860d562fd/artifacts,2025-12-28 22:14:12.679000+00:00,2025-12-28 22:50:37.472000+00:00,0.20388670822566368,,550349.0,,0.4265824218332904,60256.67774901264,,0.4403692222105171,0.6125600595520065,133681.0,0.5735785787257185,0.6387831094606484,222.8583756815642,515257.51368643163,0.6125600595520065,0.0007540717861594512,1951.6291776327416,5152.575136864316,19.516291776327417,,,,,,,,,,,,,,64,839971,,1135511,-1,Hydra,XRF,/data/d1/ts_archive/datasets,1234,TimeSen2Crop,20,15,9,200,0.0,entropy,8,365,0,0.001,PyTorch 2.9.0+cu128,100,0.5,8,0.1,False,13th Gen Intel(R) Core(TM) i9-13900K,0.01,32,9,/data/d1/ts_archive/results/441869507881142858/6fbbb71056ca4560a2aabe5860d562fd/artifacts,,https://github.com/ANON2/TS_Archive.git,ANON1,capricious-stag-772,2ba81db4ea05c65817b596ef2f113e084de3fbd8,file:///home/ANON1/repos/TS_Archive-1#ts_archive_experiments,PROJECT,main.py,conda,local
6192a6d6f784400da4bda7063469d07b,441869507881142858,FINISHED,/data/d1/ts_archive/results/441869507881142858/6192a6d6f784400da4bda7063469d07b/artifacts,2025-12-28 21:55:56.003000+00:00,2025-12-28 22:14:10.009000+00:00,0.017810888742570075,,678324525.0,,0.5768627436334935,5263.83005897916,,0.5493487353961474,0.7723692224402788,3685584.0,0.753317526187651,0.7661445227787185,24.99343916028738,226378.99349562815,0.7723692224402788,8.45687188207599e-05,1057.7935917451978,2263.7899349562813,10.577935917451978,,30096.0,3436720.0,3685584.0,6426.0,,,,,,,,,64,839971,,1135511,-1,Quant,XRF,/data/d1/ts_archive/datasets,1234,TimeSen2Crop,20,15,9,200,0.8,entropy,8,365,0,0.001,PyTorch 2.9.0+cu128,100,0.5,8,0.1,False,13th Gen Intel(R) Core(TM) i9-13900K,0.01,65536,9,/data/d1/ts_archive/results/441869507881142858/6192a6d6f784400da4bda7063469d07b/artifacts,,https://github.com/ANON2/TS_Archive.git,ANON1,enthused-conch-265,2ba81db4ea05c65817b596ef2f113e084de3fbd8,file:///home/ANON1/repos/TS_Archive-1#ts_archive_experiments,PROJECT,main.py,conda,local
8a608489a8054bff99be20fefa7cdc19,441869507881142858,FINISHED,/data/d1/ts_archive/results/441869507881142858/8a608489a8054bff99be20fefa7cdc19/artifacts,2025-12-28 21:39:18.398000+00:00,2025-12-28 21:55:54.342000+00:00,0.07259465667500968,,623895046.0,,0.5634698804795856,21454.62483373236,,0.5399798245107231,0.7611186303038506,3389782.0,0.7391426058800935,0.7568826321253577,91.40899806190282,189547.9495432686,0.7611186303038506,0.00030929484354707594,893.0437416722998,1895.479495432686,8.930437416722999,,,,,,,,,,,,,,64,839971,,1135511,-1,Quant,XRF,/data/d1/ts_archive/datasets,1234,TimeSen2Crop,20,15,9,200,0.0,entropy,8,365,0,0.001,PyTorch 2.9.0+cu128,100,0.5,8,0.1,False,13th Gen Intel(R) Core(TM) i9-13900K,0.01,65536,9,/data/d1/ts_archive/results/441869507881142858/8a608489a8054bff99be20fefa7cdc19/artifacts,,https://github.com/ANON2/TS_Archive.git,ANON1,brawny-whale-667,2ba81db4ea05c65817b596ef2f113e084de3fbd8,file:///home/ANON1/repos/TS_Archive-1#ts_archive_experiments,PROJECT,main.py,conda,local
11d9fe4f277f4e81983510e8c94347ad,441869507881142858,FINISHED,/data/d1/ts_archive/results/441869507881142858/11d9fe4f277f4e81983510e8c94347ad/artifacts,2025-12-28 20:54:28.687000+00:00,2025-12-28 21:39:15.491000+00:00,0.10080583290506245,,783126856.0,,0.5236572018641786,29792.155856762158,,0.507124472254756,0.7219496514854166,4254954.0,0.695932878450717,0.7332944837193371,126.85273765400052,558523.7124093346,0.7219496514854166,0.0004292235827772908,2546.496523850597,5585.237124093346,25.464965238505968,,,,,,30096.0,4254954.0,7695.0,3399042.0,6144.0,8847.0,1152.0,36240.0,64,839971,,1135511,-1,Hydrant,XRF,/data/d1/ts_archive/datasets,1234,TimeSen2Crop,20,15,9,200,0.8,entropy,8,365,0,0.001,PyTorch 2.9.0+cu128,100,0.5,8,0.1,False,13th Gen Intel(R) Core(TM) i9-13900K,0.01,65536,9,/data/d1/ts_archive/results/441869507881142858/11d9fe4f277f4e81983510e8c94347ad/artifacts,52,https://github.com/ANON2/TS_Archive.git,ANON1,stylish-cod-919,2ba81db4ea05c65817b596ef2f113e084de3fbd8,file:///home/ANON1/repos/TS_Archive-1#ts_archive_experiments,PROJECT,main.py,conda,local
cf4fde50bfc34ac1965cd390e13d233e,441869507881142858,FINISHED,/data/d1/ts_archive/results/441869507881142858/cf4fde50bfc34ac1965cd390e13d233e/artifacts,2025-12-28 20:13:54.354000+00:00,2025-12-28 20:54:25.686000+00:00,0.3278663477055649,,625722582.0,,0.5600160533501973,96897.62040090264,,0.5380360908614088,0.7603437774920484,3399042.0,0.7379534039123361,0.7550529587236916,416.3213153462857,441492.22554792336,0.7603437774920484,0.0014086800952368061,2002.162750992924,4414.922255479233,20.02162750992924,,,,,,,,,,,,,,64,839971,,1135511,-1,Hydrant,XRF,/data/d1/ts_archive/datasets,1234,TimeSen2Crop,20,15,9,200,0.0,entropy,8,365,0,0.001,PyTorch 2.9.0+cu128,100,0.5,8,0.1,False,13th Gen Intel(R) Core(TM) i9-13900K,0.01,65536,9,/data/d1/ts_archive/results/441869507881142858/cf4fde50bfc34ac1965cd390e13d233e/artifacts,52,https://github.com/ANON2/TS_Archive.git,ANON1,bright-whale-352,2ba81db4ea05c65817b596ef2f113e084de3fbd8,file:///home/ANON1/repos/TS_Archive-1#ts_archive_experiments,PROJECT,main.py,conda,local
fd6115050d39423ca81dae67052b67a5,441869507881142858,FINISHED,/data/d1/ts_archive/results/441869507881142858/fd6115050d39423ca81dae67052b67a5/artifacts,2025-12-28 18:59:58.811000+00:00,2025-12-28 20:13:51.382000+00:00,0.060963617293416233,1344.0,63415.0,7168.0,0.9324080124178229,13374.13739821236,12330.0,0.9327593214094253,0.9329562082058903,12330.0,0.932806905287705,0.9358262631194947,48.21394732221961,1167779.0783016316,0.9329562082058903,0.00021977466996485356,4373.245619230904,11677.790783016317,43.73245619230904,61834.0,,,,,,,,,,,,,64,1025563,,1244942,-1,Hydra,XRF,/data/d1/ts_archive/datasets,1234,LenDB,20,2,9,200,0.8,entropy,8,540,2,0.001,PyTorch 2.9.0+cu128,100,0.5,8,0.1,False,13th Gen Intel(R) Core(TM) i9-13900K,0.01,32,3,/data/d1/ts_archive/results/441869507881142858/fd6115050d39423ca81dae67052b67a5/artifacts,,https://github.com/ANON2/TS_Archive.git,ANON1,bustling-steed-569,2ba81db4ea05c65817b596ef2f113e084de3fbd8,file:///home/ANON1/repos/TS_Archive-1#ts_archive_experiments,PROJECT,main.py,conda,local
08ee84f1ba6744abacab8675c958a218,441869507881142858,FINISHED,/data/d1/ts_archive/results/441869507881142858/08ee84f1ba6744abacab8675c958a218/artifacts,2025-12-28 17:47:49.438000+00:00,2025-12-28 18:59:57.114000+00:00,0.40529735284661744,,260557.0,,0.9365968553744481,88913.72797013809,,0.9368744814663665,0.9369857643621313,61834.0,0.9369091433519326,0.9384060522803899,324.9860923560336,1054183.5686922101,0.9369857643621313,0.001481391073694536,3992.5098560228944,10541.8356869221,39.925098560228946,,,,,,,,,,,,,,64,1025563,,1244942,-1,Hydra,XRF,/data/d1/ts_archive/datasets,1234,LenDB,20,2,9,200,0.0,entropy,8,540,2,0.001,PyTorch 2.9.0+cu128,100,0.5,8,0.1,False,13th Gen Intel(R) Core(TM) i9-13900K,0.01,32,3,/data/d1/ts_archive/results/441869507881142858/08ee84f1ba6744abacab8675c958a218/artifacts,,https://github.com/ANON2/TS_Archive.git,ANON1,classy-wasp-106,2ba81db4ea05c65817b596ef2f113e084de3fbd8,file:///home/ANON1/repos/TS_Archive-1#ts_archive_experiments,PROJECT,main.py,conda,local
39c6ec55a02743d8a98e60b3611f3e7d,441869507881142858,FINISHED,/data/d1/ts_archive/results/441869507881142858/39c6ec55a02743d8a98e60b3611f3e7d/artifacts,2025-12-28 17:43:04.647000+00:00,2025-12-28 17:47:46.482000+00:00,0.006957269224506448,,1419728.0,,0.9108062293511655,1526.278765203,,0.9111251601413602,0.9117235469210818,16214.0,0.9112205310469222,0.9195789983096104,6.270067619159818,58793.920687547274,0.9117235469210818,2.858098368193773e-05,264.9426555717364,587.9392068754728,2.6494265557173637,,14940.0,13154.0,16214.0,2529.0,,,,,,,,,64,1025563,,1244942,-1,Quant,XRF,/data/d1/ts_archive/datasets,1234,LenDB,20,2,9,200,0.8,entropy,8,540,2,0.001,PyTorch 2.9.0+cu128,100,0.5,8,0.1,False,13th Gen Intel(R) Core(TM) i9-13900K,0.01,65536,3,/data/d1/ts_archive/results/441869507881142858/39c6ec55a02743d8a98e60b3611f3e7d/artifacts,,https://github.com/ANON2/TS_Archive.git,ANON1,orderly-whale-138,2ba81db4ea05c65817b596ef2f113e084de3fbd8,file:///home/ANON1/repos/TS_Archive-1#ts_archive_experiments,PROJECT,main.py,conda,local
28cd82db045f41f1bcc9bb56b268e781,441869507881142858,FINISHED,/data/d1/ts_archive/results/441869507881142858/28cd82db045f41f1bcc9bb56b268e781/artifacts,2025-12-28 17:38:32.839000+00:00,2025-12-28 17:43:02.976000+00:00,0.03603364336673283,,1104225.0,,0.8975093861261185,7905.024648150481,,0.8977397553991685,0.8984314815912189,12294.0,0.8978497461127412,0.9060470422940223,31.601774773560464,49504.61544391512,0.8984314815912189,0.00014405104760966393,227.8978922124952,495.0461544391512,2.278978922124952,,,,,,,,,,,,,,64,1025563,,1244942,-1,Quant,XRF,/data/d1/ts_archive/datasets,1234,LenDB,20,2,9,200,0.0,entropy,8,540,2,0.001,PyTorch 2.9.0+cu128,100,0.5,8,0.1,False,13th Gen Intel(R) Core(TM) i9-13900K,0.01,65536,3,/data/d1/ts_archive/results/441869507881142858/28cd82db045f41f1bcc9bb56b268e781/artifacts,,https://github.com/ANON2/TS_Archive.git,ANON1,bemused-lamb-529,2ba81db4ea05c65817b596ef2f113e084de3fbd8,file:///home/ANON1/repos/TS_Archive-1#ts_archive_experiments,PROJECT,main.py,conda,local
fe7d6d7fd6584b4d8267fb5754fd853b,441869507881142858,FINISHED,/data/d1/ts_archive/results/441869507881142858/fe7d6d7fd6584b4d8267fb5754fd853b/artifacts,2025-12-28 16:46:49.428000+00:00,2025-12-28 17:38:30.234000+00:00,0.13139719867944497,,1959066.0,,0.8617166483511247,28825.78604909796,,0.8616394338471283,0.8627307080440698,22496.0,0.861800131156117,0.8710043214143086,122.65171882975848,629609.5448199036,0.8627307080440698,0.0005590859600497699,2967.20916679129,6296.095448199036,29.672091667912902,,,,,,14940.0,22496.0,4014.0,11618.0,7168.0,5358.0,1344.0,22108.0,64,1025563,,1244942,-1,Hydrant,XRF,/data/d1/ts_archive/datasets,1234,LenDB,20,2,9,200,0.8,entropy,8,540,2,0.001,PyTorch 2.9.0+cu128,100,0.5,8,0.1,False,13th Gen Intel(R) Core(TM) i9-13900K,0.01,65536,3,/data/d1/ts_archive/results/441869507881142858/fe7d6d7fd6584b4d8267fb5754fd853b/artifacts,26,https://github.com/ANON2/TS_Archive.git,ANON1,likeable-croc-924,2ba81db4ea05c65817b596ef2f113e084de3fbd8,file:///home/ANON1/repos/TS_Archive-1#ts_archive_experiments,PROJECT,main.py,conda,local
241078684d1b4d3a844be0b9a661caae,441869507881142858,FINISHED,/data/d1/ts_archive/results/441869507881142858/241078684d1b4d3a844be0b9a661caae/artifacts,2025-12-28 15:59:53.724000+00:00,2025-12-28 16:46:47.693000+00:00,0.4619262055590349,,1190337.0,,0.8938647675411984,101336.90904933552,,0.8940554228517147,0.8948304076506867,11618.0,0.8941739236985009,0.903128052146988,475.29659360740334,488923.20281028777,0.8948304076506867,0.0021665546547636892,2327.477603847161,4889.232028102878,23.27477603847161,,,,,,,,,,,,,,64,1025563,,1244942,-1,Hydrant,XRF,/data/d1/ts_archive/datasets,1234,LenDB,20,2,9,200,0.0,entropy,8,540,2,0.001,PyTorch 2.9.0+cu128,100,0.5,8,0.1,False,13th Gen Intel(R) Core(TM) i9-13900K,0.01,65536,3,/data/d1/ts_archive/results/441869507881142858/241078684d1b4d3a844be0b9a661caae/artifacts,26,https://github.com/ANON2/TS_Archive.git,ANON1,youthful-frog-578,2ba81db4ea05c65817b596ef2f113e084de3fbd8,file:///home/ANON1/repos/TS_Archive-1#ts_archive_experiments,PROJECT,main.py,conda,local
ea8c0eea3231411193af5346fbdc6390,441869507881142858,FINISHED,/data/d1/ts_archive/results/441869507881142858/ea8c0eea3231411193af5346fbdc6390/artifacts,2025-12-28 14:47:07.575000+00:00,2025-12-28 15:59:50.677000+00:00,0.05847457963977893,1344.0,63422.0,7168.0,0.8729089177798719,15479.449196821919,12330.0,0.8740217547090896,0.8767041526739473,12330.0,0.8746140238465616,0.8966233682538769,55.87460478860885,1137477.0465612619,0.8767041526739473,0.00021106978588252858,4297.026295121759,11374.770465612619,42.97026295121759,61834.0,,,,,,,,,,,,,64,980221,,1244942,-1,Hydra,XRF,/data/d1/ts_archive/datasets,1234,LenDB,20,2,9,200,0.8,entropy,8,540,1,0.001,PyTorch 2.9.0+cu128,100,0.5,8,0.1,False,13th Gen Intel(R) Core(TM) i9-13900K,0.01,32,3,/data/d1/ts_archive/results/441869507881142858/ea8c0eea3231411193af5346fbdc6390/artifacts,,https://github.com/ANON2/TS_Archive.git,ANON1,whimsical-bug-653,2ba81db4ea05c65817b596ef2f113e084de3fbd8,file:///home/ANON1/repos/TS_Archive-1#ts_archive_experiments,PROJECT,main.py,conda,local
83b6020cd28b464589b69b61b5c29f4b,441869507881142858,FINISHED,/data/d1/ts_archive/results/441869507881142858/83b6020cd28b464589b69b61b5c29f4b/artifacts,2025-12-28 13:42:43.606000+00:00,2025-12-28 14:47:05.887000+00:00,0.38157540705305,,260557.0,,0.8844557227664795,101011.02333049044,,0.8858071361975788,0.8879159567998005,61834.0,0.8863071120389183,0.904815203566225,367.396343909204,923101.0262597112,0.8879159567998005,0.0013878624812886172,3484.3114173216745,9231.010262597112,34.84311417321675,,,,,,,,,,,,,,64,980221,,1244942,-1,Hydra,XRF,/data/d1/ts_archive/datasets,1234,LenDB,20,2,9,200,0.0,entropy,8,540,1,0.001,PyTorch 2.9.0+cu128,100,0.5,8,0.1,False,13th Gen Intel(R) Core(TM) i9-13900K,0.01,32,3,/data/d1/ts_archive/results/441869507881142858/83b6020cd28b464589b69b61b5c29f4b/artifacts,,https://github.com/ANON2/TS_Archive.git,ANON1,legendary-ape-749,2ba81db4ea05c65817b596ef2f113e084de3fbd8,file:///home/ANON1/repos/TS_Archive-1#ts_archive_experiments,PROJECT,main.py,conda,local
e5352cdcafec484d9b6691892e39f542,441869507881142858,FINISHED,/data/d1/ts_archive/results/441869507881142858/e5352cdcafec484d9b6691892e39f542/artifacts,2025-12-28 13:38:19.877000+00:00,2025-12-28 13:42:40.653000+00:00,0.005659367591411788,,2838928.0,,0.8464369707908912,1498.15344816612,,0.8464919515932608,0.8512018313620755,33954.0,0.8473582753127333,0.8816125296359353,6.672302644699812,54502.493391981,0.8512018313620755,2.5205037170076465e-05,243.8195890272036,545.02493391981,2.438195890272036,,14940.0,31270.0,33954.0,1980.0,,,,,,,,,64,980221,,1244942,-1,Quant,XRF,/data/d1/ts_archive/datasets,1234,LenDB,20,2,9,200,0.8,entropy,8,540,1,0.001,PyTorch 2.9.0+cu128,100,0.5,8,0.1,False,13th Gen Intel(R) Core(TM) i9-13900K,0.01,65536,3,/data/d1/ts_archive/results/441869507881142858/e5352cdcafec484d9b6691892e39f542/artifacts,,https://github.com/ANON2/TS_Archive.git,ANON1,stylish-bug-385,2ba81db4ea05c65817b596ef2f113e084de3fbd8,file:///home/ANON1/repos/TS_Archive-1#ts_archive_experiments,PROJECT,main.py,conda,local
b16ee8be277747db90338619ed1201b7,441869507881142858,FINISHED,/data/d1/ts_archive/results/441869507881142858/b16ee8be277747db90338619ed1201b7/artifacts,2025-12-28 13:34:02.744000+00:00,2025-12-28 13:38:18.284000+00:00,0.03489544730163093,,2281825.0,,0.8354935808950698,9237.557705135041,,0.8348663505083149,0.8406624332788105,27014.0,0.8358631201413336,0.8760076693351675,37.81968052498996,46334.54107946952,0.8406624332788105,0.00014286618940314506,207.06692828424275,463.3454107946952,2.0706692828424274,,,,,,,,,,,,,,64,980221,,1244942,-1,Quant,XRF,/data/d1/ts_archive/datasets,1234,LenDB,20,2,9,200,0.0,entropy,8,540,1,0.001,PyTorch 2.9.0+cu128,100,0.5,8,0.1,False,13th Gen Intel(R) Core(TM) i9-13900K,0.01,65536,3,/data/d1/ts_archive/results/441869507881142858/b16ee8be277747db90338619ed1201b7/artifacts,,https://github.com/ANON2/TS_Archive.git,ANON1,magnificent-foal-338,2ba81db4ea05c65817b596ef2f113e084de3fbd8,file:///home/ANON1/repos/TS_Archive-1#ts_archive_experiments,PROJECT,main.py,conda,local
f63d97044fb64c5ea94d3f723d53e86d,441869507881142858,FINISHED,/data/d1/ts_archive/results/441869507881142858/f63d97044fb64c5ea94d3f723d53e86d/artifacts,2025-12-28 12:45:04.163000+00:00,2025-12-28 13:33:59.825000+00:00,0.13306374141844524,,3885932.0,,0.7621540771742785,35224.766692032244,,0.7537821618105709,0.769504497187605,46582.0,0.7557867630966462,0.8328052054916604,149.92334593087435,594933.3214549912,0.769504497187605,0.0005663447400503713,2775.2111906874925,5949.333214549913,27.752111906874926,,,,,,14940.0,46582.0,4239.0,30028.0,7168.0,5583.0,1344.0,22108.0,64,980221,,1244942,-1,Hydrant,XRF,/data/d1/ts_archive/datasets,1234,LenDB,20,2,9,200,0.8,entropy,8,540,1,0.001,PyTorch 2.9.0+cu128,100,0.5,8,0.1,False,13th Gen Intel(R) Core(TM) i9-13900K,0.01,65536,3,/data/d1/ts_archive/results/441869507881142858/f63d97044fb64c5ea94d3f723d53e86d/artifacts,26,https://github.com/ANON2/TS_Archive.git,ANON1,beautiful-wasp-330,2ba81db4ea05c65817b596ef2f113e084de3fbd8,file:///home/ANON1/repos/TS_Archive-1#ts_archive_experiments,PROJECT,main.py,conda,local
4eed45625a184651ae61f21114a102a6,441869507881142858,FINISHED,/data/d1/ts_archive/results/441869507881142858/4eed45625a184651ae61f21114a102a6/artifacts,2025-12-28 11:59:32.848000+00:00,2025-12-28 12:45:02.581000+00:00,0.44826011454369924,,2663137.0,,0.816492395399242,118663.86578212261,,0.814482864130609,0.8222279305381892,30028.0,0.8157041414955122,0.8644119430614556,558.1469163838774,457067.9682080902,0.8222279305381892,0.002108434602407355,2160.1897616125643,4570.679682080902,21.601897616125644,,,,,,,,,,,,,,64,980221,,1244942,-1,Hydrant,XRF,/data/d1/ts_archive/datasets,1234,LenDB,20,2,9,200,0.0,entropy,8,540,1,0.001,PyTorch 2.9.0+cu128,100,0.5,8,0.1,False,13th Gen Intel(R) Core(TM) i9-13900K,0.01,65536,3,/data/d1/ts_archive/results/441869507881142858/4eed45625a184651ae61f21114a102a6/artifacts,26,https://github.com/ANON2/TS_Archive.git,ANON1,crawling-stag-685,2ba81db4ea05c65817b596ef2f113e084de3fbd8,file:///home/ANON1/repos/TS_Archive-1#ts_archive_experiments,PROJECT,main.py,conda,local
e956a08d9ebe4512ba5c833d6dc3313d,441869507881142858,FINISHED,/data/d1/ts_archive/results/441869507881142858/e956a08d9ebe4512ba5c833d6dc3313d/artifacts,2025-12-28 10:48:31.642000+00:00,2025-12-28 11:59:30.002000+00:00,0.05494937188360882,1344.0,63401.0,7168.0,0.9240105574075697,14367.007823316479,12330.0,0.9228438130574939,0.9229630649547348,12330.0,0.9227875341438333,0.9288495125168925,51.554978339001536,1112685.3653490893,0.9229630649547348,0.00019718188449814898,4196.145413711667,11126.853653490893,41.96145413711667,61834.0,,,,,,,,,,,,,64,983483,,1244942,-1,Hydra,XRF,/data/d1/ts_archive/datasets,1234,LenDB,20,2,9,200,0.8,entropy,8,540,0,0.001,PyTorch 2.9.0+cu128,100,0.5,8,0.1,False,13th Gen Intel(R) Core(TM) i9-13900K,0.01,32,3,/data/d1/ts_archive/results/441869507881142858/e956a08d9ebe4512ba5c833d6dc3313d/artifacts,,https://github.com/ANON2/TS_Archive.git,ANON1,chill-vole-919,2ba81db4ea05c65817b596ef2f113e084de3fbd8,file:///home/ANON1/repos/TS_Archive-1#ts_archive_experiments,PROJECT,main.py,conda,local
43af47a1508f40b9909d41be2ccb8ec0,441869507881142858,FINISHED,/data/d1/ts_archive/results/441869507881142858/43af47a1508f40b9909d41be2ccb8ec0/artifacts,2025-12-28 09:40:40.909000+00:00,2025-12-28 10:48:29.974000+00:00,0.30711073563174834,,260557.0,,0.9337750033493872,80296.86582754129,,0.9329588232008903,0.9329990553012135,61834.0,0.9329283523314651,0.9363313141168994,288.14793846942484,998374.282297743,0.9329990553012135,0.0011020769545872387,3770.347182251513,9983.74282297743,37.70347182251513,,,,,,,,,,,,,,64,983483,,1244942,-1,Hydra,XRF,/data/d1/ts_archive/datasets,1234,LenDB,20,2,9,200,0.0,entropy,8,540,0,0.001,PyTorch 2.9.0+cu128,100,0.5,8,0.1,False,13th Gen Intel(R) Core(TM) i9-13900K,0.01,32,3,/data/d1/ts_archive/results/441869507881142858/43af47a1508f40b9909d41be2ccb8ec0/artifacts,,https://github.com/ANON2/TS_Archive.git,ANON1,persistent-jay-476,2ba81db4ea05c65817b596ef2f113e084de3fbd8,file:///home/ANON1/repos/TS_Archive-1#ts_archive_experiments,PROJECT,main.py,conda,local
71831b84e752491a84affdc9f8c1bf91,441869507881142858,FINISHED,/data/d1/ts_archive/results/441869507881142858/71831b84e752491a84affdc9f8c1bf91/artifacts,2025-12-28 09:35:56.033000+00:00,2025-12-28 09:40:38.003000+00:00,0.005805421835014286,,1585808.0,,0.8913190431554056,1517.879787561,,0.8890156910667915,0.8896308790288343,18290.0,0.8888623839259372,0.903892834324328,6.495128687471151,57632.204860788595,0.8896308790288343,2.484186311227057e-05,265.2040128177032,576.3220486078859,2.652040128177032,,14940.0,14098.0,18290.0,2052.0,,,,,,,,,64,983483,,1244942,-1,Quant,XRF,/data/d1/ts_archive/datasets,1234,LenDB,20,2,9,200,0.8,entropy,8,540,0,0.001,PyTorch 2.9.0+cu128,100,0.5,8,0.1,False,13th Gen Intel(R) Core(TM) i9-13900K,0.01,65536,3,/data/d1/ts_archive/results/441869507881142858/71831b84e752491a84affdc9f8c1bf91/artifacts,,https://github.com/ANON2/TS_Archive.git,ANON1,gentle-perch-800,2ba81db4ea05c65817b596ef2f113e084de3fbd8,file:///home/ANON1/repos/TS_Archive-1#ts_archive_experiments,PROJECT,main.py,conda,local
fdb603ceb176442d8d10c07778fb83ed,441869507881142858,FINISHED,/data/d1/ts_archive/results/441869507881142858/fdb603ceb176442d8d10c07778fb83ed/artifacts,2025-12-28 09:31:15.486000+00:00,2025-12-28 09:35:54.491000+00:00,0.03791390866520946,,1193505.0,,0.8664252123557852,9912.932645697,,0.8632953539369226,0.8644338118022329,13410.0,0.8630638929518171,0.8833280172231586,40.40717571321875,50793.64823880252,0.8644338118022329,0.00015454497918686582,228.0821034219116,507.9364823880252,2.280821034219116,,,,,,,,,,,,,,64,983483,,1244942,-1,Quant,XRF,/data/d1/ts_archive/datasets,1234,LenDB,20,2,9,200,0.0,entropy,8,540,0,0.001,PyTorch 2.9.0+cu128,100,0.5,8,0.1,False,13th Gen Intel(R) Core(TM) i9-13900K,0.01,65536,3,/data/d1/ts_archive/results/441869507881142858/fdb603ceb176442d8d10c07778fb83ed/artifacts,,https://github.com/ANON2/TS_Archive.git,ANON1,melodic-snake-261,2ba81db4ea05c65817b596ef2f113e084de3fbd8,file:///home/ANON1/repos/TS_Archive-1#ts_archive_experiments,PROJECT,main.py,conda,local
5424487baaab4993bf04db768c244d13,441869507881142858,FINISHED,/data/d1/ts_archive/results/441869507881142858/5424487baaab4993bf04db768c244d13/artifacts,2025-12-28 08:37:58.239000+00:00,2025-12-28 09:31:12.626000+00:00,0.13691922980963825,,1880005.0,,0.8322207978634386,35798.764906798206,,0.827557839899645,0.8298127048600354,21508.0,0.8271919843266016,0.8555266611515289,152.68332447018474,639380.2801693651,0.8298127048600354,0.0005839666045926312,3030.4657456716523,6393.802801693651,30.304657456716523,,,,,,14940.0,21508.0,3669.0,13116.0,7168.0,5013.0,1344.0,22108.0,64,983483,,1244942,-1,Hydrant,XRF,/data/d1/ts_archive/datasets,1234,LenDB,20,2,9,200,0.8,entropy,8,540,0,0.001,PyTorch 2.9.0+cu128,100,0.5,8,0.1,False,13th Gen Intel(R) Core(TM) i9-13900K,0.01,65536,3,/data/d1/ts_archive/results/441869507881142858/5424487baaab4993bf04db768c244d13/artifacts,26,https://github.com/ANON2/TS_Archive.git,ANON1,exultant-cat-291,2ba81db4ea05c65817b596ef2f113e084de3fbd8,file:///home/ANON1/repos/TS_Archive-1#ts_archive_experiments,PROJECT,main.py,conda,local
a964a406ffac4e03a6c62c27c33fa05f,441869507881142858,FINISHED,/data/d1/ts_archive/results/441869507881142858/a964a406ffac4e03a6c62c27c33fa05f/artifacts,2025-12-28 07:49:02.193000+00:00,2025-12-28 08:37:56.507000+00:00,0.4547232284654119,,1310177.0,,0.8561755398771783,118891.48059133813,,0.8525944369633058,0.8540421251515534,13116.0,0.8523234039888475,0.8752808724647534,562.446395763196,493460.8270265376,0.8540421251515534,0.0021511839170317184,2360.304626239464,4934.608270265377,23.603046262394642,,,,,,,,,,,,,,64,983483,,1244942,-1,Hydrant,XRF,/data/d1/ts_archive/datasets,1234,LenDB,20,2,9,200,0.0,entropy,8,540,0,0.001,PyTorch 2.9.0+cu128,100,0.5,8,0.1,False,13th Gen Intel(R) Core(TM) i9-13900K,0.01,65536,3,/data/d1/ts_archive/results/441869507881142858/a964a406ffac4e03a6c62c27c33fa05f/artifacts,26,https://github.com/ANON2/TS_Archive.git,ANON1,smiling-carp-613,2ba81db4ea05c65817b596ef2f113e084de3fbd8,file:///home/ANON1/repos/TS_Archive-1#ts_archive_experiments,PROJECT,main.py,conda,local
261bb2b2c2604bef865c8db99d527214,441869507881142858,FINISHED,/data/d1/ts_archive/results/441869507881142858/261bb2b2c2604bef865c8db99d527214/artifacts,2025-12-28 02:43:29.507000+00:00,2025-12-28 07:48:59.400000+00:00,16.57296715952874,2496.0,189368.0,13312.0,0.9533333333333334,99437.80295717245,42882.0,0.9533238895993126,0.9533333333333334,42882.0,0.9533238895993127,0.9550564161886924,460.1882632672786,3529971.6680893824,0.9533333333333334,0.07669804387787976,17859.709774574265,35299.71668089382,178.59709774574264,221346.0,,,,,,,,,,,,,64,24000,,30000,-1,Hydra,XRF,/data/d1/ts_archive/datasets,1234,AudioMNIST,20,10,9,200,0.8,entropy,8,47998,2,0.001,PyTorch 2.9.0+cu128,100,0.5,8,0.1,False,13th Gen Intel(R) Core(TM) i9-13900K,0.01,32,1,/data/d1/ts_archive/results/441869507881142858/261bb2b2c2604bef865c8db99d527214/artifacts,,https://github.com/ANON2/TS_Archive.git,ANON1,spiffy-foal-945,2ba81db4ea05c65817b596ef2f113e084de3fbd8,file:///home/ANON1/repos/TS_Archive-1#ts_archive_experiments,PROJECT,main.py,conda,local
32385dcb0f3b4025ad3b9662e66e6d33,441869507881142858,FINISHED,/data/d1/ts_archive/results/441869507881142858/32385dcb0f3b4025ad3b9662e66e6d33/artifacts,2025-12-27 22:02:29.152000+00:00,2025-12-28 02:43:27.816000+00:00,64.50659996084525,,901645.0,,0.8295,387039.5997650715,,0.8303722692193414,0.8295,221346.0,0.8303722692193412,0.8329686688544956,2034.960104091093,2832109.354530787,0.8295,0.3391600173485155,14804.063343576156,28321.09354530787,148.04063343576155,,,,,,,,,,,,,,64,24000,,30000,-1,Hydra,XRF,/data/d1/ts_archive/datasets,1234,AudioMNIST,20,10,9,200,0.0,entropy,8,47998,2,0.001,PyTorch 2.9.0+cu128,100,0.5,8,0.1,False,13th Gen Intel(R) Core(TM) i9-13900K,0.01,32,1,/data/d1/ts_archive/results/441869507881142858/32385dcb0f3b4025ad3b9662e66e6d33/artifacts,,https://github.com/ANON2/TS_Archive.git,ANON1,intelligent-seal-777,2ba81db4ea05c65817b596ef2f113e084de3fbd8,file:///home/ANON1/repos/TS_Archive-1#ts_archive_experiments,PROJECT,main.py,conda,local
fdffda5ec4b94f42908e856d5d42be91,441869507881142858,FINISHED,/data/d1/ts_archive/results/441869507881142858/fdffda5ec4b94f42908e856d5d42be91/artifacts,2025-12-27 20:51:02.822000+00:00,2025-12-27 22:02:19.702000+00:00,0.26769309275532,,91568727.0,,0.9016666666666667,1606.1585565319199,,0.9029289178446123,0.9016666666666666,629280.0,0.9029289178446123,0.9094411093903266,7.605983079411089,985735.7582006516,0.9016666666666666,0.001267663846568515,4242.071982535534,9857.357582006516,42.420719825355334,,421343.0,579484.0,629280.0,71446.0,,,,,,,,,64,24000,,30000,-1,Quant,XRF,/data/d1/ts_archive/datasets,1234,AudioMNIST,20,10,9,200,0.8,entropy,8,47998,2,0.001,PyTorch 2.9.0+cu128,100,0.5,8,0.1,False,13th Gen Intel(R) Core(TM) i9-13900K,0.01,65536,1,/data/d1/ts_archive/results/441869507881142858/fdffda5ec4b94f42908e856d5d42be91/artifacts,,https://github.com/ANON2/TS_Archive.git,ANON1,dashing-finch-179,2ba81db4ea05c65817b596ef2f113e084de3fbd8,file:///home/ANON1/repos/TS_Archive-1#ts_archive_experiments,PROJECT,main.py,conda,local
2bfe1053e84b46be989226dc280544f2,441869507881142858,FINISHED,/data/d1/ts_archive/results/441869507881142858/2bfe1053e84b46be989226dc280544f2/artifacts,2025-12-27 19:47:09.237000+00:00,2025-12-27 20:50:57.305000+00:00,1.3096832248720198,,84394184.0,,0.9083333333333334,7858.0993492321195,,0.9096128414288884,0.9083333333333333,579470.0,0.9096128414288882,0.9157667330757678,34.74819695390761,869360.8842760395,0.9083333333333333,0.005791366158984602,3766.281509935856,8693.608842760395,37.66281509935856,,,,,,,,,,,,,,64,24000,,30000,-1,Quant,XRF,/data/d1/ts_archive/datasets,1234,AudioMNIST,20,10,9,200,0.0,entropy,8,47998,2,0.001,PyTorch 2.9.0+cu128,100,0.5,8,0.1,False,13th Gen Intel(R) Core(TM) i9-13900K,0.01,65536,1,/data/d1/ts_archive/results/441869507881142858/2bfe1053e84b46be989226dc280544f2/artifacts,,https://github.com/ANON2/TS_Archive.git,ANON1,selective-auk-997,2ba81db4ea05c65817b596ef2f113e084de3fbd8,file:///home/ANON1/repos/TS_Archive-1#ts_archive_experiments,PROJECT,main.py,conda,local
e3fb1a2e39254228a9c8e1fcd400790c,441869507881142858,FINISHED,/data/d1/ts_archive/results/441869507881142858/e3fb1a2e39254228a9c8e1fcd400790c/artifacts,2025-12-27 15:25:50.320000+00:00,2025-12-27 19:46:59.441000+00:00,17.79774897619704,,121741020.0,,0.8836666666666666,106786.49385718224,,0.88476010625415,0.8836666666666667,838366.0,0.88476010625415,0.8908753703461695,459.5380994891748,2992028.685618038,0.8836666666666667,0.0765896832481958,15183.304019856268,29920.286856180377,151.83304019856268,,,,,,421343.0,838366.0,74259.0,542076.0,13312.0,76755.0,2496.0,434655.0,64,24000,,30000,-1,Hydrant,XRF,/data/d1/ts_archive/datasets,1234,AudioMNIST,20,10,9,200,0.8,entropy,8,47998,2,0.001,PyTorch 2.9.0+cu128,100,0.5,8,0.1,False,13th Gen Intel(R) Core(TM) i9-13900K,0.01,65536,1,/data/d1/ts_archive/results/441869507881142858/e3fb1a2e39254228a9c8e1fcd400790c/artifacts,750,https://github.com/ANON2/TS_Archive.git,ANON1,sedate-tern-110,2ba81db4ea05c65817b596ef2f113e084de3fbd8,file:///home/ANON1/repos/TS_Archive-1#ts_archive_experiments,PROJECT,main.py,conda,local
e5d963f2eebf43d1ba994f18008ea43e,441869507881142858,FINISHED,/data/d1/ts_archive/results/441869507881142858/e5d963f2eebf43d1ba994f18008ea43e/artifacts,2025-12-27 11:25:47.338000+00:00,2025-12-27 15:25:44.633000+00:00,65.60948331048881,,79266440.0,,0.9255000000000002,393656.8998629329,,0.9263232359025582,0.9255,542076.0,0.9263232359025582,0.9309943201862628,1694.2735532382503,2457656.454413995,0.9255,0.2823789255397084,12681.394020538775,24576.56454413995,126.81394020538775,,,,,,,,,,,,,,64,24000,,30000,-1,Hydrant,XRF,/data/d1/ts_archive/datasets,1234,AudioMNIST,20,10,9,200,0.0,entropy,8,47998,2,0.001,PyTorch 2.9.0+cu128,100,0.5,8,0.1,False,13th Gen Intel(R) Core(TM) i9-13900K,0.01,65536,1,/data/d1/ts_archive/results/441869507881142858/e5d963f2eebf43d1ba994f18008ea43e/artifacts,750,https://github.com/ANON2/TS_Archive.git,ANON1,melodic-goat-85,2ba81db4ea05c65817b596ef2f113e084de3fbd8,file:///home/ANON1/repos/TS_Archive-1#ts_archive_experiments,PROJECT,main.py,conda,local
1c8bd51f815c494683d105feba052c77,441869507881142858,FINISHED,/data/d1/ts_archive/results/441869507881142858/1c8bd51f815c494683d105feba052c77/artifacts,2025-12-27 06:10:08.643000+00:00,2025-12-27 11:25:44.428000+00:00,17.01593837399352,2496.0,189433.0,13312.0,0.9835,102095.63024396113,42882.0,0.9835605038426933,0.9835,42882.0,0.9835605038426936,0.9838653019583372,476.94622504059225,3571692.7287907284,0.9835,0.07949103750676538,18448.956584299915,35716.92728790728,184.48956584299916,221346.0,,,,,,,,,,,,,64,24000,,30000,-1,Hydra,XRF,/data/d1/ts_archive/datasets,1234,AudioMNIST,20,10,9,200,0.8,entropy,8,47998,1,0.001,PyTorch 2.9.0+cu128,100,0.5,8,0.1,False,13th Gen Intel(R) Core(TM) i9-13900K,0.01,32,1,/data/d1/ts_archive/results/441869507881142858/1c8bd51f815c494683d105feba052c77/artifacts,,https://github.com/ANON2/TS_Archive.git,ANON1,mercurial-crow-367,2ba81db4ea05c65817b596ef2f113e084de3fbd8,file:///home/ANON1/repos/TS_Archive-1#ts_archive_experiments,PROJECT,main.py,conda,local
132a63388f0248a5943ec90f501cd06c,441869507881142858,FINISHED,/data/d1/ts_archive/results/441869507881142858/132a63388f0248a5943ec90f501cd06c/artifacts,2025-12-27 01:28:55.877000+00:00,2025-12-27 06:10:07.088000+00:00,64.28328942407221,,901645.0,,0.8743333333333332,385699.7365444332,,0.8744457671779621,0.8743333333333333,221346.0,0.8744457671779621,0.8755517069565769,2029.9728591283783,2823670.305516138,0.8743333333333333,0.33832880985472974,14822.092827632092,28236.703055161383,148.22092827632093,,,,,,,,,,,,,,64,24000,,30000,-1,Hydra,XRF,/data/d1/ts_archive/datasets,1234,AudioMNIST,20,10,9,200,0.0,entropy,8,47998,1,0.001,PyTorch 2.9.0+cu128,100,0.5,8,0.1,False,13th Gen Intel(R) Core(TM) i9-13900K,0.01,32,1,/data/d1/ts_archive/results/441869507881142858/132a63388f0248a5943ec90f501cd06c/artifacts,,https://github.com/ANON2/TS_Archive.git,ANON1,vaunted-auk-738,2ba81db4ea05c65817b596ef2f113e084de3fbd8,file:///home/ANON1/repos/TS_Archive-1#ts_archive_experiments,PROJECT,main.py,conda,local
921765f237f9492a87380a941b366ba2,441869507881142858,FINISHED,/data/d1/ts_archive/results/441869507881142858/921765f237f9492a87380a941b366ba2/artifacts,2025-12-27 00:17:16.554000+00:00,2025-12-27 01:28:46.596000+00:00,0.26698774875642,,96973911.0,,0.9410000000000001,1601.92649253852,,0.9413202259925935,0.941,666816.0,0.9413202259925935,0.9428220373534271,7.001401713117957,988156.3982290528,0.941,0.0011669002855196596,4256.5567353423685,9881.563982290529,42.56556735342369,,421343.0,611276.0,666816.0,68070.0,,,,,,,,,64,24000,,30000,-1,Quant,XRF,/data/d1/ts_archive/datasets,1234,AudioMNIST,20,10,9,200,0.8,entropy,8,47998,1,0.001,PyTorch 2.9.0+cu128,100,0.5,8,0.1,False,13th Gen Intel(R) Core(TM) i9-13900K,0.01,65536,1,/data/d1/ts_archive/results/441869507881142858/921765f237f9492a87380a941b366ba2/artifacts,,https://github.com/ANON2/TS_Archive.git,ANON1,agreeable-conch-130,2ba81db4ea05c65817b596ef2f113e084de3fbd8,file:///home/ANON1/repos/TS_Archive-1#ts_archive_experiments,PROJECT,main.py,conda,local
782e463c3723441c9ae29876ca88c518,441869507881142858,FINISHED,/data/d1/ts_archive/results/441869507881142858/782e463c3723441c9ae29876ca88c518/artifacts,2025-12-26 23:12:50.329000+00:00,2025-12-27 00:17:10.866000+00:00,1.27837262229684,,88969928.0,,0.9478333333333333,7670.23573378104,,0.9480534353637211,0.9478333333333333,611246.0,0.9480534353637211,0.9491070068614369,33.05831067357212,876676.5214828815,0.9478333333333333,0.005509718445595354,3799.6591463889927,8766.765214828814,37.99659146388993,,,,,,,,,,,,,,64,24000,,30000,-1,Quant,XRF,/data/d1/ts_archive/datasets,1234,AudioMNIST,20,10,9,200,0.0,entropy,8,47998,1,0.001,PyTorch 2.9.0+cu128,100,0.5,8,0.1,False,13th Gen Intel(R) Core(TM) i9-13900K,0.01,65536,1,/data/d1/ts_archive/results/441869507881142858/782e463c3723441c9ae29876ca88c518/artifacts,,https://github.com/ANON2/TS_Archive.git,ANON1,powerful-goat-706,2ba81db4ea05c65817b596ef2f113e084de3fbd8,file:///home/ANON1/repos/TS_Archive-1#ts_archive_experiments,PROJECT,main.py,conda,local
b0a568b03cf1420b9eaf5b97b343de09,441869507881142858,FINISHED,/data/d1/ts_archive/results/441869507881142858/b0a568b03cf1420b9eaf5b97b343de09/artifacts,2025-12-26 18:41:11.598000+00:00,2025-12-26 23:12:39.864000+00:00,23.088753270508683,,122561412.0,,0.9223333333333334,138532.5196230521,,0.9223287896345514,0.9223333333333333,844056.0,0.9223287896345516,0.9235369003507158,595.5338199837133,3106840.5423845113,0.9223333333333333,0.09925563666395222,15666.855087849312,31068.405423845114,156.6685508784931,,,,,,421343.0,844056.0,75758.0,577568.0,13312.0,78254.0,2496.0,434655.0,64,24000,,30000,-1,Hydrant,XRF,/data/d1/ts_archive/datasets,1234,AudioMNIST,20,10,9,200,0.8,entropy,8,47998,1,0.001,PyTorch 2.9.0+cu128,100,0.5,8,0.1,False,13th Gen Intel(R) Core(TM) i9-13900K,0.01,65536,1,/data/d1/ts_archive/results/441869507881142858/b0a568b03cf1420b9eaf5b97b343de09/artifacts,750,https://github.com/ANON2/TS_Archive.git,ANON1,carefree-moose-651,2ba81db4ea05c65817b596ef2f113e084de3fbd8,file:///home/ANON1/repos/TS_Archive-1#ts_archive_experiments,PROJECT,main.py,conda,local
572269f76a88452e83035004b40219f3,441869507881142858,FINISHED,/data/d1/ts_archive/results/441869507881142858/572269f76a88452e83035004b40219f3/artifacts,2025-12-26 14:33:31.198000+00:00,2025-12-26 18:41:05.780000+00:00,71.5296648276297,,84377288.0,,0.9654999999999999,429177.9889657782,,0.9655239560207491,0.9655,577568.0,0.965523956020749,0.9657979714816308,1922.8169999392703,2493082.998184681,0.9655,0.3204694999898784,12912.016531861387,24930.829981846808,129.12016531861389,,,,,,,,,,,,,,64,24000,,30000,-1,Hydrant,XRF,/data/d1/ts_archive/datasets,1234,AudioMNIST,20,10,9,200,0.0,entropy,8,47998,1,0.001,PyTorch 2.9.0+cu128,100,0.5,8,0.1,False,13th Gen Intel(R) Core(TM) i9-13900K,0.01,65536,1,/data/d1/ts_archive/results/441869507881142858/572269f76a88452e83035004b40219f3/artifacts,750,https://github.com/ANON2/TS_Archive.git,ANON1,capricious-pig-460,2ba81db4ea05c65817b596ef2f113e084de3fbd8,file:///home/ANON1/repos/TS_Archive-1#ts_archive_experiments,PROJECT,main.py,conda,local
df273241c82f444eaf67334cbb760a6b,441869507881142858,FINISHED,/data/d1/ts_archive/results/441869507881142858/df273241c82f444eaf67334cbb760a6b/artifacts,2025-12-26 09:11:25.465000+00:00,2025-12-26 14:33:28.412000+00:00,17.09844061782924,2496.0,189381.0,13312.0,0.9259999999999999,102590.64370697543,42882.0,0.926670211757193,0.926,42882.0,0.9266702117571928,0.9309065671039644,488.64434713032097,3611858.2968624937,0.926,0.08144072452172016,18823.753167534247,36118.582968624934,188.23753167534247,221346.0,,,,,,,,,,,,,64,24000,,30000,-1,Hydra,XRF,/data/d1/ts_archive/datasets,1234,AudioMNIST,20,10,9,200,0.8,entropy,8,47998,0,0.001,PyTorch 2.9.0+cu128,100,0.5,8,0.1,False,13th Gen Intel(R) Core(TM) i9-13900K,0.01,32,1,/data/d1/ts_archive/results/441869507881142858/df273241c82f444eaf67334cbb760a6b/artifacts,,https://github.com/ANON2/TS_Archive.git,ANON1,unruly-wasp-983,2ba81db4ea05c65817b596ef2f113e084de3fbd8,file:///home/ANON1/repos/TS_Archive-1#ts_archive_experiments,PROJECT,main.py,conda,local
30ef64a9e0ab4aea909614df44a6b703,441869507881142858,FINISHED,/data/d1/ts_archive/results/441869507881142858/30ef64a9e0ab4aea909614df44a6b703/artifacts,2025-12-26 04:27:04.154000+00:00,2025-12-26 09:11:23.894000+00:00,64.5837829032465,,901645.0,,0.8148333333333333,387502.697419479,,0.8168513999339249,0.8148333333333333,221346.0,0.8168513999339247,0.8257005248470436,2079.5540342619643,2848560.0369620793,0.8148333333333333,0.3465923390436607,14961.364308469929,28485.60036962079,149.61364308469928,,,,,,,,,,,,,,64,24000,,30000,-1,Hydra,XRF,/data/d1/ts_archive/datasets,1234,AudioMNIST,20,10,9,200,0.0,entropy,8,47998,0,0.001,PyTorch 2.9.0+cu128,100,0.5,8,0.1,False,13th Gen Intel(R) Core(TM) i9-13900K,0.01,32,1,/data/d1/ts_archive/results/441869507881142858/30ef64a9e0ab4aea909614df44a6b703/artifacts,,https://github.com/ANON2/TS_Archive.git,ANON1,popular-worm-499,2ba81db4ea05c65817b596ef2f113e084de3fbd8,file:///home/ANON1/repos/TS_Archive-1#ts_archive_experiments,PROJECT,main.py,conda,local
22ccf2194c234a82bdb987f3745ec2a0,441869507881142858,FINISHED,/data/d1/ts_archive/results/441869507881142858/22ccf2194c234a82bdb987f3745ec2a0/artifacts,2025-12-26 03:14:38.411000+00:00,2025-12-26 04:26:54.852000+00:00,0.28437173995787995,,88396119.0,,0.8703333333333333,1706.23043974728,,0.8691209595981615,0.8703333333333333,607248.0,0.8691209595981615,0.8717005063949717,7.708968175575137,999057.9452351598,0.8703333333333333,0.0012848280292625228,4302.169680493884,9990.579452351598,43.02169680493884,,421343.0,561032.0,607248.0,73133.0,,,,,,,,,64,24000,,30000,-1,Quant,XRF,/data/d1/ts_archive/datasets,1234,AudioMNIST,20,10,9,200,0.8,entropy,8,47998,0,0.001,PyTorch 2.9.0+cu128,100,0.5,8,0.1,False,13th Gen Intel(R) Core(TM) i9-13900K,0.01,65536,1,/data/d1/ts_archive/results/441869507881142858/22ccf2194c234a82bdb987f3745ec2a0/artifacts,,https://github.com/ANON2/TS_Archive.git,ANON1,ambitious-skink-913,2ba81db4ea05c65817b596ef2f113e084de3fbd8,file:///home/ANON1/repos/TS_Archive-1#ts_archive_experiments,PROJECT,main.py,conda,local
6a6f916c16d447789a43e4168ae3ae53,441869507881142858,FINISHED,/data/d1/ts_archive/results/441869507881142858/6a6f916c16d447789a43e4168ae3ae53/artifacts,2025-12-26 02:09:57.263000+00:00,2025-12-26 03:14:32.863000+00:00,1.1923971770661,,81735080.0,,0.8768333333333335,7154.3830623966,,0.8751782158272814,0.8768333333333334,561004.0,0.8751782158272814,0.878944530654756,32.534235761500895,878720.759290094,0.8768333333333334,0.005422372626916816,3814.068325892091,8787.20759290094,38.14068325892091,,,,,,,,,,,,,,64,24000,,30000,-1,Quant,XRF,/data/d1/ts_archive/datasets,1234,AudioMNIST,20,10,9,200,0.0,entropy,8,47998,0,0.001,PyTorch 2.9.0+cu128,100,0.5,8,0.1,False,13th Gen Intel(R) Core(TM) i9-13900K,0.01,65536,1,/data/d1/ts_archive/results/441869507881142858/6a6f916c16d447789a43e4168ae3ae53/artifacts,,https://github.com/ANON2/TS_Archive.git,ANON1,receptive-vole-182,2ba81db4ea05c65817b596ef2f113e084de3fbd8,file:///home/ANON1/repos/TS_Archive-1#ts_archive_experiments,PROJECT,main.py,conda,local
b77258626293493e9acbfb4c1c0cdd4d,441869507881142858,FINISHED,/data/d1/ts_archive/results/441869507881142858/b77258626293493e9acbfb4c1c0cdd4d/artifacts,2025-12-25 21:36:09.062000+00:00,2025-12-26 02:09:47.571000+00:00,22.636952385390778,,116072471.0,,0.8433333333333334,135821.71431234467,,0.8415802842483519,0.8433333333333334,798994.0,0.8415802842483517,0.8457967074447732,589.405573984608,3121650.020315648,0.8433333333333334,0.09823426233076801,15798.601073023863,31216.50020315648,157.98601073023863,,,,,,421343.0,798994.0,74634.0,514980.0,13312.0,77130.0,2496.0,434655.0,64,24000,,30000,-1,Hydrant,XRF,/data/d1/ts_archive/datasets,1234,AudioMNIST,20,10,9,200,0.8,entropy,8,47998,0,0.001,PyTorch 2.9.0+cu128,100,0.5,8,0.1,False,13th Gen Intel(R) Core(TM) i9-13900K,0.01,65536,1,/data/d1/ts_archive/results/441869507881142858/b77258626293493e9acbfb4c1c0cdd4d/artifacts,750,https://github.com/ANON2/TS_Archive.git,ANON1,magnificent-fowl-714,2ba81db4ea05c65817b596ef2f113e084de3fbd8,file:///home/ANON1/repos/TS_Archive-1#ts_archive_experiments,PROJECT,main.py,conda,local
f2dd0c1aee8d46c18b4c2a60b7ea2d86,441869507881142858,FINISHED,/data/d1/ts_archive/results/441869507881142858/f2dd0c1aee8d46c18b4c2a60b7ea2d86/artifacts,2025-12-25 17:32:03.704000+00:00,2025-12-25 21:36:02.881000+00:00,76.7010322150515,,75364616.0,,0.8986666666666668,460206.193290309,,0.898091884249933,0.8986666666666666,514980.0,0.8980918842499329,0.8998729521092483,2079.2517816610634,2464813.2256792355,0.8986666666666666,0.34654196361017725,12535.653625363484,24648.132256792356,125.35653625363484,,,,,,,,,,,,,,64,24000,,30000,-1,Hydrant,XRF,/data/d1/ts_archive/datasets,1234,AudioMNIST,20,10,9,200,0.0,entropy,8,47998,0,0.001,PyTorch 2.9.0+cu128,100,0.5,8,0.1,False,13th Gen Intel(R) Core(TM) i9-13900K,0.01,65536,1,/data/d1/ts_archive/results/441869507881142858/f2dd0c1aee8d46c18b4c2a60b7ea2d86/artifacts,750,https://github.com/ANON2/TS_Archive.git,ANON1,sincere-shrike-462,2ba81db4ea05c65817b596ef2f113e084de3fbd8,file:///home/ANON1/repos/TS_Archive-1#ts_archive_experiments,PROJECT,main.py,conda,local
7b1486d4a21440938a7bc15affa928c7,441869507881142858,FINISHED,/data/d1/ts_archive/results/441869507881142858/7b1486d4a21440938a7bc15affa928c7/artifacts,2025-12-25 17:06:13.471000+00:00,2025-12-25 17:32:00.817000+00:00,0.0055899477276341045,384.0,69651.0,2048.0,0.36049045162616805,6462.985763735999,14363.0,0.02930920367513794,0.12481188050303586,14363.0,0.17987544466316072,0.49140224343193684,29.247127226553857,351137.25486517895,0.12481188050303586,2.5296344190830025e-05,1506.5501818731427,3511.3725486517897,15.065501818731427,73435.0,,,,,,,,,,,,,64,4694701,,5850881,-1,Hydra,XRF,/data/d1/ts_archive/datasets,1234,S2Agri-10pc-34,20,29,9,200,0.8,entropy,8,24,2,0.001,PyTorch 2.9.0+cu128,100,0.5,8,0.1,False,13th Gen Intel(R) Core(TM) i9-13900K,0.01,32,10,/data/d1/ts_archive/results/441869507881142858/7b1486d4a21440938a7bc15affa928c7/artifacts,,https://github.com/ANON2/TS_Archive.git,ANON1,bold-foal-554,2ba81db4ea05c65817b596ef2f113e084de3fbd8,file:///home/ANON1/repos/TS_Archive-1#ts_archive_experiments,PROJECT,main.py,conda,local
5ada5336f93044ceb4f884e1c9f515d4,441869507881142858,FINISHED,/data/d1/ts_archive/results/441869507881142858/5ada5336f93044ceb4f884e1c9f515d4/artifacts,2025-12-25 16:44:52.984000+00:00,2025-12-25 17:06:11.914000+00:00,0.013236667792667025,,305677.0,,0.4832209297230067,15303.97056852576,,0.060285708383999825,0.24017021571035652,73435.0,0.29316948237621016,0.46459223078057826,64.44628597516567,285169.5830999736,0.24017021571035652,5.57407029832428e-05,1202.6865243539214,2851.6958309997362,12.026865243539214,,,,,,,,,,,,,,64,4694701,,5850881,-1,Hydra,XRF,/data/d1/ts_archive/datasets,1234,S2Agri-10pc-34,20,29,9,200,0.0,entropy,8,24,2,0.001,PyTorch 2.9.0+cu128,100,0.5,8,0.1,False,13th Gen Intel(R) Core(TM) i9-13900K,0.01,32,10,/data/d1/ts_archive/results/441869507881142858/5ada5336f93044ceb4f884e1c9f515d4/artifacts,,https://github.com/ANON2/TS_Archive.git,ANON1,adventurous-fowl-470,2ba81db4ea05c65817b596ef2f113e084de3fbd8,file:///home/ANON1/repos/TS_Archive-1#ts_archive_experiments,PROJECT,main.py,conda,local
06cb8af3d5354f3ca2873c9af7fa311f,441869507881142858,FINISHED,/data/d1/ts_archive/results/441869507881142858/06cb8af3d5354f3ca2873c9af7fa311f/artifacts,2025-12-25 16:41:00.928000+00:00,2025-12-25 16:44:49.987000+00:00,0.00164422391197983,,1643671744.0,,0.16339228889318977,1901.0188025528398,,0.21517796789354596,0.6357210814925012,5552482.0,0.531556939663529,0.7610087052981334,13.202717931009827,28880.159706533523,0.6357210814925012,1.1419258187314974e-05,202.75334869138896,288.8015970653352,2.0275334869138897,,2120.0,6311114.0,5552482.0,330.0,,,,,,,,,64,4694701,,5850881,-1,Quant,XRF,/data/d1/ts_archive/datasets,1234,S2Agri-10pc-34,20,29,9,200,0.8,entropy,8,24,2,0.001,PyTorch 2.9.0+cu128,100,0.5,8,0.1,False,13th Gen Intel(R) Core(TM) i9-13900K,0.01,65536,10,/data/d1/ts_archive/results/441869507881142858/06cb8af3d5354f3ca2873c9af7fa311f/artifacts,,https://github.com/ANON2/TS_Archive.git,ANON1,traveling-conch-230,2ba81db4ea05c65817b596ef2f113e084de3fbd8,file:///home/ANON1/repos/TS_Archive-1#ts_archive_experiments,PROJECT,main.py,conda,local
d7128ed9e3fb4aec87d89134693f2301,441869507881142858,FINISHED,/data/d1/ts_archive/results/441869507881142858/d7128ed9e3fb4aec87d89134693f2301/artifacts,2025-12-25 16:37:31.233000+00:00,2025-12-25 16:40:59.076000+00:00,0.004852202569679012,,1385119813.0,,0.13965476386389203,5610.01956701148,,0.19302558110495233,0.6335233268176236,4678998.0,0.5269929684869481,0.7605920034901149,28.84783058147877,24174.857118987722,0.6335233268176236,2.495098564365304e-05,166.45577247813344,241.74857118987723,1.6645577247813343,,,,,,,,,,,,,,64,4694701,,5850881,-1,Quant,XRF,/data/d1/ts_archive/datasets,1234,S2Agri-10pc-34,20,29,9,200,0.0,entropy,8,24,2,0.001,PyTorch 2.9.0+cu128,100,0.5,8,0.1,False,13th Gen Intel(R) Core(TM) i9-13900K,0.01,65536,10,/data/d1/ts_archive/results/441869507881142858/d7128ed9e3fb4aec87d89134693f2301/artifacts,,https://github.com/ANON2/TS_Archive.git,ANON1,serious-conch-84,2ba81db4ea05c65817b596ef2f113e084de3fbd8,file:///home/ANON1/repos/TS_Archive-1#ts_archive_experiments,PROJECT,main.py,conda,local
6bdb6d22ccc64f21a4a2bbdfeabdeae8,441869507881142858,FINISHED,/data/d1/ts_archive/results/441869507881142858/6bdb6d22ccc64f21a4a2bbdfeabdeae8/artifacts,2025-12-25 16:25:50.319000+00:00,2025-12-25 16:37:28.456000+00:00,0.005190021014873843,,1664781140.0,,0.1128358960391918,6000.59849697684,,0.15289579574909404,0.6194675569547994,5623742.0,0.4990864792435309,0.7580856275884275,30.48386585712433,110161.99764245735,0.6194675569547994,2.6366020738227895e-05,654.8352674674243,1101.6199764245735,6.548352674674243,,,,,,2120.0,5623742.0,370.0,5882828.0,2048.0,754.0,384.0,4168.0,64,4694701,,5850881,-1,Hydrant,XRF,/data/d1/ts_archive/datasets,1234,S2Agri-10pc-34,20,29,9,200,0.8,entropy,8,24,2,0.001,PyTorch 2.9.0+cu128,100,0.5,8,0.1,False,13th Gen Intel(R) Core(TM) i9-13900K,0.01,65536,10,/data/d1/ts_archive/results/441869507881142858/6bdb6d22ccc64f21a4a2bbdfeabdeae8/artifacts,4,https://github.com/ANON2/TS_Archive.git,ANON1,invincible-squid-17,2ba81db4ea05c65817b596ef2f113e084de3fbd8,file:///home/ANON1/repos/TS_Archive-1#ts_archive_experiments,PROJECT,main.py,conda,local
a050a1d8f4f74b1ab2fa2d6d906dc8eb,441869507881142858,FINISHED,/data/d1/ts_archive/results/441869507881142858/a050a1d8f4f74b1ab2fa2d6d906dc8eb/artifacts,2025-12-25 16:15:23.981000+00:00,2025-12-25 16:25:48.739000+00:00,0.015641824670900518,,1741496293.0,,0.12221526949817857,18084.76484800176,,0.16587259938438856,0.6273478178138352,5882828.0,0.5148548334415142,0.7594032549936117,83.21526933927089,87852.89469430296,0.6273478178138352,7.197432003604187e-05,528.2077048150823,878.5289469430296,5.282077048150822,,,,,,,,,,,,,,64,4694701,,5850881,-1,Hydrant,XRF,/data/d1/ts_archive/datasets,1234,S2Agri-10pc-34,20,29,9,200,0.0,entropy,8,24,2,0.001,PyTorch 2.9.0+cu128,100,0.5,8,0.1,False,13th Gen Intel(R) Core(TM) i9-13900K,0.01,65536,10,/data/d1/ts_archive/results/441869507881142858/a050a1d8f4f74b1ab2fa2d6d906dc8eb/artifacts,4,https://github.com/ANON2/TS_Archive.git,ANON1,gifted-mule-731,2ba81db4ea05c65817b596ef2f113e084de3fbd8,file:///home/ANON1/repos/TS_Archive-1#ts_archive_experiments,PROJECT,main.py,conda,local
fe5f857c9d8b411f9da19dfa3c33c2d6,441869507881142858,FINISHED,/data/d1/ts_archive/results/441869507881142858/fe5f857c9d8b411f9da19dfa3c33c2d6/artifacts,2025-12-25 15:49:42.230000+00:00,2025-12-25 16:15:21.183000+00:00,0.004347961865556958,384.0,69649.0,2048.0,0.3534954674721131,4990.890638655,14363.0,0.02908802222141677,0.11642095047431371,14363.0,0.16861565364082975,0.46457556066845185,22.11148416716605,350998.3856239373,0.11642095047431371,1.9263072848178714e-05,1505.4048686418682,3509.983856239373,15.054048686418682,73435.0,,,,,,,,,,,,,64,4703012,,5850881,-1,Hydra,XRF,/data/d1/ts_archive/datasets,1234,S2Agri-10pc-34,20,29,9,200,0.8,entropy,8,24,1,0.001,PyTorch 2.9.0+cu128,100,0.5,8,0.1,False,13th Gen Intel(R) Core(TM) i9-13900K,0.01,32,10,/data/d1/ts_archive/results/441869507881142858/fe5f857c9d8b411f9da19dfa3c33c2d6/artifacts,,https://github.com/ANON2/TS_Archive.git,ANON1,brawny-shark-263,2ba81db4ea05c65817b596ef2f113e084de3fbd8,file:///home/ANON1/repos/TS_Archive-1#ts_archive_experiments,PROJECT,main.py,conda,local
6c6bd4f6f9ea462787a5b732299da8af,441869507881142858,FINISHED,/data/d1/ts_archive/results/441869507881142858/6c6bd4f6f9ea462787a5b732299da8af/artifacts,2025-12-25 15:28:25.727000+00:00,2025-12-25 15:49:40.506000+00:00,0.013908390195569111,,305677.0,,0.4752684416926504,15965.00994539772,,0.06261123024196238,0.23128597427058314,73435.0,0.28652743464682984,0.4797810570792952,68.00684564840049,283380.2568099176,0.23128597427058314,5.924617325531092e-05,1195.3149874154478,2833.8025680991764,11.953149874154478,,,,,,,,,,,,,,64,4703012,,5850881,-1,Hydra,XRF,/data/d1/ts_archive/datasets,1234,S2Agri-10pc-34,20,29,9,200,0.0,entropy,8,24,1,0.001,PyTorch 2.9.0+cu128,100,0.5,8,0.1,False,13th Gen Intel(R) Core(TM) i9-13900K,0.01,32,10,/data/d1/ts_archive/results/441869507881142858/6c6bd4f6f9ea462787a5b732299da8af/artifacts,,https://github.com/ANON2/TS_Archive.git,ANON1,selective-crab-943,2ba81db4ea05c65817b596ef2f113e084de3fbd8,file:///home/ANON1/repos/TS_Archive-1#ts_archive_experiments,PROJECT,main.py,conda,local
d2da0c99b3784880ae0f4e7c805d5d2e,441869507881142858,FINISHED,/data/d1/ts_archive/results/441869507881142858/d2da0c99b3784880ae0f4e7c805d5d2e/artifacts,2025-12-25 15:24:36.566000+00:00,2025-12-25 15:28:22.729000+00:00,0.0016457023547678,,1654545601.0,,0.15097010393738264,1889.0507162649599,,0.21412589535129942,0.6305066170442795,5589218.0,0.5236234079752611,0.7450709015464476,13.17210033722222,28549.44600075504,0.6305066170442795,1.1475264457200448e-05,200.07562945224345,285.4944600075504,2.0007562945224344,,2120.0,6321802.0,5589218.0,330.0,,,,,,,,,64,4703012,,5850881,-1,Quant,XRF,/data/d1/ts_archive/datasets,1234,S2Agri-10pc-34,20,29,9,200,0.8,entropy,8,24,1,0.001,PyTorch 2.9.0+cu128,100,0.5,8,0.1,False,13th Gen Intel(R) Core(TM) i9-13900K,0.01,65536,10,/data/d1/ts_archive/results/441869507881142858/d2da0c99b3784880ae0f4e7c805d5d2e/artifacts,,https://github.com/ANON2/TS_Archive.git,ANON1,sneaky-tern-841,2ba81db4ea05c65817b596ef2f113e084de3fbd8,file:///home/ANON1/repos/TS_Archive-1#ts_archive_experiments,PROJECT,main.py,conda,local
13e707743d1c423ca12aaf3f443d1e84,441869507881142858,FINISHED,/data/d1/ts_archive/results/441869507881142858/13e707743d1c423ca12aaf3f443d1e84/artifacts,2025-12-25 15:21:08.320000+00:00,2025-12-25 15:24:34.992000+00:00,0.004950286377321489,,1429882117.0,,0.15756741583156622,5682.280273649641,,0.2243986038512946,0.6315015040914947,4830222.0,0.524151296132918,0.7612608009505146,29.0216908371076,24081.43137868908,0.6315015040914947,2.5283103592054143e-05,165.01489078998566,240.8143137868908,1.6501489078998566,,,,,,,,,,,,,,64,4703012,,5850881,-1,Quant,XRF,/data/d1/ts_archive/datasets,1234,S2Agri-10pc-34,20,29,9,200,0.0,entropy,8,24,1,0.001,PyTorch 2.9.0+cu128,100,0.5,8,0.1,False,13th Gen Intel(R) Core(TM) i9-13900K,0.01,65536,10,/data/d1/ts_archive/results/441869507881142858/13e707743d1c423ca12aaf3f443d1e84/artifacts,,https://github.com/ANON2/TS_Archive.git,ANON1,enchanting-chimp-512,2ba81db4ea05c65817b596ef2f113e084de3fbd8,file:///home/ANON1/repos/TS_Archive-1#ts_archive_experiments,PROJECT,main.py,conda,local
f42870acefd245939934b6b7ad47f449,441869507881142858,FINISHED,/data/d1/ts_archive/results/441869507881142858/f42870acefd245939934b6b7ad47f449/artifacts,2025-12-25 15:09:41.960000+00:00,2025-12-25 15:21:05.543000+00:00,0.005222412135822049,,1687198410.0,,0.11328716275777694,5994.64499593392,,0.15650293802991327,0.6178640594005065,5699476.0,0.49710361085834315,0.7570442521007833,30.34105143602937,108000.75622243465,0.6178640594005065,2.643250356619908e-05,640.5121097518131,1080.0075622243464,6.405121097518131,,,,,,2120.0,5699476.0,380.0,5902244.0,2048.0,764.0,384.0,4168.0,64,4703012,,5850881,-1,Hydrant,XRF,/data/d1/ts_archive/datasets,1234,S2Agri-10pc-34,20,29,9,200,0.8,entropy,8,24,1,0.001,PyTorch 2.9.0+cu128,100,0.5,8,0.1,False,13th Gen Intel(R) Core(TM) i9-13900K,0.01,65536,10,/data/d1/ts_archive/results/441869507881142858/f42870acefd245939934b6b7ad47f449/artifacts,4,https://github.com/ANON2/TS_Archive.git,ANON1,bustling-rat-956,2ba81db4ea05c65817b596ef2f113e084de3fbd8,file:///home/ANON1/repos/TS_Archive-1#ts_archive_experiments,PROJECT,main.py,conda,local
42da5d909c6c4a42807b3e6f17ccbe5d,441869507881142858,FINISHED,/data/d1/ts_archive/results/441869507881142858/42da5d909c6c4a42807b3e6f17ccbe5d/artifacts,2025-12-25 14:59:12.601000+00:00,2025-12-25 15:09:40.317000+00:00,0.01591242106432002,,1747243429.0,,0.1294424943744772,18265.374854679958,,0.17225122653323582,0.6246549040003694,5902244.0,0.5107010955123006,0.7597435693958182,83.61619214899838,88883.53628454216,0.6246549040003694,7.284471673074051e-05,530.6351221362129,888.8353628454216,5.306351221362129,,,,,,,,,,,,,,64,4703012,,5850881,-1,Hydrant,XRF,/data/d1/ts_archive/datasets,1234,S2Agri-10pc-34,20,29,9,200,0.0,entropy,8,24,1,0.001,PyTorch 2.9.0+cu128,100,0.5,8,0.1,False,13th Gen Intel(R) Core(TM) i9-13900K,0.01,65536,10,/data/d1/ts_archive/results/441869507881142858/42da5d909c6c4a42807b3e6f17ccbe5d/artifacts,4,https://github.com/ANON2/TS_Archive.git,ANON1,legendary-donkey-414,2ba81db4ea05c65817b596ef2f113e084de3fbd8,file:///home/ANON1/repos/TS_Archive-1#ts_archive_experiments,PROJECT,main.py,conda,local
70972a9eef7344c2960bd747b5ea48e2,441869507881142858,FINISHED,/data/d1/ts_archive/results/441869507881142858/70972a9eef7344c2960bd747b5ea48e2/artifacts,2025-12-25 14:32:50.108000+00:00,2025-12-25 14:59:09.587000+00:00,0.005131081965959212,384.0,69651.0,2048.0,0.4676356066796959,6100.97447241072,14363.0,0.028477877186341538,0.11383631771630995,14363.0,0.16787089943331776,0.4422079252373731,27.73134583234787,358398.45650661335,0.11383631771630995,2.3322800174889694e-05,1540.32399766054,3583.9845650661337,15.4032399766054,73435.0,,,,,,,,,,,,,64,4661858,,5850881,-1,Hydra,XRF,/data/d1/ts_archive/datasets,1234,S2Agri-10pc-34,20,29,9,200,0.8,entropy,8,24,0,0.001,PyTorch 2.9.0+cu128,100,0.5,8,0.1,False,13th Gen Intel(R) Core(TM) i9-13900K,0.01,32,10,/data/d1/ts_archive/results/441869507881142858/70972a9eef7344c2960bd747b5ea48e2/artifacts,,https://github.com/ANON2/TS_Archive.git,ANON1,agreeable-croc-46,2ba81db4ea05c65817b596ef2f113e084de3fbd8,file:///home/ANON1/repos/TS_Archive-1#ts_archive_experiments,PROJECT,main.py,conda,local
91d17b4f5c154a799a6ef1a73bd885fa,441869507881142858,FINISHED,/data/d1/ts_archive/results/441869507881142858/91d17b4f5c154a799a6ef1a73bd885fa/artifacts,2025-12-25 14:11:12.360000+00:00,2025-12-25 14:32:48.398000+00:00,0.013304343222838716,,305677.0,,0.6342815999212242,15819.170091849359,,0.06410500554571437,0.23342189343688052,73435.0,0.29202185380949675,0.495169266006843,66.1254159975797,288340.1428506415,0.23342189343688052,5.561323540215765e-05,1218.505201797001,2883.401428506415,12.18505201797001,,,,,,,,,,,,,,64,4661858,,5850881,-1,Hydra,XRF,/data/d1/ts_archive/datasets,1234,S2Agri-10pc-34,20,29,9,200,0.0,entropy,8,24,0,0.001,PyTorch 2.9.0+cu128,100,0.5,8,0.1,False,13th Gen Intel(R) Core(TM) i9-13900K,0.01,32,10,/data/d1/ts_archive/results/441869507881142858/91d17b4f5c154a799a6ef1a73bd885fa/artifacts,,https://github.com/ANON2/TS_Archive.git,ANON1,bright-snake-126,2ba81db4ea05c65817b596ef2f113e084de3fbd8,file:///home/ANON1/repos/TS_Archive-1#ts_archive_experiments,PROJECT,main.py,conda,local
a0bc391590d942daa674e218ae8d9c3f,441869507881142858,FINISHED,/data/d1/ts_archive/results/441869507881142858/a0bc391590d942daa674e218ae8d9c3f/artifacts,2025-12-25 14:07:19.070000+00:00,2025-12-25 14:11:09.663000+00:00,0.0015638019234305812,,1599977409.0,,0.22531577867283833,1859.3964544031999,,0.29154027762154333,0.6496964314399301,5404866.0,0.5475576978717823,0.752643953980962,13.082986583001912,28915.706086605718,0.6496964314399301,1.100314004270894e-05,204.35362001415345,289.1570608660572,2.0435362001415345,,2120.0,6353128.0,5404866.0,320.0,,,,,,,,,64,4661858,,5850881,-1,Quant,XRF,/data/d1/ts_archive/datasets,1234,S2Agri-10pc-34,20,29,9,200,0.8,entropy,8,24,0,0.001,PyTorch 2.9.0+cu128,100,0.5,8,0.1,False,13th Gen Intel(R) Core(TM) i9-13900K,0.01,65536,10,/data/d1/ts_archive/results/441869507881142858/a0bc391590d942daa674e218ae8d9c3f/artifacts,,https://github.com/ANON2/TS_Archive.git,ANON1,selective-dolphin-57,2ba81db4ea05c65817b596ef2f113e084de3fbd8,file:///home/ANON1/repos/TS_Archive-1#ts_archive_experiments,PROJECT,main.py,conda,local
26c872f9a6d94b22a82576d7d16722a3,441869507881142858,FINISHED,/data/d1/ts_archive/results/441869507881142858/26c872f9a6d94b22a82576d7d16722a3/artifacts,2025-12-25 14:03:49.338000+00:00,2025-12-25 14:07:17.398000+00:00,0.0048257582633659405,,1396803525.0,,0.23603436180987714,5737.93756758216,,0.3029271865867439,0.6490824820041328,4718470.0,0.545146489558158,0.7678335268059677,29.17380075994879,24146.59317195888,0.6490824820041328,2.4535943173469973e-05,166.17860330920666,241.4659317195888,1.6617860330920666,,,,,,,,,,,,,,64,4661858,,5850881,-1,Quant,XRF,/data/d1/ts_archive/datasets,1234,S2Agri-10pc-34,20,29,9,200,0.0,entropy,8,24,0,0.001,PyTorch 2.9.0+cu128,100,0.5,8,0.1,False,13th Gen Intel(R) Core(TM) i9-13900K,0.01,65536,10,/data/d1/ts_archive/results/441869507881142858/26c872f9a6d94b22a82576d7d16722a3/artifacts,,https://github.com/ANON2/TS_Archive.git,ANON1,charming-rat-838,2ba81db4ea05c65817b596ef2f113e084de3fbd8,file:///home/ANON1/repos/TS_Archive-1#ts_archive_experiments,PROJECT,main.py,conda,local
4575177f383b4b75a294cb0226b22fb6,441869507881142858,FINISHED,/data/d1/ts_archive/results/441869507881142858/4575177f383b4b75a294cb0226b22fb6/artifacts,2025-12-25 13:52:12.143000+00:00,2025-12-25 14:03:46.426000+00:00,0.0050958726676578,,1631981384.0,,0.16372328247186937,6059.10980691648,,0.21755556434084578,0.6363215850324174,5512932.0,0.5194837007494337,0.7674738938078901,30.893832660280168,108851.19976381824,0.6363215850324174,2.5982535796431327e-05,650.1926677022129,1088.5119976381823,6.501926677022129,,,,,,2120.0,5512932.0,380.0,5934532.0,2048.0,764.0,384.0,4168.0,64,4661858,,5850881,-1,Hydrant,XRF,/data/d1/ts_archive/datasets,1234,S2Agri-10pc-34,20,29,9,200,0.8,entropy,8,24,0,0.001,PyTorch 2.9.0+cu128,100,0.5,8,0.1,False,13th Gen Intel(R) Core(TM) i9-13900K,0.01,65536,10,/data/d1/ts_archive/results/441869507881142858/4575177f383b4b75a294cb0226b22fb6/artifacts,4,https://github.com/ANON2/TS_Archive.git,ANON1,incongruous-mule-882,2ba81db4ea05c65817b596ef2f113e084de3fbd8,file:///home/ANON1/repos/TS_Archive-1#ts_archive_experiments,PROJECT,main.py,conda,local
c74bf0fdb7584705900e82f873470500,441869507881142858,FINISHED,/data/d1/ts_archive/results/441869507881142858/c74bf0fdb7584705900e82f873470500/artifacts,2025-12-25 13:41:38.701000+00:00,2025-12-25 13:52:10.475000+00:00,0.015791718905463326,,1756800677.0,,0.19548735679592794,18776.71698813072,,0.25179037652148895,0.6439639939681571,5934532.0,0.5348374385948501,0.7686604366437476,86.02817499358207,87969.65504354532,0.6439639939681571,7.235198561641119e-05,531.579058367759,879.6965504354532,5.31579058367759,,,,,,,,,,,,,,64,4661858,,5850881,-1,Hydrant,XRF,/data/d1/ts_archive/datasets,1234,S2Agri-10pc-34,20,29,9,200,0.0,entropy,8,24,0,0.001,PyTorch 2.9.0+cu128,100,0.5,8,0.1,False,13th Gen Intel(R) Core(TM) i9-13900K,0.01,65536,10,/data/d1/ts_archive/results/441869507881142858/c74bf0fdb7584705900e82f873470500/artifacts,4,https://github.com/ANON2/TS_Archive.git,ANON1,overjoyed-kit-111,2ba81db4ea05c65817b596ef2f113e084de3fbd8,file:///home/ANON1/repos/TS_Archive-1#ts_archive_experiments,PROJECT,main.py,conda,local
ea5b928649a347dd9c1b7053e31d745a,441869507881142858,FINISHED,/data/d1/ts_archive/results/441869507881142858/ea5b928649a347dd9c1b7053e31d745a/artifacts,2025-12-25 13:15:16.337000+00:00,2025-12-25 13:41:35.919000+00:00,0.004353475879812174,384.0,51155.0,2048.0,0.28753313836691397,5033.40174272124,9719.0,0.06741877242877851,0.5455162690930478,9719.0,0.4368106158640952,0.49542177547828703,22.07837513834238,358589.57514631416,0.5455162690930478,1.909596701062324e-05,1545.3105969130993,3585.8957514631416,15.453105969130993,48823.0,,,,,,,,,,,,,64,4694701,,5850881,-1,Hydra,XRF,/data/d1/ts_archive/datasets,1234,S2Agri-10pc-17,20,17,9,200,0.8,entropy,8,24,2,0.001,PyTorch 2.9.0+cu128,100,0.5,8,0.1,False,13th Gen Intel(R) Core(TM) i9-13900K,0.01,32,10,/data/d1/ts_archive/results/441869507881142858/ea5b928649a347dd9c1b7053e31d745a/artifacts,,https://github.com/ANON2/TS_Archive.git,ANON1,unleashed-wren-661,2ba81db4ea05c65817b596ef2f113e084de3fbd8,file:///home/ANON1/repos/TS_Archive-1#ts_archive_experiments,PROJECT,main.py,conda,local
a537a9b2ef674fa88e31de3b41b49161,441869507881142858,FINISHED,/data/d1/ts_archive/results/441869507881142858/a537a9b2ef674fa88e31de3b41b49161/artifacts,2025-12-25 12:53:22.073000+00:00,2025-12-25 13:15:14.663000+00:00,0.013157592296663046,,207309.0,,0.45179140980455385,15212.54506155588,,0.12236389717796531,0.551324188275182,48823.0,0.4789956369641914,0.4951930018038866,63.23509727884084,292456.99043909856,0.551324188275182,5.469312501413347e-05,1237.7994891181588,2924.569904390986,12.377994891181588,,,,,,,,,,,,,,64,4694701,,5850881,-1,Hydra,XRF,/data/d1/ts_archive/datasets,1234,S2Agri-10pc-17,20,17,9,200,0.0,entropy,8,24,2,0.001,PyTorch 2.9.0+cu128,100,0.5,8,0.1,False,13th Gen Intel(R) Core(TM) i9-13900K,0.01,32,10,/data/d1/ts_archive/results/441869507881142858/a537a9b2ef674fa88e31de3b41b49161/artifacts,,https://github.com/ANON2/TS_Archive.git,ANON1,respected-sheep-880,2ba81db4ea05c65817b596ef2f113e084de3fbd8,file:///home/ANON1/repos/TS_Archive-1#ts_archive_experiments,PROJECT,main.py,conda,local
e2889eedda9241779191c06111574a48,441869507881142858,FINISHED,/data/d1/ts_archive/results/441869507881142858/e2889eedda9241779191c06111574a48/artifacts,2025-12-25 12:49:32.392000+00:00,2025-12-25 12:53:19.481000+00:00,0.0013980764045864137,,773426977.0,,0.18353681700211025,1616.42797745472,,0.22896466241890578,0.6402281651645938,3866546.0,0.543095089977013,0.7474893640015646,10.036129762418568,28666.4543825544,0.6402281651645938,8.680421528151817e-06,204.6838926458732,286.664543825544,2.0468389264587317,,2120.0,5481774.0,3866546.0,330.0,,,,,,,,,64,4694701,,5850881,-1,Quant,XRF,/data/d1/ts_archive/datasets,1234,S2Agri-10pc-17,20,17,9,200,0.8,entropy,8,24,2,0.001,PyTorch 2.9.0+cu128,100,0.5,8,0.1,False,13th Gen Intel(R) Core(TM) i9-13900K,0.01,65536,10,/data/d1/ts_archive/results/441869507881142858/e2889eedda9241779191c06111574a48/artifacts,,https://github.com/ANON2/TS_Archive.git,ANON1,dazzling-ant-774,2ba81db4ea05c65817b596ef2f113e084de3fbd8,file:///home/ANON1/repos/TS_Archive-1#ts_archive_experiments,PROJECT,main.py,conda,local
47fd17fe9249487eaf0a4796cbcc94b4,441869507881142858,FINISHED,/data/d1/ts_archive/results/441869507881142858/47fd17fe9249487eaf0a4796cbcc94b4/artifacts,2025-12-25 12:46:07.578000+00:00,2025-12-25 12:49:30.769000+00:00,0.004534630096036291,,648811509.0,,0.18080203444118298,5242.84862443524,,0.2322139516203888,0.6408016052863741,3243472.0,0.5427814778065477,0.7545759191710508,24.718081215396523,24041.65596366708,0.6408016052863741,2.1379094271996164e-05,166.13844309560957,240.4165596366708,1.6613844309560957,,,,,,,,,,,,,,64,4694701,,5850881,-1,Quant,XRF,/data/d1/ts_archive/datasets,1234,S2Agri-10pc-17,20,17,9,200,0.0,entropy,8,24,2,0.001,PyTorch 2.9.0+cu128,100,0.5,8,0.1,False,13th Gen Intel(R) Core(TM) i9-13900K,0.01,65536,10,/data/d1/ts_archive/results/441869507881142858/47fd17fe9249487eaf0a4796cbcc94b4/artifacts,,https://github.com/ANON2/TS_Archive.git,ANON1,indecisive-ant-47,2ba81db4ea05c65817b596ef2f113e084de3fbd8,file:///home/ANON1/repos/TS_Archive-1#ts_archive_experiments,PROJECT,main.py,conda,local
6e8e37b7137b4c378be6be42a82e8899,441869507881142858,FINISHED,/data/d1/ts_archive/results/441869507881142858/6e8e37b7137b4c378be6be42a82e8899/artifacts,2025-12-25 12:34:28.879000+00:00,2025-12-25 12:46:04.775000+00:00,0.0048117430549101,,847796214.0,,0.14164293824750807,5563.24108522596,,0.17362225563988903,0.6262666712795586,4238310.0,0.5144419009704355,0.7479735853826314,26.19126660749316,108796.74011497259,0.6262666712795586,2.2653277696806e-05,657.2410110086203,1087.967401149726,6.572410110086203,,,,,,2120.0,4238310.0,350.0,5059926.0,2048.0,734.0,384.0,4168.0,64,4694701,,5850881,-1,Hydrant,XRF,/data/d1/ts_archive/datasets,1234,S2Agri-10pc-17,20,17,9,200,0.8,entropy,8,24,2,0.001,PyTorch 2.9.0+cu128,100,0.5,8,0.1,False,13th Gen Intel(R) Core(TM) i9-13900K,0.01,65536,10,/data/d1/ts_archive/results/441869507881142858/6e8e37b7137b4c378be6be42a82e8899/artifacts,4,https://github.com/ANON2/TS_Archive.git,ANON1,aged-gull-360,2ba81db4ea05c65817b596ef2f113e084de3fbd8,file:///home/ANON1/repos/TS_Archive-1#ts_archive_experiments,PROJECT,main.py,conda,local
d42451d34a7d4f7e947335ffee3a9350,441869507881142858,FINISHED,/data/d1/ts_archive/results/441869507881142858/d42451d34a7d4f7e947335ffee3a9350/artifacts,2025-12-25 12:23:44.641000+00:00,2025-12-25 12:34:27.078000+00:00,0.015852850602133373,,1012145109.0,,0.1561906731061525,18328.74880917456,,0.19585275323134155,0.64040720303067,5059926.0,0.541886513927934,0.7577206470689934,81.6596383843571,90021.53633319217,0.64040720303067,7.062882802362703e-05,548.083275618963,900.2153633319217,5.4808327561896295,,,,,,,,,,,,,,64,4694701,,5850881,-1,Hydrant,XRF,/data/d1/ts_archive/datasets,1234,S2Agri-10pc-17,20,17,9,200,0.0,entropy,8,24,2,0.001,PyTorch 2.9.0+cu128,100,0.5,8,0.1,False,13th Gen Intel(R) Core(TM) i9-13900K,0.01,65536,10,/data/d1/ts_archive/results/441869507881142858/d42451d34a7d4f7e947335ffee3a9350/artifacts,4,https://github.com/ANON2/TS_Archive.git,ANON1,nosy-squid-821,2ba81db4ea05c65817b596ef2f113e084de3fbd8,file:///home/ANON1/repos/TS_Archive-1#ts_archive_experiments,PROJECT,main.py,conda,local
8eca14b4ee9c4ffabd9a08440bdd9bf0,441869507881142858,FINISHED,/data/d1/ts_archive/results/441869507881142858/8eca14b4ee9c4ffabd9a08440bdd9bf0/artifacts,2025-12-25 12:02:08.630000+00:00,2025-12-25 12:23:41.911000+00:00,0.004857530398854015,384.0,51155.0,2048.0,0.2489556529981363,5575.808561402159,9719.0,0.0738714275718578,0.5491497723172244,9719.0,0.43488633394589365,0.4922863441296866,25.107612148858607,302096.2745415067,0.5491497723172244,2.1873238277938168e-05,1256.6625837050378,3020.9627454150673,12.566625837050378,48823.0,,,,,,,,,,,,,64,4703012,,5850881,-1,Hydra,XRF,/data/d1/ts_archive/datasets,1234,S2Agri-10pc-17,20,17,9,200,0.8,entropy,8,24,1,0.001,PyTorch 2.9.0+cu128,100,0.5,8,0.1,False,13th Gen Intel(R) Core(TM) i9-13900K,0.01,32,10,/data/d1/ts_archive/results/441869507881142858/8eca14b4ee9c4ffabd9a08440bdd9bf0/artifacts,,https://github.com/ANON2/TS_Archive.git,ANON1,indecisive-ant-358,2ba81db4ea05c65817b596ef2f113e084de3fbd8,file:///home/ANON1/repos/TS_Archive-1#ts_archive_experiments,PROJECT,main.py,conda,local
fbab277067b142019d94ea6b2952373e,441869507881142858,FINISHED,/data/d1/ts_archive/results/441869507881142858/fbab277067b142019d94ea6b2952373e/artifacts,2025-12-25 11:40:37.182000+00:00,2025-12-25 12:02:06.995000+00:00,0.013489320006917618,,207309.0,,0.35231144309789797,15483.97226702052,,0.134708987631424,0.5572229932161248,48823.0,0.48556089377139144,0.5048149528780742,65.202043232508,288315.57919481065,0.5572229932161248,5.680268674605552e-05,1213.0117267947644,2883.1557919481065,12.130117267947645,,,,,,,,,,,,,,64,4703012,,5850881,-1,Hydra,XRF,/data/d1/ts_archive/datasets,1234,S2Agri-10pc-17,20,17,9,200,0.0,entropy,8,24,1,0.001,PyTorch 2.9.0+cu128,100,0.5,8,0.1,False,13th Gen Intel(R) Core(TM) i9-13900K,0.01,32,10,/data/d1/ts_archive/results/441869507881142858/fbab277067b142019d94ea6b2952373e/artifacts,,https://github.com/ANON2/TS_Archive.git,ANON1,spiffy-fox-907,2ba81db4ea05c65817b596ef2f113e084de3fbd8,file:///home/ANON1/repos/TS_Archive-1#ts_archive_experiments,PROJECT,main.py,conda,local
ef07b14cf6774c0b82e4be824282f64a,441869507881142858,FINISHED,/data/d1/ts_archive/results/441869507881142858/ef07b14cf6774c0b82e4be824282f64a/artifacts,2025-12-25 11:36:47.116000+00:00,2025-12-25 11:40:34.347000+00:00,0.0013915955592830541,,746542577.0,,0.16329503223357883,1597.36940303868,,0.21375797156612425,0.635632637522226,3732124.0,0.535683352415235,0.7440028563340794,9.684328690171242,28970.266872930482,0.635632637522226,8.436789119813534e-06,205.4393817242235,289.70266872930483,2.054393817242235,,2120.0,5497994.0,3732124.0,330.0,,,,,,,,,64,4703012,,5850881,-1,Quant,XRF,/data/d1/ts_archive/datasets,1234,S2Agri-10pc-17,20,17,9,200,0.8,entropy,8,24,1,0.001,PyTorch 2.9.0+cu128,100,0.5,8,0.1,False,13th Gen Intel(R) Core(TM) i9-13900K,0.01,65536,10,/data/d1/ts_archive/results/441869507881142858/ef07b14cf6774c0b82e4be824282f64a/artifacts,,https://github.com/ANON2/TS_Archive.git,ANON1,charming-skunk-691,2ba81db4ea05c65817b596ef2f113e084de3fbd8,file:///home/ANON1/repos/TS_Archive-1#ts_archive_experiments,PROJECT,main.py,conda,local
2b2ad6f964aa4f18a3e303abc4fdb0ab,441869507881142858,FINISHED,/data/d1/ts_archive/results/441869507881142858/2b2ad6f964aa4f18a3e303abc4fdb0ab/artifacts,2025-12-25 11:33:22.343000+00:00,2025-12-25 11:36:45.473000+00:00,0.004658334819427791,,662050309.0,,0.1691833443319349,5347.15813084176,,0.22154319706938533,0.6393429912298355,3309666.0,0.5408696436755337,0.7575547465448148,25.463855657726526,24073.19179052328,0.6393429912298355,2.2183590338032064e-05,165.27462154161185,240.7319179052328,1.6527462154161185,,,,,,,,,,,,,,64,4703012,,5850881,-1,Quant,XRF,/data/d1/ts_archive/datasets,1234,S2Agri-10pc-17,20,17,9,200,0.0,entropy,8,24,1,0.001,PyTorch 2.9.0+cu128,100,0.5,8,0.1,False,13th Gen Intel(R) Core(TM) i9-13900K,0.01,65536,10,/data/d1/ts_archive/results/441869507881142858/2b2ad6f964aa4f18a3e303abc4fdb0ab/artifacts,,https://github.com/ANON2/TS_Archive.git,ANON1,sincere-loon-670,2ba81db4ea05c65817b596ef2f113e084de3fbd8,file:///home/ANON1/repos/TS_Archive-1#ts_archive_experiments,PROJECT,main.py,conda,local
cd8f01efe59e4547ba31c86eaa2116d3,441869507881142858,FINISHED,/data/d1/ts_archive/results/441869507881142858/cd8f01efe59e4547ba31c86eaa2116d3/artifacts,2025-12-25 11:21:39.754000+00:00,2025-12-25 11:33:19.595000+00:00,0.004856374558451321,,838123016.0,,0.12419787131208154,5574.48180803496,,0.15193081506672743,0.6247803538557101,4189944.0,0.5122233487162191,0.7550192575097637,26.61135975364596,110006.37557981964,0.6247803538557101,2.3183272441059006e-05,660.9779630340636,1100.0637557981963,6.609779630340636,,,,,,2120.0,4189944.0,350.0,5073958.0,2048.0,734.0,384.0,4168.0,64,4703012,,5850881,-1,Hydrant,XRF,/data/d1/ts_archive/datasets,1234,S2Agri-10pc-17,20,17,9,200,0.8,entropy,8,24,1,0.001,PyTorch 2.9.0+cu128,100,0.5,8,0.1,False,13th Gen Intel(R) Core(TM) i9-13900K,0.01,65536,10,/data/d1/ts_archive/results/441869507881142858/cd8f01efe59e4547ba31c86eaa2116d3/artifacts,4,https://github.com/ANON2/TS_Archive.git,ANON1,mysterious-snipe-687,2ba81db4ea05c65817b596ef2f113e084de3fbd8,file:///home/ANON1/repos/TS_Archive-1#ts_archive_experiments,PROJECT,main.py,conda,local
e8f82694cd2044cc9a82fd3f14b81cd7,441869507881142858,FINISHED,/data/d1/ts_archive/results/441869507881142858/e8f82694cd2044cc9a82fd3f14b81cd7/artifacts,2025-12-25 11:10:58.362000+00:00,2025-12-25 11:21:38.132000+00:00,0.015837342399940727,,1014951509.0,,0.15096187723711996,18179.19438327756,,0.1935687458903936,0.6381851936065875,5073958.0,0.5384722592002574,0.7589358627821085,81.27783397771418,89415.73972727208,0.6381851936065875,7.08075869090586e-05,545.6866841055453,894.1573972727208,5.456866841055453,,,,,,,,,,,,,,64,4703012,,5850881,-1,Hydrant,XRF,/data/d1/ts_archive/datasets,1234,S2Agri-10pc-17,20,17,9,200,0.0,entropy,8,24,1,0.001,PyTorch 2.9.0+cu128,100,0.5,8,0.1,False,13th Gen Intel(R) Core(TM) i9-13900K,0.01,65536,10,/data/d1/ts_archive/results/441869507881142858/e8f82694cd2044cc9a82fd3f14b81cd7/artifacts,4,https://github.com/ANON2/TS_Archive.git,ANON1,fortunate-bat-12,2ba81db4ea05c65817b596ef2f113e084de3fbd8,file:///home/ANON1/repos/TS_Archive-1#ts_archive_experiments,PROJECT,main.py,conda,local
2173d9c76c694d9dbec394a8d101be87,441869507881142858,FINISHED,/data/d1/ts_archive/results/441869507881142858/2173d9c76c694d9dbec394a8d101be87/artifacts,2025-12-25 10:45:07.391000+00:00,2025-12-25 11:10:55.567000+00:00,0.0048399986514377265,384.0,51153.0,2048.0,0.37989819958185894,5754.86971652844,9719.0,0.06828882706559884,0.5560506398951072,9719.0,0.45635775067323237,0.5057169152706,26.26159705594182,350798.9138378665,0.5560506398951072,2.2086702322782503e-05,1510.4379621893167,3507.9891383786653,15.104379621893168,48823.0,,,,,,,,,,,,,64,4661858,,5850881,-1,Hydra,XRF,/data/d1/ts_archive/datasets,1234,S2Agri-10pc-17,20,17,9,200,0.8,entropy,8,24,0,0.001,PyTorch 2.9.0+cu128,100,0.5,8,0.1,False,13th Gen Intel(R) Core(TM) i9-13900K,0.01,32,10,/data/d1/ts_archive/results/441869507881142858/2173d9c76c694d9dbec394a8d101be87/artifacts,,https://github.com/ANON2/TS_Archive.git,ANON1,persistent-chimp-293,2ba81db4ea05c65817b596ef2f113e084de3fbd8,file:///home/ANON1/repos/TS_Archive-1#ts_archive_experiments,PROJECT,main.py,conda,local
b87ed7855d024b8abdd98e8a318c117e,441869507881142858,FINISHED,/data/d1/ts_archive/results/441869507881142858/b87ed7855d024b8abdd98e8a318c117e/artifacts,2025-12-25 10:23:31.557000+00:00,2025-12-25 10:45:05.825000+00:00,0.013513952042769735,,207309.0,,0.48900433864805365,16068.3997997502,,0.12203419914068835,0.5627561451712877,48823.0,0.4980342202477338,0.5083937059573476,67.6334856133908,287326.64645954536,0.5627561451712877,5.688156210047308e-05,1215.2518215058371,2873.2664645954537,12.152518215058372,,,,,,,,,,,,,,64,4661858,,5850881,-1,Hydra,XRF,/data/d1/ts_archive/datasets,1234,S2Agri-10pc-17,20,17,9,200,0.0,entropy,8,24,0,0.001,PyTorch 2.9.0+cu128,100,0.5,8,0.1,False,13th Gen Intel(R) Core(TM) i9-13900K,0.01,32,10,/data/d1/ts_archive/results/441869507881142858/b87ed7855d024b8abdd98e8a318c117e/artifacts,,https://github.com/ANON2/TS_Archive.git,ANON1,calm-sloth-118,2ba81db4ea05c65817b596ef2f113e084de3fbd8,file:///home/ANON1/repos/TS_Archive-1#ts_archive_experiments,PROJECT,main.py,conda,local
c07c0816e8b641059fa6970827a3df62,441869507881142858,FINISHED,/data/d1/ts_archive/results/441869507881142858/c07c0816e8b641059fa6970827a3df62/artifacts,2025-12-25 10:19:38.179000+00:00,2025-12-25 10:23:28.577000+00:00,0.0013904501492061634,,772077377.0,,0.21496052399525634,1653.27720775956,,0.26321404057285935,0.6517561056430363,3859798.0,0.5567087846225914,0.735397177741207,10.020343792624772,29115.18750620268,0.6517561056430363,8.427375915036776e-06,207.90539383608848,291.1518750620268,2.0790539383608846,,2120.0,5525910.0,3859798.0,330.0,,,,,,,,,64,4661858,,5850881,-1,Quant,XRF,/data/d1/ts_archive/datasets,1234,S2Agri-10pc-17,20,17,9,200,0.8,entropy,8,24,0,0.001,PyTorch 2.9.0+cu128,100,0.5,8,0.1,False,13th Gen Intel(R) Core(TM) i9-13900K,0.01,65536,10,/data/d1/ts_archive/results/441869507881142858/c07c0816e8b641059fa6970827a3df62/artifacts,,https://github.com/ANON2/TS_Archive.git,ANON1,hilarious-wren-731,2ba81db4ea05c65817b596ef2f113e084de3fbd8,file:///home/ANON1/repos/TS_Archive-1#ts_archive_experiments,PROJECT,main.py,conda,local
1754d22d8aa14411ad99e21ee26db9e0,441869507881142858,FINISHED,/data/d1/ts_archive/results/441869507881142858/1754d22d8aa14411ad99e21ee26db9e0/artifacts,2025-12-25 10:16:11.166000+00:00,2025-12-25 10:19:36.570000+00:00,0.004557174369909042,,628041509.0,,0.21250217748560288,5418.58514083236,,0.2599683149959089,0.6547669809583162,3139622.0,0.5589996390106102,0.7584638050564649,25.56731001380831,24284.22694274088,0.6547669809583162,2.150278843538629e-05,167.65221923589706,242.84226942740878,1.6765221923589706,,,,,,,,,,,,,,64,4661858,,5850881,-1,Quant,XRF,/data/d1/ts_archive/datasets,1234,S2Agri-10pc-17,20,17,9,200,0.0,entropy,8,24,0,0.001,PyTorch 2.9.0+cu128,100,0.5,8,0.1,False,13th Gen Intel(R) Core(TM) i9-13900K,0.01,65536,10,/data/d1/ts_archive/results/441869507881142858/1754d22d8aa14411ad99e21ee26db9e0/artifacts,,https://github.com/ANON2/TS_Archive.git,ANON1,calm-boar-389,2ba81db4ea05c65817b596ef2f113e084de3fbd8,file:///home/ANON1/repos/TS_Archive-1#ts_archive_experiments,PROJECT,main.py,conda,local
0b6fa0dfb58142ccb7043b87d9e46a4d,441869507881142858,FINISHED,/data/d1/ts_archive/results/441869507881142858/0b6fa0dfb58142ccb7043b87d9e46a4d/artifacts,2025-12-25 10:04:18.926000+00:00,2025-12-25 10:16:08.292000+00:00,0.004821458484878426,,803348216.0,,0.16818073557623797,5732.825032065601,,0.2097901316171236,0.6419791711346207,4016070.0,0.5332340683629749,0.7556563669798729,26.936956230551004,110428.18530189048,0.6419791711346207,2.2654697369648024e-05,669.5529194772243,1104.2818530189047,6.695529194772243,,,,,,2120.0,4016070.0,370.0,5105564.0,2048.0,754.0,384.0,4168.0,64,4661858,,5850881,-1,Hydrant,XRF,/data/d1/ts_archive/datasets,1234,S2Agri-10pc-17,20,17,9,200,0.8,entropy,8,24,0,0.001,PyTorch 2.9.0+cu128,100,0.5,8,0.1,False,13th Gen Intel(R) Core(TM) i9-13900K,0.01,65536,10,/data/d1/ts_archive/results/441869507881142858/0b6fa0dfb58142ccb7043b87d9e46a4d/artifacts,4,https://github.com/ANON2/TS_Archive.git,ANON1,secretive-bear-579,2ba81db4ea05c65817b596ef2f113e084de3fbd8,file:///home/ANON1/repos/TS_Archive-1#ts_archive_experiments,PROJECT,main.py,conda,local
f836198eed734f45aeaf6c6e0e9fc210,441869507881142858,FINISHED,/data/d1/ts_archive/results/441869507881142858/f836198eed734f45aeaf6c6e0e9fc210/artifacts,2025-12-25 09:53:18.048000+00:00,2025-12-25 10:04:17.152000+00:00,0.015999498512195308,,1021272709.0,,0.1969665715984145,19023.771719466,,0.24440977346386544,0.6556803358723927,5105564.0,0.5608707170389514,0.7582114841621126,84.62483334634453,91177.34044296817,0.6556803358723927,7.117173792798334e-05,560.682919446379,911.7734044296817,5.606829194463789,,,,,,,,,,,,,,64,4661858,,5850881,-1,Hydrant,XRF,/data/d1/ts_archive/datasets,1234,S2Agri-10pc-17,20,17,9,200,0.0,entropy,8,24,0,0.001,PyTorch 2.9.0+cu128,100,0.5,8,0.1,False,13th Gen Intel(R) Core(TM) i9-13900K,0.01,65536,10,/data/d1/ts_archive/results/441869507881142858/f836198eed734f45aeaf6c6e0e9fc210/artifacts,4,https://github.com/ANON2/TS_Archive.git,ANON1,clumsy-grub-604,2ba81db4ea05c65817b596ef2f113e084de3fbd8,file:///home/ANON1/repos/TS_Archive-1#ts_archive_experiments,PROJECT,main.py,conda,local
610afbc52808407d87fa1022c656a87f,441869507881142858,FINISHED,/data/d1/ts_archive/results/441869507881142858/610afbc52808407d87fa1022c656a87f/artifacts,2025-12-25 07:20:09.065000+00:00,2025-12-25 09:53:15.187000+00:00,0.6954129681493463,1728.0,106504.0,9216.0,0.7457028446877677,38882.6252881344,22774.0,0.7521352447900873,0.8272315919374743,22774.0,0.8185962574886424,0.8193111060123237,142.37292279023677,2271410.6494352818,0.8272315919374743,0.002546329526053633,9033.34783318825,22714.106494352818,90.3334783318825,116374.0,,,,,,,,,,,,,64,223653,,279566,-1,Hydra,XRF,/data/d1/ts_archive/datasets,1234,MosquitoSound,20,6,9,200,0.8,entropy,8,3750,2,0.001,PyTorch 2.9.0+cu128,100,0.5,8,0.1,False,13th Gen Intel(R) Core(TM) i9-13900K,0.01,32,1,/data/d1/ts_archive/results/441869507881142858/610afbc52808407d87fa1022c656a87f/artifacts,,https://github.com/ANON2/TS_Archive.git,ANON1,indecisive-wren-339,2ba81db4ea05c65817b596ef2f113e084de3fbd8,file:///home/ANON1/repos/TS_Archive-1#ts_archive_experiments,PROJECT,main.py,conda,local
08dcb8d8ac3d40858ac8466ada9d515e,441869507881142858,FINISHED,/data/d1/ts_archive/results/441869507881142858/08dcb8d8ac3d40858ac8466ada9d515e/artifacts,2025-12-25 04:51:05.297000+00:00,2025-12-25 07:20:07.341000+00:00,4.28465292028721,,479757.0,,0.8333799323639299,239567.7987320188,,0.8409555849279043,0.890329619229875,116374.0,0.8869327567172393,0.8865852922747661,965.5638107731938,1965001.6656014659,0.890329619229875,0.017269039593175002,7965.971955727786,19650.016656014657,79.65971955727785,,,,,,,,,,,,,,64,223653,,279566,-1,Hydra,XRF,/data/d1/ts_archive/datasets,1234,MosquitoSound,20,6,9,200,0.0,entropy,8,3750,2,0.001,PyTorch 2.9.0+cu128,100,0.5,8,0.1,False,13th Gen Intel(R) Core(TM) i9-13900K,0.01,32,1,/data/d1/ts_archive/results/441869507881142858/08dcb8d8ac3d40858ac8466ada9d515e/artifacts,,https://github.com/ANON2/TS_Archive.git,ANON1,beautiful-jay-689,2ba81db4ea05c65817b596ef2f113e084de3fbd8,file:///home/ANON1/repos/TS_Archive-1#ts_archive_experiments,PROJECT,main.py,conda,local
88fbf1c2f4ec4dbaa92b12028f11ce42,441869507881142858,FINISHED,/data/d1/ts_archive/results/441869507881142858/88fbf1c2f4ec4dbaa92b12028f11ce42/artifacts,2025-12-25 04:34:09.363000+00:00,2025-12-25 04:51:02.308000+00:00,0.015076747480756174,,293261489.0,,0.6290286136809978,842.98618189152,,0.6420439723755365,0.7623093019512457,2616928.0,0.7404341362208701,0.7813158683353179,3.800829657353461,234270.2858233464,0.7623093019512457,6.797756617161412e-05,998.4807960391043,2342.702858233464,9.984807960391043,,33178.0,2261732.0,2616928.0,4340.0,,,,,,,,,64,223653,,279566,-1,Quant,XRF,/data/d1/ts_archive/datasets,1234,MosquitoSound,20,6,9,200,0.8,entropy,8,3750,2,0.001,PyTorch 2.9.0+cu128,100,0.5,8,0.1,False,13th Gen Intel(R) Core(TM) i9-13900K,0.01,65536,1,/data/d1/ts_archive/results/441869507881142858/88fbf1c2f4ec4dbaa92b12028f11ce42/artifacts,,https://github.com/ANON2/TS_Archive.git,ANON1,defiant-shoat-704,2ba81db4ea05c65817b596ef2f113e084de3fbd8,file:///home/ANON1/repos/TS_Archive-1#ts_archive_experiments,PROJECT,main.py,conda,local
b32693e925f941c1995e86b0472848c1,441869507881142858,FINISHED,/data/d1/ts_archive/results/441869507881142858/b32693e925f941c1995e86b0472848c1/artifacts,2025-12-25 04:18:19.468000+00:00,2025-12-25 04:34:07.585000+00:00,0.10297606770995725,,243702952.0,,0.6397625322191934,5757.70087386684,,0.6521784940498313,0.7774757212097365,2174458.0,0.754308108020602,0.7974957895397543,23.304286648519337,211455.8133043511,0.7774757212097365,0.0004167954974428011,913.6217465801165,2114.5581330435107,9.136217465801165,,,,,,,,,,,,,,64,223653,,279566,-1,Quant,XRF,/data/d1/ts_archive/datasets,1234,MosquitoSound,20,6,9,200,0.0,entropy,8,3750,2,0.001,PyTorch 2.9.0+cu128,100,0.5,8,0.1,False,13th Gen Intel(R) Core(TM) i9-13900K,0.01,65536,1,/data/d1/ts_archive/results/441869507881142858/b32693e925f941c1995e86b0472848c1/artifacts,,https://github.com/ANON2/TS_Archive.git,ANON1,suave-bug-540,2ba81db4ea05c65817b596ef2f113e084de3fbd8,file:///home/ANON1/repos/TS_Archive-1#ts_archive_experiments,PROJECT,main.py,conda,local
7b8b6d3c0a01464d83a1c4efd555850a,441869507881142858,FINISHED,/data/d1/ts_archive/results/441869507881142858/7b8b6d3c0a01464d83a1c4efd555850a/artifacts,2025-12-25 02:08:00.486000+00:00,2025-12-25 04:18:16.523000+00:00,1.0637041558739433,,283941121.0,,0.6266848107089557,59474.890467379795,,0.6387074333496985,0.7694990431563321,2533298.0,0.7452843466592352,0.7902053713210023,290.65494067780674,1519353.114798651,0.7694990431563321,0.005198342794659681,7511.230825226754,15193.53114798651,75.11230825226754,,,,,,33178.0,2533298.0,9017.0,2065806.0,9216.0,10745.0,1728.0,42394.0,64,223653,,279566,-1,Hydrant,XRF,/data/d1/ts_archive/datasets,1234,MosquitoSound,20,6,9,200,0.8,entropy,8,3750,2,0.001,PyTorch 2.9.0+cu128,100,0.5,8,0.1,False,13th Gen Intel(R) Core(TM) i9-13900K,0.01,65536,1,/data/d1/ts_archive/results/441869507881142858/7b8b6d3c0a01464d83a1c4efd555850a/artifacts,59,https://github.com/ANON2/TS_Archive.git,ANON1,trusting-moth-444,2ba81db4ea05c65817b596ef2f113e084de3fbd8,file:///home/ANON1/repos/TS_Archive-1#ts_archive_experiments,PROJECT,main.py,conda,local
1a27312f909d496bbc794a9f0a6572c4,441869507881142858,FINISHED,/data/d1/ts_archive/results/441869507881142858/1a27312f909d496bbc794a9f0a6572c4/artifacts,2025-12-25 00:12:46.410000+00:00,2025-12-25 02:07:57.453000+00:00,3.5809943658168155,,231713096.0,,0.6533445094880135,200224.1379759156,,0.6704114137209819,0.7913186557687837,2065806.0,0.7699547368694609,0.8102517561434656,1025.3587086228654,1183941.9391468614,0.7913186557687837,0.01833846705815938,5874.739057945088,11839.419391468615,58.74739057945087,,,,,,,,,,,,,,64,223653,,279566,-1,Hydrant,XRF,/data/d1/ts_archive/datasets,1234,MosquitoSound,20,6,9,200,0.0,entropy,8,3750,2,0.001,PyTorch 2.9.0+cu128,100,0.5,8,0.1,False,13th Gen Intel(R) Core(TM) i9-13900K,0.01,65536,1,/data/d1/ts_archive/results/441869507881142858/1a27312f909d496bbc794a9f0a6572c4/artifacts,59,https://github.com/ANON2/TS_Archive.git,ANON1,intelligent-deer-633,2ba81db4ea05c65817b596ef2f113e084de3fbd8,file:///home/ANON1/repos/TS_Archive-1#ts_archive_experiments,PROJECT,main.py,conda,local
5d5db525c7ca4efcbf74c57ae017c6b7,441869507881142858,FINISHED,/data/d1/ts_archive/results/441869507881142858/5d5db525c7ca4efcbf74c57ae017c6b7/artifacts,2025-12-24 21:41:05.301000+00:00,2025-12-25 00:12:43.643000+00:00,0.6666907129570024,1728.0,106495.0,9216.0,0.7491035294807675,37276.67783356488,22774.0,0.7559529026024677,0.8303972242591169,22774.0,0.8215167649533929,0.8224120112733133,138.96961988694966,2237436.0140585285,0.8303972242591169,0.0024854616974039965,8949.100529334508,22374.360140585286,89.49100529334508,116374.0,,,,,,,,,,,,,64,223653,,279566,-1,Hydra,XRF,/data/d1/ts_archive/datasets,1234,MosquitoSound,20,6,9,200,0.8,entropy,8,3750,1,0.001,PyTorch 2.9.0+cu128,100,0.5,8,0.1,False,13th Gen Intel(R) Core(TM) i9-13900K,0.01,32,1,/data/d1/ts_archive/results/441869507881142858/5d5db525c7ca4efcbf74c57ae017c6b7/artifacts,,https://github.com/ANON2/TS_Archive.git,ANON1,burly-perch-105,2ba81db4ea05c65817b596ef2f113e084de3fbd8,file:///home/ANON1/repos/TS_Archive-1#ts_archive_experiments,PROJECT,main.py,conda,local
a8c7b4357c1e48ac8f161b10991c24b4,441869507881142858,FINISHED,/data/d1/ts_archive/results/441869507881142858/a8c7b4357c1e48ac8f161b10991c24b4/artifacts,2025-12-24 19:07:26.125000+00:00,2025-12-24 21:41:03.683000+00:00,4.39030121818385,,479757.0,,0.8346389986550068,245474.9120123136,,0.8429826662826446,0.8927619694883122,116374.0,0.8892003436076095,0.8890068064691994,992.357785878703,2027999.2471603723,0.8927619694883122,0.017748247918707688,8215.36901069805,20279.992471603724,82.1536901069805,,,,,,,,,,,,,,64,223653,,279566,-1,Hydra,XRF,/data/d1/ts_archive/datasets,1234,MosquitoSound,20,6,9,200,0.0,entropy,8,3750,1,0.001,PyTorch 2.9.0+cu128,100,0.5,8,0.1,False,13th Gen Intel(R) Core(TM) i9-13900K,0.01,32,1,/data/d1/ts_archive/results/441869507881142858/a8c7b4357c1e48ac8f161b10991c24b4/artifacts,,https://github.com/ANON2/TS_Archive.git,ANON1,resilient-duck-893,2ba81db4ea05c65817b596ef2f113e084de3fbd8,file:///home/ANON1/repos/TS_Archive-1#ts_archive_experiments,PROJECT,main.py,conda,local
0d6bcf1ec913458ea7816249919ed5c6,441869507881142858,FINISHED,/data/d1/ts_archive/results/441869507881142858/0d6bcf1ec913458ea7816249919ed5c6/artifacts,2025-12-24 18:50:32.578000+00:00,2025-12-24 19:07:23.508000+00:00,0.01600119479772289,,294694193.0,,0.626017266450723,894.67480472508,,0.6379066396571421,0.7631498935846762,2629720.0,0.7398392190699119,0.7834205045563544,3.917980717495084,235022.49251214587,0.7631498935846762,7.00728044908176e-05,996.5375807220116,2350.2249251214585,9.965375807220116,,33178.0,2262876.0,2629720.0,4340.0,,,,,,,,,64,223653,,279566,-1,Quant,XRF,/data/d1/ts_archive/datasets,1234,MosquitoSound,20,6,9,200,0.8,entropy,8,3750,1,0.001,PyTorch 2.9.0+cu128,100,0.5,8,0.1,False,13th Gen Intel(R) Core(TM) i9-13900K,0.01,65536,1,/data/d1/ts_archive/results/441869507881142858/0d6bcf1ec913458ea7816249919ed5c6/artifacts,,https://github.com/ANON2/TS_Archive.git,ANON1,grandiose-crane-323,2ba81db4ea05c65817b596ef2f113e084de3fbd8,file:///home/ANON1/repos/TS_Archive-1#ts_archive_experiments,PROJECT,main.py,conda,local
84cdf1f386f24ad39afd4cc0d6b1c563,441869507881142858,FINISHED,/data/d1/ts_archive/results/441869507881142858/84cdf1f386f24ad39afd4cc0d6b1c563/artifacts,2025-12-24 18:34:40.059000+00:00,2025-12-24 18:50:30.960000+00:00,0.10152772042168011,,243946664.0,,0.6389988469455197,5676.7194319374,,0.6510867828441983,0.7781016937027168,2176634.0,0.7544171028252292,0.7992828889093863,23.93483946379274,213248.60848019342,0.7781016937027168,0.0004280728893780112,915.8200550395997,2132.4860848019343,9.158200550395996,,,,,,,,,,,,,,64,223653,,279566,-1,Quant,XRF,/data/d1/ts_archive/datasets,1234,MosquitoSound,20,6,9,200,0.0,entropy,8,3750,1,0.001,PyTorch 2.9.0+cu128,100,0.5,8,0.1,False,13th Gen Intel(R) Core(TM) i9-13900K,0.01,65536,1,/data/d1/ts_archive/results/441869507881142858/84cdf1f386f24ad39afd4cc0d6b1c563/artifacts,,https://github.com/ANON2/TS_Archive.git,ANON1,languid-seal-388,2ba81db4ea05c65817b596ef2f113e084de3fbd8,file:///home/ANON1/repos/TS_Archive-1#ts_archive_experiments,PROJECT,main.py,conda,local
d982fd5926704be8a0edb495a96da356,441869507881142858,FINISHED,/data/d1/ts_archive/results/441869507881142858/d982fd5926704be8a0edb495a96da356/artifacts,2025-12-24 16:25:01.968000+00:00,2025-12-24 18:34:36.984000+00:00,1.0699337000366242,,284236801.0,,0.6290884349800114,59823.202970147766,,0.6398344688208034,0.7715558099189813,2535938.0,0.7470907628530961,0.7930347592087349,291.3003449169919,1512558.5092940175,0.7715558099189813,0.005209885803247758,7469.406028094701,15125.585092940175,74.694060280947,,,,,,33178.0,2535938.0,8973.0,2068556.0,9216.0,10701.0,1728.0,42394.0,64,223653,,279566,-1,Hydrant,XRF,/data/d1/ts_archive/datasets,1234,MosquitoSound,20,6,9,200,0.8,entropy,8,3750,1,0.001,PyTorch 2.9.0+cu128,100,0.5,8,0.1,False,13th Gen Intel(R) Core(TM) i9-13900K,0.01,65536,1,/data/d1/ts_archive/results/441869507881142858/d982fd5926704be8a0edb495a96da356/artifacts,59,https://github.com/ANON2/TS_Archive.git,ANON1,big-fly-313,2ba81db4ea05c65817b596ef2f113e084de3fbd8,file:///home/ANON1/repos/TS_Archive-1#ts_archive_experiments,PROJECT,main.py,conda,local
19476d1bc70e4b529eecadb09475bb5b,441869507881142858,FINISHED,/data/d1/ts_archive/results/441869507881142858/19476d1bc70e4b529eecadb09475bb5b/artifacts,2025-12-24 14:32:35.554000+00:00,2025-12-24 16:24:58.877000+00:00,3.5976431451913427,,232021096.0,,0.6518896978138499,201155.02117708354,,0.6692437179032155,0.7916226995510883,2068556.0,0.769814465248982,0.8122346800330738,1019.3968631057068,1170354.9621672567,0.7916226995510883,0.018231839878126852,5712.774140238762,11703.549621672568,57.12774140238762,,,,,,,,,,,,,,64,223653,,279566,-1,Hydrant,XRF,/data/d1/ts_archive/datasets,1234,MosquitoSound,20,6,9,200,0.0,entropy,8,3750,1,0.001,PyTorch 2.9.0+cu128,100,0.5,8,0.1,False,13th Gen Intel(R) Core(TM) i9-13900K,0.01,65536,1,/data/d1/ts_archive/results/441869507881142858/19476d1bc70e4b529eecadb09475bb5b/artifacts,59,https://github.com/ANON2/TS_Archive.git,ANON1,nosy-bug-498,2ba81db4ea05c65817b596ef2f113e084de3fbd8,file:///home/ANON1/repos/TS_Archive-1#ts_archive_experiments,PROJECT,main.py,conda,local
25c196449f2d43099cbee9c5ce50a453,441869507881142858,FINISHED,/data/d1/ts_archive/results/441869507881142858/25c196449f2d43099cbee9c5ce50a453/artifacts,2025-12-24 12:02:06.337000+00:00,2025-12-24 14:32:32.724000+00:00,0.7010217505875266,1728.0,106495.0,9216.0,0.7463738783051181,39196.93016235096,22774.0,0.7544905198790154,0.829166219551454,22774.0,0.820202567789496,0.8209125174789365,145.19708499126136,2239809.8449340113,0.829166219551454,0.002596793021269474,8870.732818250544,22398.098449340112,88.70732818250545,116374.0,,,,,,,,,,,,,64,223652,,279566,-1,Hydra,XRF,/data/d1/ts_archive/datasets,1234,MosquitoSound,20,6,9,200,0.8,entropy,8,3750,0,0.001,PyTorch 2.9.0+cu128,100,0.5,8,0.1,False,13th Gen Intel(R) Core(TM) i9-13900K,0.01,32,1,/data/d1/ts_archive/results/441869507881142858/25c196449f2d43099cbee9c5ce50a453/artifacts,,https://github.com/ANON2/TS_Archive.git,ANON1,amazing-eel-178,2ba81db4ea05c65817b596ef2f113e084de3fbd8,file:///home/ANON1/repos/TS_Archive-1#ts_archive_experiments,PROJECT,main.py,conda,local
12956f162ca44f69a48b3ccbb21501ca,441869507881142858,FINISHED,/data/d1/ts_archive/results/441869507881142858/12956f162ca44f69a48b3ccbb21501ca/artifacts,2025-12-24 09:41:29.108000+00:00,2025-12-24 12:02:04.645000+00:00,4.099674642455488,,479757.0,,0.8342989543786291,229229.2079582562,,0.8421805153582625,0.8912436956755017,116374.0,0.8878460686651478,0.887479670297836,916.3490069927648,1889237.9382632305,0.8912436956755017,0.01638854324485397,7508.783838014118,18892.379382632305,75.08783838014118,,,,,,,,,,,,,,64,223652,,279566,-1,Hydra,XRF,/data/d1/ts_archive/datasets,1234,MosquitoSound,20,6,9,200,0.0,entropy,8,3750,0,0.001,PyTorch 2.9.0+cu128,100,0.5,8,0.1,False,13th Gen Intel(R) Core(TM) i9-13900K,0.01,32,1,/data/d1/ts_archive/results/441869507881142858/12956f162ca44f69a48b3ccbb21501ca/artifacts,,https://github.com/ANON2/TS_Archive.git,ANON1,skillful-grub-879,2ba81db4ea05c65817b596ef2f113e084de3fbd8,file:///home/ANON1/repos/TS_Archive-1#ts_archive_experiments,PROJECT,main.py,conda,local
988494c5ce254def8ea70b4d8bc3accf,441869507881142858,FINISHED,/data/d1/ts_archive/results/441869507881142858/988494c5ce254def8ea70b4d8bc3accf/artifacts,2025-12-24 09:24:30.318000+00:00,2025-12-24 09:41:26.243000+00:00,0.0156575303757592,,294034290.0,,0.6243669680835505,875.4751534302,,0.6357439664227391,0.7626712451264441,2623828.0,0.7389680798980456,0.7851766125992561,3.993132593110204,233662.77399613897,0.7626712451264441,7.141561314000436e-05,1001.4346762951463,2336.6277399613896,10.014346762951464,,33178.0,2260456.0,2623828.0,4135.0,,,,,,,,,64,223652,,279566,-1,Quant,XRF,/data/d1/ts_archive/datasets,1234,MosquitoSound,20,6,9,200,0.8,entropy,8,3750,0,0.001,PyTorch 2.9.0+cu128,100,0.5,8,0.1,False,13th Gen Intel(R) Core(TM) i9-13900K,0.01,65536,1,/data/d1/ts_archive/results/441869507881142858/988494c5ce254def8ea70b4d8bc3accf/artifacts,,https://github.com/ANON2/TS_Archive.git,ANON1,honorable-yak-350,2ba81db4ea05c65817b596ef2f113e084de3fbd8,file:///home/ANON1/repos/TS_Archive-1#ts_archive_experiments,PROJECT,main.py,conda,local
582343ef7061426ead65cff7fa9ec6c7,441869507881142858,FINISHED,/data/d1/ts_archive/results/441869507881142858/582343ef7061426ead65cff7fa9ec6c7/artifacts,2025-12-24 09:08:28.305000+00:00,2025-12-24 09:24:28.742000+00:00,0.10495291162703937,,243859976.0,,0.6356130091644697,5868.33710071428,,0.6477585535636315,0.7762814321994491,2175860.0,0.7524676753341302,0.7981665512097265,23.752154665067792,212853.00430417754,0.7762814321994491,0.00042479798735679423,904.6507861400024,2128.5300430417756,9.046507861400023,,,,,,,,,,,,,,64,223652,,279566,-1,Quant,XRF,/data/d1/ts_archive/datasets,1234,MosquitoSound,20,6,9,200,0.0,entropy,8,3750,0,0.001,PyTorch 2.9.0+cu128,100,0.5,8,0.1,False,13th Gen Intel(R) Core(TM) i9-13900K,0.01,65536,1,/data/d1/ts_archive/results/441869507881142858/582343ef7061426ead65cff7fa9ec6c7/artifacts,,https://github.com/ANON2/TS_Archive.git,ANON1,amazing-sheep-859,2ba81db4ea05c65817b596ef2f113e084de3fbd8,file:///home/ANON1/repos/TS_Archive-1#ts_archive_experiments,PROJECT,main.py,conda,local
5e4fb22afa914bd79edace47cb065f44,441869507881142858,FINISHED,/data/d1/ts_archive/results/441869507881142858/5e4fb22afa914bd79edace47cb065f44/artifacts,2025-12-24 06:56:38.975000+00:00,2025-12-24 09:08:20.135000+00:00,1.061687724815141,,282795809.0,,0.6238084123080131,59363.2074453138,,0.6360172298714901,0.7681797045462675,2523072.0,0.7436012221599623,0.7920523517475336,289.50906500034034,1531576.1365420353,0.7681797045462675,0.005177756286445977,7594.110037343577,15315.761365420352,75.94110037343576,,,,,,33178.0,2523072.0,8885.0,2067098.0,9216.0,10613.0,1728.0,42394.0,64,223652,,279566,-1,Hydrant,XRF,/data/d1/ts_archive/datasets,1234,MosquitoSound,20,6,9,200,0.8,entropy,8,3750,0,0.001,PyTorch 2.9.0+cu128,100,0.5,8,0.1,False,13th Gen Intel(R) Core(TM) i9-13900K,0.01,65536,1,/data/d1/ts_archive/results/441869507881142858/5e4fb22afa914bd79edace47cb065f44/artifacts,59,https://github.com/ANON2/TS_Archive.git,ANON1,sedate-snail-886,2ba81db4ea05c65817b596ef2f113e084de3fbd8,file:///home/ANON1/repos/TS_Archive-1#ts_archive_experiments,PROJECT,main.py,conda,local
09c91c02d5924afa8094400de3d30a65,441869507881142858,FINISHED,/data/d1/ts_archive/results/441869507881142858/09c91c02d5924afa8094400de3d30a65/artifacts,2025-12-24 05:00:07.792000+00:00,2025-12-24 06:56:24.025000+00:00,3.5642751603199656,,231857800.0,,0.651540862099577,199292.88131413056,,0.669492368457362,0.7917873877740816,2067098.0,0.7702022887445041,0.8133308796282406,1010.053549750708,1196537.0930853288,0.7917873877740816,0.018064412307306005,5953.30734751001,11965.370930853289,59.5330734751001,,,,,,,,,,,,,,64,223652,,279566,-1,Hydrant,XRF,/data/d1/ts_archive/datasets,1234,MosquitoSound,20,6,9,200,0.0,entropy,8,3750,0,0.001,PyTorch 2.9.0+cu128,100,0.5,8,0.1,False,13th Gen Intel(R) Core(TM) i9-13900K,0.01,65536,1,/data/d1/ts_archive/results/441869507881142858/09c91c02d5924afa8094400de3d30a65/artifacts,59,https://github.com/ANON2/TS_Archive.git,ANON1,big-hare-582,2ba81db4ea05c65817b596ef2f113e084de3fbd8,file:///home/ANON1/repos/TS_Archive-1#ts_archive_experiments,PROJECT,main.py,conda,local
03b92d2331b846a5a7d8920a21d3e119,441869507881142858,FINISHED,/data/d1/ts_archive/results/441869507881142858/03b92d2331b846a5a7d8920a21d3e119/artifacts,2025-12-24 04:55:11.653000+00:00,2025-12-24 05:00:04.831000+00:00,0.03493004982879492,960.0,61248.0,5120.0,0.5950837912069733,1034.20891533096,10410.0,0.5923812516678773,0.6062888408538233,10410.0,0.6095260617413181,0.6149580427096148,4.124423800036311,72979.461620307,0.6062888408538233,0.00013930099297609805,278.91921599023044,729.7946162030701,2.7891921599023046,45770.0,,,,,,,,,,,,,64,140638,,170246,-1,Hydra,XRF,/data/d1/ts_archive/datasets,1234,DREAMERV,20,2,9,200,0.8,entropy,8,256,2,0.001,PyTorch 2.9.0+cu128,100,0.5,8,0.1,False,13th Gen Intel(R) Core(TM) i9-13900K,0.01,32,14,/data/d1/ts_archive/results/441869507881142858/03b92d2331b846a5a7d8920a21d3e119/artifacts,,https://github.com/ANON2/TS_Archive.git,ANON1,able-toad-493,2ba81db4ea05c65817b596ef2f113e084de3fbd8,file:///home/ANON1/repos/TS_Archive-1#ts_archive_experiments,PROJECT,main.py,conda,local
293bcf76cd634a26979230e1d6129dbd,441869507881142858,FINISHED,/data/d1/ts_archive/results/441869507881142858/293bcf76cd634a26979230e1d6129dbd/artifacts,2025-12-24 04:50:43.311000+00:00,2025-12-24 04:55:09.869000+00:00,0.11336206926892058,,201677.0,,0.559700281202932,3356.4241469142003,,0.5588188691320408,0.6015266144285328,45770.0,0.5900754495476888,0.5869437319713232,12.61275463178754,62811.72460750571,0.6015266144285328,0.0004259914425759099,243.53242159076035,628.1172460750571,2.4353242159076034,,,,,,,,,,,,,,64,140638,,170246,-1,Hydra,XRF,/data/d1/ts_archive/datasets,1234,DREAMERV,20,2,9,200,0.0,entropy,8,256,2,0.001,PyTorch 2.9.0+cu128,100,0.5,8,0.1,False,13th Gen Intel(R) Core(TM) i9-13900K,0.01,32,14,/data/d1/ts_archive/results/441869507881142858/293bcf76cd634a26979230e1d6129dbd/artifacts,,https://github.com/ANON2/TS_Archive.git,ANON1,skittish-bee-985,2ba81db4ea05c65817b596ef2f113e084de3fbd8,file:///home/ANON1/repos/TS_Archive-1#ts_archive_experiments,PROJECT,main.py,conda,local
64b2f609595f4201ae9e25bd3ce09e21,441869507881142858,FINISHED,/data/d1/ts_archive/results/441869507881142858/64b2f609595f4201ae9e25bd3ce09e21/artifacts,2025-12-24 04:29:51.092000+00:00,2025-12-24 04:50:40.392000+00:00,0.0316733554879519,,95159849.0,,0.53994823017085,937.78470928728,,0.5396490521221857,0.5610645771413132,1187550.0,0.5622584272676535,0.5636089649623667,4.468045844696462,289785.3494192474,0.5610645771413132,0.0001509067091561896,1234.0896163303405,2897.853494192474,12.340896163303405,,31542.0,1712714.0,1187550.0,11732.0,,,,,,,,,64,140638,,170246,-1,Quant,XRF,/data/d1/ts_archive/datasets,1234,DREAMERV,20,2,9,200,0.8,entropy,8,256,2,0.001,PyTorch 2.9.0+cu128,100,0.5,8,0.1,False,13th Gen Intel(R) Core(TM) i9-13900K,0.01,65536,14,/data/d1/ts_archive/results/441869507881142858/64b2f609595f4201ae9e25bd3ce09e21/artifacts,,https://github.com/ANON2/TS_Archive.git,ANON1,entertaining-sow-278,2ba81db4ea05c65817b596ef2f113e084de3fbd8,file:///home/ANON1/repos/TS_Archive-1#ts_archive_experiments,PROJECT,main.py,conda,local
aa7a9bd30401426da832641ffdfe1791,441869507881142858,FINISHED,/data/d1/ts_archive/results/441869507881142858/aa7a9bd30401426da832641ffdfe1791/artifacts,2025-12-24 04:14:47.106000+00:00,2025-12-24 04:29:49.344000+00:00,0.0685698962408025,,91768506.0,,0.5240796622532977,2030.2174878976803,,0.5230713580859013,0.5407660091867063,1145182.0,0.5439897059241666,0.5484978971478265,8.424713044427335,205177.2064455006,0.5407660091867063,0.0002845417807493696,883.191218293272,2051.772064455006,8.831912182932719,,,,,,,,,,,,,,64,140638,,170246,-1,Quant,XRF,/data/d1/ts_archive/datasets,1234,DREAMERV,20,2,9,200,0.0,entropy,8,256,2,0.001,PyTorch 2.9.0+cu128,100,0.5,8,0.1,False,13th Gen Intel(R) Core(TM) i9-13900K,0.01,65536,14,/data/d1/ts_archive/results/441869507881142858/aa7a9bd30401426da832641ffdfe1791/artifacts,,https://github.com/ANON2/TS_Archive.git,ANON1,blushing-swan-806,2ba81db4ea05c65817b596ef2f113e084de3fbd8,file:///home/ANON1/repos/TS_Archive-1#ts_archive_experiments,PROJECT,main.py,conda,local
f556fdc4b7004e589e606dda56240440,441869507881142858,FINISHED,/data/d1/ts_archive/results/441869507881142858/f556fdc4b7004e589e606dda56240440/artifacts,2025-12-24 03:48:30.390000+00:00,2025-12-24 04:14:44.228000+00:00,0.08704901990580112,,108267578.0,,0.4992970419973265,2577.3473813709597,,0.4990561834282434,0.5202985679546068,1350894.0,0.5225457941346141,0.5252646584789693,10.792987190186976,358828.27360944374,0.5202985679546068,0.0003645294241484388,1552.4195148721335,3588.2827360944375,15.524195148721335,,,,,,31542.0,1350894.0,7224.0,1674734.0,5120.0,8184.0,960.0,36662.0,64,140638,,170246,-1,Hydrant,XRF,/data/d1/ts_archive/datasets,1234,DREAMERV,20,2,9,200,0.8,entropy,8,256,2,0.001,PyTorch 2.9.0+cu128,100,0.5,8,0.1,False,13th Gen Intel(R) Core(TM) i9-13900K,0.01,65536,14,/data/d1/ts_archive/results/441869507881142858/f556fdc4b7004e589e606dda56240440/artifacts,56,https://github.com/ANON2/TS_Archive.git,ANON1,enchanting-stag-842,2ba81db4ea05c65817b596ef2f113e084de3fbd8,file:///home/ANON1/repos/TS_Archive-1#ts_archive_experiments,PROJECT,main.py,conda,local
30b0ffd6cbd44033a97693bbda3b79c4,441869507881142858,FINISHED,/data/d1/ts_archive/results/441869507881142858/30b0ffd6cbd44033a97693bbda3b79c4/artifacts,2025-12-24 03:26:57.123000+00:00,2025-12-24 03:48:28.723000+00:00,0.2594110810501216,,134246746.0,,0.529045186530797,7680.643287732,,0.5265730323808908,0.540090516076736,1674734.0,0.5447890777691355,0.5531037764066999,31.19027676898986,294358.3731589792,0.540090516076736,0.0010534408527759342,1249.8065731124952,2943.5837315897916,12.498065731124953,,,,,,,,,,,,,,64,140638,,170246,-1,Hydrant,XRF,/data/d1/ts_archive/datasets,1234,DREAMERV,20,2,9,200,0.0,entropy,8,256,2,0.001,PyTorch 2.9.0+cu128,100,0.5,8,0.1,False,13th Gen Intel(R) Core(TM) i9-13900K,0.01,65536,14,/data/d1/ts_archive/results/441869507881142858/30b0ffd6cbd44033a97693bbda3b79c4/artifacts,56,https://github.com/ANON2/TS_Archive.git,ANON1,orderly-roo-494,2ba81db4ea05c65817b596ef2f113e084de3fbd8,file:///home/ANON1/repos/TS_Archive-1#ts_archive_experiments,PROJECT,main.py,conda,local
efff1f5aae4f407b9c3204cb5ea8b46b,441869507881142858,FINISHED,/data/d1/ts_archive/results/441869507881142858/efff1f5aae4f407b9c3204cb5ea8b46b/artifacts,2025-12-24 03:22:30.521000+00:00,2025-12-24 03:26:54.361000+00:00,0.039669917786871116,960.0,61263.0,5120.0,0.5750384279984874,1174.54692583368,10410.0,0.5694732648794123,0.5711631991353688,10410.0,0.5736001663238776,0.5853532592047452,4.265531862154603,64474.4677806684,0.5711631991353688,0.00014406686916220625,249.7252121791244,644.744677806684,2.4972521217912442,45770.0,,,,,,,,,,,,,64,140638,,170246,-1,Hydra,XRF,/data/d1/ts_archive/datasets,1234,DREAMERV,20,2,9,200,0.8,entropy,8,256,1,0.001,PyTorch 2.9.0+cu128,100,0.5,8,0.1,False,13th Gen Intel(R) Core(TM) i9-13900K,0.01,32,14,/data/d1/ts_archive/results/441869507881142858/efff1f5aae4f407b9c3204cb5ea8b46b/artifacts,,https://github.com/ANON2/TS_Archive.git,ANON1,resilient-hog-485,2ba81db4ea05c65817b596ef2f113e084de3fbd8,file:///home/ANON1/repos/TS_Archive-1#ts_archive_experiments,PROJECT,main.py,conda,local
410d3d8992f74c09b1e3ec0df214b091,441869507881142858,FINISHED,/data/d1/ts_archive/results/441869507881142858/410d3d8992f74c09b1e3ec0df214b091/artifacts,2025-12-24 03:18:12.584000+00:00,2025-12-24 03:22:28.974000+00:00,0.11096567828731288,,201677.0,,0.5816565141178061,3285.47180273076,,0.5731398145992224,0.5737300729532558,45770.0,0.5755683980177253,0.5929107798080506,12.281831390224395,61190.02231595352,0.5737300729532558,0.00041481462409566317,234.0673783365637,611.9002231595352,2.340673783365637,,,,,,,,,,,,,,64,140638,,170246,-1,Hydra,XRF,/data/d1/ts_archive/datasets,1234,DREAMERV,20,2,9,200,0.0,entropy,8,256,1,0.001,PyTorch 2.9.0+cu128,100,0.5,8,0.1,False,13th Gen Intel(R) Core(TM) i9-13900K,0.01,32,14,/data/d1/ts_archive/results/441869507881142858/410d3d8992f74c09b1e3ec0df214b091/artifacts,,https://github.com/ANON2/TS_Archive.git,ANON1,exultant-sheep-753,2ba81db4ea05c65817b596ef2f113e084de3fbd8,file:///home/ANON1/repos/TS_Archive-1#ts_archive_experiments,PROJECT,main.py,conda,local
08d48b05313f45b591857de67ddeb913,441869507881142858,FINISHED,/data/d1/ts_archive/results/441869507881142858/08d48b05313f45b591857de67ddeb913/artifacts,2025-12-24 02:56:11.464000+00:00,2025-12-24 03:18:09.914000+00:00,0.033499282598839504,,77016169.0,,0.5692828030303727,991.84675918644,,0.5668492597482067,0.5948730072953256,960754.0,0.5837059290336202,0.5849510914682605,4.751234396360815,306004.6484320306,0.5948730072953256,0.00016047130492977623,1303.28113532532,3060.046484320306,13.032811353253202,,31542.0,1620522.0,960754.0,11788.0,,,,,,,,,64,140638,,170246,-1,Quant,XRF,/data/d1/ts_archive/datasets,1234,DREAMERV,20,2,9,200,0.8,entropy,8,256,1,0.001,PyTorch 2.9.0+cu128,100,0.5,8,0.1,False,13th Gen Intel(R) Core(TM) i9-13900K,0.01,65536,14,/data/d1/ts_archive/results/441869507881142858/08d48b05313f45b591857de67ddeb913/artifacts,,https://github.com/ANON2/TS_Archive.git,ANON1,clumsy-tern-216,2ba81db4ea05c65817b596ef2f113e084de3fbd8,file:///home/ANON1/repos/TS_Archive-1#ts_archive_experiments,PROJECT,main.py,conda,local
4a29cbf428194024b744748bbec6f3a2,441869507881142858,FINISHED,/data/d1/ts_archive/results/441869507881142858/4a29cbf428194024b744748bbec6f3a2/artifacts,2025-12-24 02:40:37.106000+00:00,2025-12-24 02:56:09.905000+00:00,0.07354889285942044,,73751866.0,,0.578777921362705,2177.6356197817204,,0.5750617703743854,0.6075047284517698,919974.0,0.5930261512679865,0.597661466080115,9.346361014992,213451.46001208512,0.6075047284517698,0.0003156701234460957,913.2221984770148,2134.5146001208514,9.132221984770148,,,,,,,,,,,,,,64,140638,,170246,-1,Quant,XRF,/data/d1/ts_archive/datasets,1234,DREAMERV,20,2,9,200,0.0,entropy,8,256,1,0.001,PyTorch 2.9.0+cu128,100,0.5,8,0.1,False,13th Gen Intel(R) Core(TM) i9-13900K,0.01,65536,14,/data/d1/ts_archive/results/441869507881142858/4a29cbf428194024b744748bbec6f3a2/artifacts,,https://github.com/ANON2/TS_Archive.git,ANON1,lyrical-crane-137,2ba81db4ea05c65817b596ef2f113e084de3fbd8,file:///home/ANON1/repos/TS_Archive-1#ts_archive_experiments,PROJECT,main.py,conda,local
b59ed327da57434597bb2ec3abb650fe,441869507881142858,FINISHED,/data/d1/ts_archive/results/441869507881142858/b59ed327da57434597bb2ec3abb650fe/artifacts,2025-12-24 02:12:40.066000+00:00,2025-12-24 02:40:34.195000+00:00,0.06983121814522696,,86791903.0,,0.553156298928864,2067.56270684388,,0.5479751955729792,0.582477708727371,1082448.0,0.5670823330533453,0.5697018132399858,8.534142591059208,380995.4914695472,0.582477708727371,0.0002882377259882197,1654.9696378670633,3809.9549146954723,16.54969637867063,,,,,,31542.0,1082448.0,7812.0,1597144.0,5120.0,8772.0,960.0,36662.0,64,140638,,170246,-1,Hydrant,XRF,/data/d1/ts_archive/datasets,1234,DREAMERV,20,2,9,200,0.8,entropy,8,256,1,0.001,PyTorch 2.9.0+cu128,100,0.5,8,0.1,False,13th Gen Intel(R) Core(TM) i9-13900K,0.01,65536,14,/data/d1/ts_archive/results/441869507881142858/b59ed327da57434597bb2ec3abb650fe/artifacts,56,https://github.com/ANON2/TS_Archive.git,ANON1,sneaky-slug-279,2ba81db4ea05c65817b596ef2f113e084de3fbd8,file:///home/ANON1/repos/TS_Archive-1#ts_archive_experiments,PROJECT,main.py,conda,local
c0811bfd655f4beea978e9ec6141d173,441869507881142858,FINISHED,/data/d1/ts_archive/results/441869507881142858/c0811bfd655f4beea978e9ec6141d173/artifacts,2025-12-24 01:49:54.156000+00:00,2025-12-24 02:12:38.336000+00:00,0.24269196165006482,,128039546.0,,0.5556837837310881,7185.623600535119,,0.5506265589754664,0.584977033234261,1597144.0,0.5696355558472401,0.5724789071155862,28.778071607463065,311731.1266291679,0.584977033234261,0.0009719694544536296,1324.6567940507084,3117.3112662916787,13.246567940507084,,,,,,,,,,,,,,64,140638,,170246,-1,Hydrant,XRF,/data/d1/ts_archive/datasets,1234,DREAMERV,20,2,9,200,0.0,entropy,8,256,1,0.001,PyTorch 2.9.0+cu128,100,0.5,8,0.1,False,13th Gen Intel(R) Core(TM) i9-13900K,0.01,65536,14,/data/d1/ts_archive/results/441869507881142858/c0811bfd655f4beea978e9ec6141d173/artifacts,56,https://github.com/ANON2/TS_Archive.git,ANON1,resilient-cow-863,2ba81db4ea05c65817b596ef2f113e084de3fbd8,file:///home/ANON1/repos/TS_Archive-1#ts_archive_experiments,PROJECT,main.py,conda,local
6f0b114192f84020abed480f1550bff2,441869507881142858,FINISHED,/data/d1/ts_archive/results/441869507881142858/6f0b114192f84020abed480f1550bff2/artifacts,2025-12-24 01:44:57.214000+00:00,2025-12-24 01:49:51.437000+00:00,0.0425620663976101,960.0,61258.0,5120.0,0.5621170335771868,1260.17766190044,10410.0,0.5553067892587479,0.5970008105917319,10410.0,0.5774001136006468,0.5834748902824827,4.628557424992323,72750.37525815601,0.5970008105917319,0.00015632793248420438,279.3939535804093,727.5037525815601,2.793939535804093,45770.0,,,,,,,,,,,,,64,140638,,170246,-1,Hydra,XRF,/data/d1/ts_archive/datasets,1234,DREAMERV,20,2,9,200,0.8,entropy,8,256,0,0.001,PyTorch 2.9.0+cu128,100,0.5,8,0.1,False,13th Gen Intel(R) Core(TM) i9-13900K,0.01,32,14,/data/d1/ts_archive/results/441869507881142858/6f0b114192f84020abed480f1550bff2/artifacts,,https://github.com/ANON2/TS_Archive.git,ANON1,overjoyed-chimp-378,2ba81db4ea05c65817b596ef2f113e084de3fbd8,file:///home/ANON1/repos/TS_Archive-1#ts_archive_experiments,PROJECT,main.py,conda,local
c56e11cddbc742f5860de8f5d9773bc9,441869507881142858,FINISHED,/data/d1/ts_archive/results/441869507881142858/c56e11cddbc742f5860de8f5d9773bc9/artifacts,2025-12-24 01:40:39.989000+00:00,2025-12-24 01:44:55.620000+00:00,0.10014887628949609,,201677.0,,0.560084068512458,2965.2079291794003,,0.5567627456295368,0.5893001891380708,45770.0,0.5762478962920895,0.5773059383383881,12.469066701829432,61609.291329826076,0.5893001891380708,0.0004211384322422802,233.094305569306,616.0929132982608,2.33094305569306,,,,,,,,,,,,,,64,140638,,170246,-1,Hydra,XRF,/data/d1/ts_archive/datasets,1234,DREAMERV,20,2,9,200,0.0,entropy,8,256,0,0.001,PyTorch 2.9.0+cu128,100,0.5,8,0.1,False,13th Gen Intel(R) Core(TM) i9-13900K,0.01,32,14,/data/d1/ts_archive/results/441869507881142858/c56e11cddbc742f5860de8f5d9773bc9/artifacts,,https://github.com/ANON2/TS_Archive.git,ANON1,bemused-goat-280,2ba81db4ea05c65817b596ef2f113e084de3fbd8,file:///home/ANON1/repos/TS_Archive-1#ts_archive_experiments,PROJECT,main.py,conda,local
b41899e3a81548e280bbb21dea70930e,441869507881142858,FINISHED,/data/d1/ts_archive/results/441869507881142858/b41899e3a81548e280bbb21dea70930e/artifacts,2025-12-24 01:17:57.574000+00:00,2025-12-24 01:40:37.246000+00:00,0.036152156010992975,,73941929.0,,0.5598101178800321,1070.39303517348,,0.5596530578980903,0.5796406376654958,922326.0,0.5748750511134701,0.5730764648984434,4.604642733931541,314997.8377529725,0.5796406376654958,0.00015552022203227308,1344.5133068123832,3149.978377529725,13.445133068123832,,31542.0,1616178.0,922326.0,11676.0,,,,,,,,,64,140638,,170246,-1,Quant,XRF,/data/d1/ts_archive/datasets,1234,DREAMERV,20,2,9,200,0.8,entropy,8,256,0,0.001,PyTorch 2.9.0+cu128,100,0.5,8,0.1,False,13th Gen Intel(R) Core(TM) i9-13900K,0.01,65536,14,/data/d1/ts_archive/results/441869507881142858/b41899e3a81548e280bbb21dea70930e/artifacts,,https://github.com/ANON2/TS_Archive.git,ANON1,stately-crane-704,2ba81db4ea05c65817b596ef2f113e084de3fbd8,file:///home/ANON1/repos/TS_Archive-1#ts_archive_experiments,PROJECT,main.py,conda,local
8c26d3cde60d497d96b4a51ee6a0f825,441869507881142858,FINISHED,/data/d1/ts_archive/results/441869507881142858/8c26d3cde60d497d96b4a51ee6a0f825/artifacts,2025-12-24 01:02:14.644000+00:00,2025-12-24 01:17:55.895000+00:00,0.07185272593587544,,72893786.0,,0.5794239999799052,2127.4155095094,,0.5792147322704615,0.6015603890840313,909248.0,0.5949480658967827,0.5939542224640358,8.258420303463936,215008.10162634062,0.6015603890840313,0.0002789253007114272,922.5047614462674,2150.081016263406,9.225047614462675,,,,,,,,,,,,,,64,140638,,170246,-1,Quant,XRF,/data/d1/ts_archive/datasets,1234,DREAMERV,20,2,9,200,0.0,entropy,8,256,0,0.001,PyTorch 2.9.0+cu128,100,0.5,8,0.1,False,13th Gen Intel(R) Core(TM) i9-13900K,0.01,65536,14,/data/d1/ts_archive/results/441869507881142858/8c26d3cde60d497d96b4a51ee6a0f825/artifacts,,https://github.com/ANON2/TS_Archive.git,ANON1,resilient-elk-216,2ba81db4ea05c65817b596ef2f113e084de3fbd8,file:///home/ANON1/repos/TS_Archive-1#ts_archive_experiments,PROJECT,main.py,conda,local
24ea6b944f9f4c328d33349f9f1c2ecf,441869507881142858,FINISHED,/data/d1/ts_archive/results/441869507881142858/24ea6b944f9f4c328d33349f9f1c2ecf/artifacts,2025-12-24 00:34:42.878000+00:00,2025-12-24 01:02:11.862000+00:00,0.0578057918769873,,87070715.0,,0.5707413704519804,1711.5138858938399,,0.5668411199965604,0.6018305863280194,1085938.0,0.5868160928137118,0.5902145033659172,6.560366173274815,377948.5286204228,0.6018305863280194,0.00022157410744646093,1631.7905492875725,3779.485286204228,16.317905492875724,,,,,,31542.0,1085938.0,7140.0,1580624.0,5120.0,8100.0,960.0,36662.0,64,140638,,170246,-1,Hydrant,XRF,/data/d1/ts_archive/datasets,1234,DREAMERV,20,2,9,200,0.8,entropy,8,256,0,0.001,PyTorch 2.9.0+cu128,100,0.5,8,0.1,False,13th Gen Intel(R) Core(TM) i9-13900K,0.01,65536,14,/data/d1/ts_archive/results/441869507881142858/24ea6b944f9f4c328d33349f9f1c2ecf/artifacts,56,https://github.com/ANON2/TS_Archive.git,ANON1,efficient-gull-151,2ba81db4ea05c65817b596ef2f113e084de3fbd8,file:///home/ANON1/repos/TS_Archive-1#ts_archive_experiments,PROJECT,main.py,conda,local
4eef8685aae4466d99c65e8a540265ae,441869507881142858,FINISHED,/data/d1/ts_archive/results/441869507881142858/4eef8685aae4466d99c65e8a540265ae/artifacts,2025-12-24 00:11:51.982000+00:00,2025-12-24 00:34:41.071000+00:00,0.23334341352308027,,126717946.0,,0.5831392931696906,6908.831787591361,,0.5832918199134166,0.6036544177249392,1580624.0,0.5982378733720193,0.5970042907923687,28.154598933644596,313162.4122502123,0.6036544177249392,0.0009509118796826735,1329.9921443276107,3131.6241225021226,13.299921443276107,,,,,,,,,,,,,,64,140638,,170246,-1,Hydrant,XRF,/data/d1/ts_archive/datasets,1234,DREAMERV,20,2,9,200,0.0,entropy,8,256,0,0.001,PyTorch 2.9.0+cu128,100,0.5,8,0.1,False,13th Gen Intel(R) Core(TM) i9-13900K,0.01,65536,14,/data/d1/ts_archive/results/441869507881142858/4eef8685aae4466d99c65e8a540265ae/artifacts,56,https://github.com/ANON2/TS_Archive.git,ANON1,placid-foal-507,2ba81db4ea05c65817b596ef2f113e084de3fbd8,file:///home/ANON1/repos/TS_Archive-1#ts_archive_experiments,PROJECT,main.py,conda,local
f8d14b567ebf4c55af847534adcad2ef,441869507881142858,FINISHED,/data/d1/ts_archive/results/441869507881142858/f8d14b567ebf4c55af847534adcad2ef/artifacts,2025-12-24 00:06:48.412000+00:00,2025-12-24 00:11:49.158000+00:00,0.038768340347508784,960.0,61258.0,5120.0,0.47891942733241705,1147.85302100904,10410.0,0.4758219198422777,0.4774047554714942,10410.0,0.47516037821482393,0.4787501809245017,4.118265585973859,73168.54280850348,0.4774047554714942,0.00013909300141765263,286.47137232590467,731.6854280850348,2.8647137232590465,45770.0,,,,,,,,,,,,,64,140638,,170246,-1,Hydra,XRF,/data/d1/ts_archive/datasets,1234,DREAMERA,20,2,9,200,0.8,entropy,8,256,2,0.001,PyTorch 2.9.0+cu128,100,0.5,8,0.1,False,13th Gen Intel(R) Core(TM) i9-13900K,0.01,32,14,/data/d1/ts_archive/results/441869507881142858/f8d14b567ebf4c55af847534adcad2ef/artifacts,,https://github.com/ANON2/TS_Archive.git,ANON1,nebulous-midge-727,2ba81db4ea05c65817b596ef2f113e084de3fbd8,file:///home/ANON1/repos/TS_Archive-1#ts_archive_experiments,PROJECT,main.py,conda,local
d6aaa767ec0c4d679ee991293c71bb84,441869507881142858,FINISHED,/data/d1/ts_archive/results/441869507881142858/d6aaa767ec0c4d679ee991293c71bb84/artifacts,2025-12-24 00:02:17.450000+00:00,2025-12-24 00:06:46.709000+00:00,0.10788584099866658,,201677.0,,0.5103442059473888,3194.28398028852,,0.5062219554687849,0.5085112131856255,45770.0,0.5054497852071521,0.5109099158897761,12.510183850303292,63124.28939866464,0.5085112131856255,0.00042252714976706606,246.6801914665848,631.2428939866463,2.466801914665848,,,,,,,,,,,,,,64,140638,,170246,-1,Hydra,XRF,/data/d1/ts_archive/datasets,1234,DREAMERA,20,2,9,200,0.0,entropy,8,256,2,0.001,PyTorch 2.9.0+cu128,100,0.5,8,0.1,False,13th Gen Intel(R) Core(TM) i9-13900K,0.01,32,14,/data/d1/ts_archive/results/441869507881142858/d6aaa767ec0c4d679ee991293c71bb84/artifacts,,https://github.com/ANON2/TS_Archive.git,ANON1,abrasive-deer-271,2ba81db4ea05c65817b596ef2f113e084de3fbd8,file:///home/ANON1/repos/TS_Archive-1#ts_archive_experiments,PROJECT,main.py,conda,local
1f8b14aefe4f461fb9a1759e61c782ea,441869507881142858,FINISHED,/data/d1/ts_archive/results/441869507881142858/1f8b14aefe4f461fb9a1759e61c782ea/artifacts,2025-12-23 23:41:36.928000+00:00,2025-12-24 00:02:14.529000+00:00,0.03335275864417725,,92623369.0,,0.5450517217601878,987.5084779368,,0.5318751886203414,0.5414752769521751,1155844.0,0.5303355518124059,0.5504114424856286,4.195299169048667,288004.9505098561,0.5414752769521751,0.00014169478414782042,1222.7793586766347,2880.049505098561,12.227793586766348,,31542.0,1699404.0,1155844.0,11690.0,,,,,,,,,64,140638,,170246,-1,Quant,XRF,/data/d1/ts_archive/datasets,1234,DREAMERA,20,2,9,200,0.8,entropy,8,256,2,0.001,PyTorch 2.9.0+cu128,100,0.5,8,0.1,False,13th Gen Intel(R) Core(TM) i9-13900K,0.01,65536,14,/data/d1/ts_archive/results/441869507881142858/1f8b14aefe4f461fb9a1759e61c782ea/artifacts,,https://github.com/ANON2/TS_Archive.git,ANON1,righteous-ant-568,2ba81db4ea05c65817b596ef2f113e084de3fbd8,file:///home/ANON1/repos/TS_Archive-1#ts_archive_experiments,PROJECT,main.py,conda,local
53506194b3d7403ca9dce830373e9562,441869507881142858,FINISHED,/data/d1/ts_archive/results/441869507881142858/53506194b3d7403ca9dce830373e9562/artifacts,2025-12-23 23:26:47.731000+00:00,2025-12-23 23:41:35.160000+00:00,0.072313796308776,,89457146.0,,0.5485754894604715,2141.06688111024,,0.5326847467506878,0.5446163199135369,1116290.0,0.5309697880208764,0.5557002108850495,8.307890257798135,203857.72778716197,0.5446163199135369,0.000280596131376592,868.5171398557723,2038.5772778716198,8.685171398557722,,,,,,,,,,,,,,64,140638,,170246,-1,Quant,XRF,/data/d1/ts_archive/datasets,1234,DREAMERA,20,2,9,200,0.0,entropy,8,256,2,0.001,PyTorch 2.9.0+cu128,100,0.5,8,0.1,False,13th Gen Intel(R) Core(TM) i9-13900K,0.01,65536,14,/data/d1/ts_archive/results/441869507881142858/53506194b3d7403ca9dce830373e9562/artifacts,,https://github.com/ANON2/TS_Archive.git,ANON1,debonair-donkey-772,2ba81db4ea05c65817b596ef2f113e084de3fbd8,file:///home/ANON1/repos/TS_Archive-1#ts_archive_experiments,PROJECT,main.py,conda,local
63edae32e1514d56b47f07a94f212333,441869507881142858,FINISHED,/data/d1/ts_archive/results/441869507881142858/63edae32e1514d56b47f07a94f212333/artifacts,2025-12-23 23:00:41.917000+00:00,2025-12-23 23:26:44.775000+00:00,0.07248777429348555,,107688213.0,,0.5001314811438509,2146.21802128152,,0.4919150279755322,0.49746690083761147,1343652.0,0.4906952303838638,0.5004033657398299,8.255148515105247,358444.1292849205,0.49746690083761147,0.0002788147971867484,1543.82450520806,3584.441292849205,15.4382450520806,,,,,,31542.0,1343652.0,7840.0,1690910.0,5120.0,8800.0,960.0,36662.0,64,140638,,170246,-1,Hydrant,XRF,/data/d1/ts_archive/datasets,1234,DREAMERA,20,2,9,200,0.8,entropy,8,256,2,0.001,PyTorch 2.9.0+cu128,100,0.5,8,0.1,False,13th Gen Intel(R) Core(TM) i9-13900K,0.01,65536,14,/data/d1/ts_archive/results/441869507881142858/63edae32e1514d56b47f07a94f212333/artifacts,56,https://github.com/ANON2/TS_Archive.git,ANON1,caring-loon-216,2ba81db4ea05c65817b596ef2f113e084de3fbd8,file:///home/ANON1/repos/TS_Archive-1#ts_archive_experiments,PROJECT,main.py,conda,local
3f2b05244299480bb7a162471fc875d0,441869507881142858,FINISHED,/data/d1/ts_archive/results/441869507881142858/3f2b05244299480bb7a162471fc875d0/artifacts,2025-12-23 22:38:45.022000+00:00,2025-12-23 23:00:40.284000+00:00,0.2772374338042259,,135540826.0,,0.5390436908919213,8208.44594007552,,0.515876032373463,0.5342812753309917,1690910.0,0.5137080841297216,0.5477545945632065,33.703622040338814,299377.31937793235,0.5342812753309917,0.0011383282234645642,1271.285548940301,2993.7731937793233,12.71285548940301,,,,,,,,,,,,,,64,140638,,170246,-1,Hydrant,XRF,/data/d1/ts_archive/datasets,1234,DREAMERA,20,2,9,200,0.0,entropy,8,256,2,0.001,PyTorch 2.9.0+cu128,100,0.5,8,0.1,False,13th Gen Intel(R) Core(TM) i9-13900K,0.01,65536,14,/data/d1/ts_archive/results/441869507881142858/3f2b05244299480bb7a162471fc875d0/artifacts,56,https://github.com/ANON2/TS_Archive.git,ANON1,useful-bug-226,2ba81db4ea05c65817b596ef2f113e084de3fbd8,file:///home/ANON1/repos/TS_Archive-1#ts_archive_experiments,PROJECT,main.py,conda,local
4631c4219c8d43cba3f87135fc88a088,441869507881142858,FINISHED,/data/d1/ts_archive/results/441869507881142858/4631c4219c8d43cba3f87135fc88a088/artifacts,2025-12-23 22:33:47.305000+00:00,2025-12-23 22:38:42.335000+00:00,0.037062408248547694,960.0,61253.0,5120.0,0.4215562423424106,1097.343783423,10410.0,0.42120488859184463,0.4213726019994596,10410.0,0.42111770424106065,0.421427128007661,3.9072434781119223,72776.11107091716,0.4213726019994596,0.00013196580242204548,281.0946209114045,727.7611107091716,2.8109462091140447,45770.0,,,,,,,,,,,,,64,140638,,170246,-1,Hydra,XRF,/data/d1/ts_archive/datasets,1234,DREAMERA,20,2,9,200,0.8,entropy,8,256,1,0.001,PyTorch 2.9.0+cu128,100,0.5,8,0.1,False,13th Gen Intel(R) Core(TM) i9-13900K,0.01,32,14,/data/d1/ts_archive/results/441869507881142858/4631c4219c8d43cba3f87135fc88a088/artifacts,,https://github.com/ANON2/TS_Archive.git,ANON1,intrigued-gnat-717,2ba81db4ea05c65817b596ef2f113e084de3fbd8,file:///home/ANON1/repos/TS_Archive-1#ts_archive_experiments,PROJECT,main.py,conda,local
a362bc16f8e94abfa83c0a553eab9b8f,441869507881142858,FINISHED,/data/d1/ts_archive/results/441869507881142858/a362bc16f8e94abfa83c0a553eab9b8f/artifacts,2025-12-23 22:29:17.740000+00:00,2025-12-23 22:33:45.492000+00:00,0.11757969732618483,,201677.0,,0.4532016529703638,3481.29967843368,,0.4495120833546614,0.45251283436908946,45770.0,0.4491524325011481,0.4520029695462572,13.074486861005424,61832.27068690357,0.45251283436908946,0.0004415862895503048,244.27884321380407,618.3227068690356,2.4427884321380406,,,,,,,,,,,,,,64,140638,,170246,-1,Hydra,XRF,/data/d1/ts_archive/datasets,1234,DREAMERA,20,2,9,200,0.0,entropy,8,256,1,0.001,PyTorch 2.9.0+cu128,100,0.5,8,0.1,False,13th Gen Intel(R) Core(TM) i9-13900K,0.01,32,14,/data/d1/ts_archive/results/441869507881142858/a362bc16f8e94abfa83c0a553eab9b8f/artifacts,,https://github.com/ANON2/TS_Archive.git,ANON1,vaunted-hog-382,2ba81db4ea05c65817b596ef2f113e084de3fbd8,file:///home/ANON1/repos/TS_Archive-1#ts_archive_experiments,PROJECT,main.py,conda,local
e427db13ebd74035b45552b8ff643fcf,441869507881142858,FINISHED,/data/d1/ts_archive/results/441869507881142858/e427db13ebd74035b45552b8ff643fcf/artifacts,2025-12-23 22:08:14.171000+00:00,2025-12-23 22:29:14.871000+00:00,0.03504076994857336,,82616809.0,,0.5374206604776449,1037.48711663736,,0.5219505386230721,0.5358686841394218,1030762.0,0.5212287345602686,0.5428162354385782,4.276745171286166,292689.24466509436,0.5358686841394218,0.00014444559481512314,1245.9224358052015,2926.8924466509434,12.459224358052015,,31542.0,1565346.0,1030762.0,11872.0,,,,,,,,,64,140638,,170246,-1,Quant,XRF,/data/d1/ts_archive/datasets,1234,DREAMERA,20,2,9,200,0.8,entropy,8,256,1,0.001,PyTorch 2.9.0+cu128,100,0.5,8,0.1,False,13th Gen Intel(R) Core(TM) i9-13900K,0.01,65536,14,/data/d1/ts_archive/results/441869507881142858/e427db13ebd74035b45552b8ff643fcf/artifacts,,https://github.com/ANON2/TS_Archive.git,ANON1,capricious-sow-187,2ba81db4ea05c65817b596ef2f113e084de3fbd8,file:///home/ANON1/repos/TS_Archive-1#ts_archive_experiments,PROJECT,main.py,conda,local
bab668d2f0a14f6bbc451e4fd3ad2bcd,441869507881142858,FINISHED,/data/d1/ts_archive/results/441869507881142858/bab668d2f0a14f6bbc451e4fd3ad2bcd/artifacts,2025-12-23 21:53:09.583000+00:00,2025-12-23 22:08:12.452000+00:00,0.07179847051346798,,80886106.0,,0.549355129411849,2125.80911496276,,0.5399026205379397,0.5481288840853823,1009152.0,0.5393582201718297,0.5535992468381273,8.368676200509071,206856.81198012744,0.5481288840853823,0.00028264915565080626,883.5282745417207,2068.5681198012744,8.835282745417208,,,,,,,,,,,,,,64,140638,,170246,-1,Quant,XRF,/data/d1/ts_archive/datasets,1234,DREAMERA,20,2,9,200,0.0,entropy,8,256,1,0.001,PyTorch 2.9.0+cu128,100,0.5,8,0.1,False,13th Gen Intel(R) Core(TM) i9-13900K,0.01,65536,14,/data/d1/ts_archive/results/441869507881142858/bab668d2f0a14f6bbc451e4fd3ad2bcd/artifacts,,https://github.com/ANON2/TS_Archive.git,ANON1,grandiose-kit-467,2ba81db4ea05c65817b596ef2f113e084de3fbd8,file:///home/ANON1/repos/TS_Archive-1#ts_archive_experiments,PROJECT,main.py,conda,local
67c713544fca4c099b9cce56570ed5dc,441869507881142858,FINISHED,/data/d1/ts_archive/results/441869507881142858/67c713544fca4c099b9cce56570ed5dc/artifacts,2025-12-23 21:27:09.695000+00:00,2025-12-23 21:53:06.736000+00:00,0.06999311623341935,,94319190.0,,0.5371486327391892,2072.35618543908,,0.5165735855069703,0.5353620643069441,1176544.0,0.5157302445020717,0.5445513938609101,8.173534607514739,356662.26194294123,0.5353620643069441,0.00027605831557399145,1538.5257666269315,3566.622619429412,15.385257666269315,,,,,,31542.0,1176544.0,7280.0,1555322.0,5120.0,8240.0,960.0,36662.0,64,140638,,170246,-1,Hydrant,XRF,/data/d1/ts_archive/datasets,1234,DREAMERA,20,2,9,200,0.8,entropy,8,256,1,0.001,PyTorch 2.9.0+cu128,100,0.5,8,0.1,False,13th Gen Intel(R) Core(TM) i9-13900K,0.01,65536,14,/data/d1/ts_archive/results/441869507881142858/67c713544fca4c099b9cce56570ed5dc/artifacts,56,https://github.com/ANON2/TS_Archive.git,ANON1,welcoming-gnat-540,2ba81db4ea05c65817b596ef2f113e084de3fbd8,file:///home/ANON1/repos/TS_Archive-1#ts_archive_experiments,PROJECT,main.py,conda,local
df0b476f3ec04ebe8a173a1e104a9e5d,441869507881142858,FINISHED,/data/d1/ts_archive/results/441869507881142858/df0b476f3ec04ebe8a173a1e104a9e5d/artifacts,2025-12-23 21:05:34.685000+00:00,2025-12-23 21:27:08.092000+00:00,0.2728981827854526,,124693786.0,,0.508892880530414,8079.969395911679,,0.4892408599676359,0.5071940016211834,1555322.0,0.48839349496795487,0.5105030113000563,34.09459227044135,293772.4364493083,0.5071940016211834,0.001151533108296452,1248.560840974562,2937.724364493083,12.485608409745621,,,,,,,,,,,,,,64,140638,,170246,-1,Hydrant,XRF,/data/d1/ts_archive/datasets,1234,DREAMERA,20,2,9,200,0.0,entropy,8,256,1,0.001,PyTorch 2.9.0+cu128,100,0.5,8,0.1,False,13th Gen Intel(R) Core(TM) i9-13900K,0.01,65536,14,/data/d1/ts_archive/results/441869507881142858/df0b476f3ec04ebe8a173a1e104a9e5d/artifacts,56,https://github.com/ANON2/TS_Archive.git,ANON1,stylish-carp-399,2ba81db4ea05c65817b596ef2f113e084de3fbd8,file:///home/ANON1/repos/TS_Archive-1#ts_archive_experiments,PROJECT,main.py,conda,local
b7bc6e54d555483aa48e1ea7688ae7b3,441869507881142858,FINISHED,/data/d1/ts_archive/results/441869507881142858/b7bc6e54d555483aa48e1ea7688ae7b3/artifacts,2025-12-23 21:00:37.260000+00:00,2025-12-23 21:05:31.779000+00:00,0.037670289529887865,960.0,61248.0,5120.0,0.45906643517821766,1115.3419324009199,10410.0,0.41250024060709056,0.41786003782761416,10410.0,0.4005411456772802,0.47198454778476606,3.957705521024764,72641.74241054844,0.41786003782761416,0.00013367014053717794,280.1962935831398,726.4174241054844,2.8019629358313978,45770.0,,,,,,,,,,,,,64,140638,,170246,-1,Hydra,XRF,/data/d1/ts_archive/datasets,1234,DREAMERA,20,2,9,200,0.8,entropy,8,256,0,0.001,PyTorch 2.9.0+cu128,100,0.5,8,0.1,False,13th Gen Intel(R) Core(TM) i9-13900K,0.01,32,14,/data/d1/ts_archive/results/441869507881142858/b7bc6e54d555483aa48e1ea7688ae7b3/artifacts,,https://github.com/ANON2/TS_Archive.git,ANON1,suave-vole-944,2ba81db4ea05c65817b596ef2f113e084de3fbd8,file:///home/ANON1/repos/TS_Archive-1#ts_archive_experiments,PROJECT,main.py,conda,local
e86615d7dce14fd9957c5e82f1a1b7b9,441869507881142858,FINISHED,/data/d1/ts_archive/results/441869507881142858/e86615d7dce14fd9957c5e82f1a1b7b9/artifacts,2025-12-23 20:56:21.219000+00:00,2025-12-23 21:00:35.596000+00:00,0.09224251252940961,,201677.0,,0.4815272878282942,2731.11631097076,,0.44500825856936044,0.44697379086733313,45770.0,0.4379693772979597,0.5014864857386552,10.141741082072258,60443.864512015316,0.44697379086733313,0.00034253381120211623,233.88207601197064,604.4386451201532,2.3388207601197064,,,,,,,,,,,,,,64,140638,,170246,-1,Hydra,XRF,/data/d1/ts_archive/datasets,1234,DREAMERA,20,2,9,200,0.0,entropy,8,256,0,0.001,PyTorch 2.9.0+cu128,100,0.5,8,0.1,False,13th Gen Intel(R) Core(TM) i9-13900K,0.01,32,14,/data/d1/ts_archive/results/441869507881142858/e86615d7dce14fd9957c5e82f1a1b7b9/artifacts,,https://github.com/ANON2/TS_Archive.git,ANON1,shivering-hog-533,2ba81db4ea05c65817b596ef2f113e084de3fbd8,file:///home/ANON1/repos/TS_Archive-1#ts_archive_experiments,PROJECT,main.py,conda,local
beaaea1e860842a3aef8a098f3001679,441869507881142858,FINISHED,/data/d1/ts_archive/results/441869507881142858/beaaea1e860842a3aef8a098f3001679/artifacts,2025-12-23 20:35:31.006000+00:00,2025-12-23 20:56:18.390000+00:00,0.03659799946203324,,82634089.0,,0.5125033776179201,1083.59356807188,,0.44522615355771544,0.4575114833828695,1030978.0,0.4276318659506519,0.5406150054673637,4.629632732830942,289202.13681853825,0.4575114833828695,0.00015636425063600857,1232.1110496483743,2892.0213681853825,12.321110496483744,,31542.0,1543692.0,1030978.0,11788.0,,,,,,,,,64,140638,,170246,-1,Quant,XRF,/data/d1/ts_archive/datasets,1234,DREAMERA,20,2,9,200,0.8,entropy,8,256,0,0.001,PyTorch 2.9.0+cu128,100,0.5,8,0.1,False,13th Gen Intel(R) Core(TM) i9-13900K,0.01,65536,14,/data/d1/ts_archive/results/441869507881142858/beaaea1e860842a3aef8a098f3001679/artifacts,,https://github.com/ANON2/TS_Archive.git,ANON1,bright-hog-204,2ba81db4ea05c65817b596ef2f113e084de3fbd8,file:///home/ANON1/repos/TS_Archive-1#ts_archive_experiments,PROJECT,main.py,conda,local
76a8156eecd04e8bb690b6c11375ffee,441869507881142858,FINISHED,/data/d1/ts_archive/results/441869507881142858/76a8156eecd04e8bb690b6c11375ffee/artifacts,2025-12-23 20:20:41.920000+00:00,2025-12-23 20:35:29.342000+00:00,0.0746729295130262,,79337146.0,,0.5042924816047479,2210.91609702168,,0.4404353977858564,0.4514658200486355,989790.0,0.42369208181805834,0.5286998482978045,9.340876310132444,203023.48968536724,0.4514658200486355,0.0003154848794289531,867.7530192248523,2030.2348968536724,8.677530192248524,,,,,,,,,,,,,,64,140638,,170246,-1,Quant,XRF,/data/d1/ts_archive/datasets,1234,DREAMERA,20,2,9,200,0.0,entropy,8,256,0,0.001,PyTorch 2.9.0+cu128,100,0.5,8,0.1,False,13th Gen Intel(R) Core(TM) i9-13900K,0.01,65536,14,/data/d1/ts_archive/results/441869507881142858/76a8156eecd04e8bb690b6c11375ffee/artifacts,,https://github.com/ANON2/TS_Archive.git,ANON1,auspicious-perch-259,2ba81db4ea05c65817b596ef2f113e084de3fbd8,file:///home/ANON1/repos/TS_Archive-1#ts_archive_experiments,PROJECT,main.py,conda,local
b0a56d3df41f4d11bfd1d4c0699c7d52,441869507881142858,FINISHED,/data/d1/ts_archive/results/441869507881142858/b0a56d3df41f4d11bfd1d4c0699c7d52/artifacts,2025-12-23 19:54:36.222000+00:00,2025-12-23 20:20:38.914000+00:00,0.06666818505522021,,97703035.0,,0.5032715111605855,1973.91162311496,,0.4519138125163532,0.45798432855984866,1218842.0,0.43962082271068686,0.526859071482737,7.823818039149046,356710.03480496554,0.45798432855984866,0.0002642467589553177,1544.0140930023044,3567.1003480496556,15.440140930023045,,,,,,31542.0,1218842.0,7728.0,1540106.0,5120.0,8688.0,960.0,36662.0,64,140638,,170246,-1,Hydrant,XRF,/data/d1/ts_archive/datasets,1234,DREAMERA,20,2,9,200,0.8,entropy,8,256,0,0.001,PyTorch 2.9.0+cu128,100,0.5,8,0.1,False,13th Gen Intel(R) Core(TM) i9-13900K,0.01,65536,14,/data/d1/ts_archive/results/441869507881142858/b0a56d3df41f4d11bfd1d4c0699c7d52/artifacts,56,https://github.com/ANON2/TS_Archive.git,ANON1,defiant-dog-631,2ba81db4ea05c65817b596ef2f113e084de3fbd8,file:///home/ANON1/repos/TS_Archive-1#ts_archive_experiments,PROJECT,main.py,conda,local
a98a637a9d744499b00c1e955e698a36,441869507881142858,FINISHED,/data/d1/ts_archive/results/441869507881142858/a98a637a9d744499b00c1e955e698a36/artifacts,2025-12-23 19:32:38.579000+00:00,2025-12-23 19:54:34.410000+00:00,0.28213470260623075,,123476506.0,,0.5169497278859696,8353.44427476528,,0.4639300477304316,0.47027830316130775,1540106.0,0.4514975549406028,0.5443996005965469,34.59457922074944,298441.03127801867,0.47027830316130775,0.0011684199952968603,1270.0220672553403,2984.410312780187,12.700220672553403,,,,,,,,,,,,,,64,140638,,170246,-1,Hydrant,XRF,/data/d1/ts_archive/datasets,1234,DREAMERA,20,2,9,200,0.0,entropy,8,256,0,0.001,PyTorch 2.9.0+cu128,100,0.5,8,0.1,False,13th Gen Intel(R) Core(TM) i9-13900K,0.01,65536,14,/data/d1/ts_archive/results/441869507881142858/a98a637a9d744499b00c1e955e698a36/artifacts,56,https://github.com/ANON2/TS_Archive.git,ANON1,mysterious-newt-679,2ba81db4ea05c65817b596ef2f113e084de3fbd8,file:///home/ANON1/repos/TS_Archive-1#ts_archive_experiments,PROJECT,main.py,conda,local
1d55c0f4024243479bb6acd3f1cda9ee,441869507881142858,FINISHED,/data/d1/ts_archive/results/441869507881142858/1d55c0f4024243479bb6acd3f1cda9ee/artifacts,2025-12-23 18:50:21.073000+00:00,2025-12-23 19:32:35.838000+00:00,0.49472790688390245,1728.0,120301.0,9216.0,0.4081564858174222,10405.61206548912,26236.0,0.4125530538516245,0.5504683117006609,26236.0,0.518565507628839,0.5313023661078295,39.05054113548249,621829.7882817491,0.5504683117006609,0.0018566320132878092,2485.558340852149,6218.297882817491,24.85558340852149,134812.0,,,,,,,,,,,,,64,84130,,105163,-1,Hydra,XRF,/data/d1/ts_archive/datasets,1234,WhaleSounds,20,8,9,200,0.8,entropy,8,2500,2,0.001,PyTorch 2.9.0+cu128,100,0.5,8,0.1,False,13th Gen Intel(R) Core(TM) i9-13900K,0.01,32,1,/data/d1/ts_archive/results/441869507881142858/1d55c0f4024243479bb6acd3f1cda9ee/artifacts,,https://github.com/ANON2/TS_Archive.git,ANON1,casual-hawk-878,2ba81db4ea05c65817b596ef2f113e084de3fbd8,file:///home/ANON1/repos/TS_Archive-1#ts_archive_experiments,PROJECT,main.py,conda,local
1cf341602b924f1d9d205ed9729d9ed5,441869507881142858,FINISHED,/data/d1/ts_archive/results/441869507881142858/1cf341602b924f1d9d205ed9729d9ed5/artifacts,2025-12-23 18:09:32.587000+00:00,2025-12-23 18:50:19.382000+00:00,3.16230959284902,,553485.0,,0.45298348696498425,66512.85766639344,,0.4637857067950726,0.5715779964817193,134812.0,0.5532742907446585,0.5489553782677219,266.2183193853125,542156.4458425321,0.5715779964817193,0.012657172984610493,2170.4666856117547,5421.5644584253205,21.704666856117548,,,,,,,,,,,,,,64,84130,,105163,-1,Hydra,XRF,/data/d1/ts_archive/datasets,1234,WhaleSounds,20,8,9,200,0.0,entropy,8,2500,2,0.001,PyTorch 2.9.0+cu128,100,0.5,8,0.1,False,13th Gen Intel(R) Core(TM) i9-13900K,0.01,32,1,/data/d1/ts_archive/results/441869507881142858/1cf341602b924f1d9d205ed9729d9ed5/artifacts,,https://github.com/ANON2/TS_Archive.git,ANON1,angry-gnu-323,2ba81db4ea05c65817b596ef2f113e084de3fbd8,file:///home/ANON1/repos/TS_Archive-1#ts_archive_experiments,PROJECT,main.py,conda,local
573748f0261d444d98abb75235ce727b,441869507881142858,FINISHED,/data/d1/ts_archive/results/441869507881142858/573748f0261d444d98abb75235ce727b/artifacts,2025-12-23 17:59:24.760000+00:00,2025-12-23 18:09:29.662000+00:00,0.009751918960915337,,699503783.0,,0.5221737216239373,205.11211150493227,,0.5284163609134872,0.6906290115532734,5463728.0,0.6563514654106454,0.6856681437508977,0.9635474449023604,144625.45791698748,0.6906290115532734,4.581122259793469e-05,592.8296897253022,1446.254579169875,5.928296897253022,,22105.0,4912788.0,5463728.0,2926.0,,,,,,,,,64,84130,,105163,-1,Quant,XRF,/data/d1/ts_archive/datasets,1234,WhaleSounds,20,8,9,200,0.8,entropy,8,2500,2,0.001,PyTorch 2.9.0+cu128,100,0.5,8,0.1,False,13th Gen Intel(R) Core(TM) i9-13900K,0.01,65536,1,/data/d1/ts_archive/results/441869507881142858/573748f0261d444d98abb75235ce727b/artifacts,,https://github.com/ANON2/TS_Archive.git,ANON1,secretive-bee-977,2ba81db4ea05c65817b596ef2f113e084de3fbd8,file:///home/ANON1/repos/TS_Archive-1#ts_archive_experiments,PROJECT,main.py,conda,local
6cf8fa39bf4a45e58b8aeda9d5e1d96d,441869507881142858,FINISHED,/data/d1/ts_archive/results/441869507881142858/6cf8fa39bf4a45e58b8aeda9d5e1d96d/artifacts,2025-12-23 17:50:06.072000+00:00,2025-12-23 17:59:23.130000+00:00,0.0666412970565169,,584813369.0,,0.5259728901765499,1401.66640098972,,0.5342197506355832,0.6900584795321637,4567724.0,0.656518043962665,0.6762598931776326,5.338044905103743,131416.30597534488,0.6900584795321637,0.0002537937957069245,540.1004905588925,1314.1630597534488,5.401004905588925,,,,,,,,,,,,,,64,84130,,105163,-1,Quant,XRF,/data/d1/ts_archive/datasets,1234,WhaleSounds,20,8,9,200,0.0,entropy,8,2500,2,0.001,PyTorch 2.9.0+cu128,100,0.5,8,0.1,False,13th Gen Intel(R) Core(TM) i9-13900K,0.01,65536,1,/data/d1/ts_archive/results/441869507881142858/6cf8fa39bf4a45e58b8aeda9d5e1d96d/artifacts,,https://github.com/ANON2/TS_Archive.git,ANON1,receptive-gnu-175,2ba81db4ea05c65817b596ef2f113e084de3fbd8,file:///home/ANON1/repos/TS_Archive-1#ts_archive_experiments,PROJECT,main.py,conda,local
a6a1b260231d43bd9bc29bdb84745d29,441869507881142858,FINISHED,/data/d1/ts_archive/results/441869507881142858/a6a1b260231d43bd9bc29bdb84745d29/artifacts,2025-12-23 16:58:37.964000+00:00,2025-12-23 17:50:03.341000+00:00,0.7795510385767052,,706509330.0,,0.49395978179260336,16396.29699438384,,0.5072395327615725,0.6537821518566063,5518098.0,0.62231606978806,0.6438021799560845,70.75986898876727,633835.4040136904,0.6537821518566063,0.0033642309223014914,3003.584244965576,6338.354040136905,30.03584244965576,,,,,,22105.0,5518098.0,5814.0,4770736.0,9216.0,7542.0,1728.0,31321.0,64,84130,,105163,-1,Hydrant,XRF,/data/d1/ts_archive/datasets,1234,WhaleSounds,20,8,9,200,0.8,entropy,8,2500,2,0.001,PyTorch 2.9.0+cu128,100,0.5,8,0.1,False,13th Gen Intel(R) Core(TM) i9-13900K,0.01,65536,1,/data/d1/ts_archive/results/441869507881142858/a6a1b260231d43bd9bc29bdb84745d29/artifacts,40,https://github.com/ANON2/TS_Archive.git,ANON1,invincible-swan-779,2ba81db4ea05c65817b596ef2f113e084de3fbd8,file:///home/ANON1/repos/TS_Archive-1#ts_archive_experiments,PROJECT,main.py,conda,local
0d4442a9910a4fb9bd365fffff254f75,441869507881142858,FINISHED,/data/d1/ts_archive/results/441869507881142858/0d4442a9910a4fb9bd365fffff254f75/artifacts,2025-12-23 16:13:58.061000+00:00,2025-12-23 16:58:36.286000+00:00,2.6395560445564055,,610978073.0,,0.5328938032705941,55517.78228515488,,0.5452074053978655,0.6928160509675272,4770736.0,0.6609664306813626,0.6855276568415529,272.6461638389155,502429.79307306994,0.6928160509675272,0.012962780575234895,2394.730434922501,5024.2979307307,23.94730434922501,,,,,,,,,,,,,,64,84130,,105163,-1,Hydrant,XRF,/data/d1/ts_archive/datasets,1234,WhaleSounds,20,8,9,200,0.0,entropy,8,2500,2,0.001,PyTorch 2.9.0+cu128,100,0.5,8,0.1,False,13th Gen Intel(R) Core(TM) i9-13900K,0.01,65536,1,/data/d1/ts_archive/results/441869507881142858/0d4442a9910a4fb9bd365fffff254f75/artifacts,40,https://github.com/ANON2/TS_Archive.git,ANON1,clean-horse-784,2ba81db4ea05c65817b596ef2f113e084de3fbd8,file:///home/ANON1/repos/TS_Archive-1#ts_archive_experiments,PROJECT,main.py,conda,local
621a9184ccb14d3d9d5b3dbfbe2bb222,441869507881142858,FINISHED,/data/d1/ts_archive/results/441869507881142858/621a9184ccb14d3d9d5b3dbfbe2bb222/artifacts,2025-12-23 15:35:33.689000+00:00,2025-12-23 16:13:55.155000+00:00,0.40671730148227636,1728.0,120310.0,9216.0,0.4162860191571437,8554.485002076719,26236.0,0.42185740425748774,0.5558883659012028,26236.0,0.5244060460400883,0.5362223292615638,32.95197455585003,573096.2843701353,0.5558883659012028,0.001566679720242002,2258.1852519474924,5730.9628437013525,22.581852519474925,134812.0,,,,,,,,,,,,,64,84130,,105163,-1,Hydra,XRF,/data/d1/ts_archive/datasets,1234,WhaleSounds,20,8,9,200,0.8,entropy,8,2500,1,0.001,PyTorch 2.9.0+cu128,100,0.5,8,0.1,False,13th Gen Intel(R) Core(TM) i9-13900K,0.01,32,1,/data/d1/ts_archive/results/441869507881142858/621a9184ccb14d3d9d5b3dbfbe2bb222/artifacts,,https://github.com/ANON2/TS_Archive.git,ANON1,puzzled-wren-205,2ba81db4ea05c65817b596ef2f113e084de3fbd8,file:///home/ANON1/repos/TS_Archive-1#ts_archive_experiments,PROJECT,main.py,conda,local
24a019ca651541629b9754d55585411b,441869507881142858,FINISHED,/data/d1/ts_archive/results/441869507881142858/24a019ca651541629b9754d55585411b/artifacts,2025-12-23 14:54:57.084000+00:00,2025-12-23 15:35:32.105000+00:00,3.0896862976323836,,553485.0,,0.4573931651082606,64985.37189810192,,0.4689088245192071,0.5708172871202396,134812.0,0.554644821575674,0.5512765365953042,268.02817054092884,536693.3624527704,0.5708172871202396,0.012743221154420618,2156.9559064880013,5366.933624527704,21.569559064880014,,,,,,,,,,,,,,64,84130,,105163,-1,Hydra,XRF,/data/d1/ts_archive/datasets,1234,WhaleSounds,20,8,9,200,0.0,entropy,8,2500,1,0.001,PyTorch 2.9.0+cu128,100,0.5,8,0.1,False,13th Gen Intel(R) Core(TM) i9-13900K,0.01,32,1,/data/d1/ts_archive/results/441869507881142858/24a019ca651541629b9754d55585411b/artifacts,,https://github.com/ANON2/TS_Archive.git,ANON1,exultant-fish-311,2ba81db4ea05c65817b596ef2f113e084de3fbd8,file:///home/ANON1/repos/TS_Archive-1#ts_archive_experiments,PROJECT,main.py,conda,local
8db8f7bb020c4d8abcaef8fd1413a3a7,441869507881142858,FINISHED,/data/d1/ts_archive/results/441869507881142858/8db8f7bb020c4d8abcaef8fd1413a3a7/artifacts,2025-12-23 14:44:49.271000+00:00,2025-12-23 14:54:54.206000+00:00,0.010851151033764873,,699702439.0,,0.5286381068148732,228.23225969317656,,0.5362454725659463,0.6918176199305853,5465280.0,0.6590901895205001,0.693352344675197,0.9371946575120093,143991.10166252978,0.6918176199305853,4.455829684362712e-05,593.2292070444673,1439.9110166252979,5.9322920704446735,,22105.0,4914134.0,5465280.0,2936.0,,,,,,,,,64,84130,,105163,-1,Quant,XRF,/data/d1/ts_archive/datasets,1234,WhaleSounds,20,8,9,200,0.8,entropy,8,2500,1,0.001,PyTorch 2.9.0+cu128,100,0.5,8,0.1,False,13th Gen Intel(R) Core(TM) i9-13900K,0.01,65536,1,/data/d1/ts_archive/results/441869507881142858/8db8f7bb020c4d8abcaef8fd1413a3a7/artifacts,,https://github.com/ANON2/TS_Archive.git,ANON1,casual-deer-612,2ba81db4ea05c65817b596ef2f113e084de3fbd8,file:///home/ANON1/repos/TS_Archive-1#ts_archive_experiments,PROJECT,main.py,conda,local
8e3397f9df184431a0b13d9e1a01c611,441869507881142858,FINISHED,/data/d1/ts_archive/results/441869507881142858/8e3397f9df184431a0b13d9e1a01c611/artifacts,2025-12-23 14:35:31.998000+00:00,2025-12-23 14:44:47.539000+00:00,0.06558463866502354,,584969785.0,,0.53219614517023,1379.44170504144,,0.5424557177645142,0.6930537726429896,4568946.0,0.660711530421843,0.6935443473016223,5.276095951907337,130600.18699877268,0.6930537726429896,0.0002508484739175266,539.1950174765661,1306.0018699877269,5.391950174765661,,,,,,,,,,,,,,64,84130,,105163,-1,Quant,XRF,/data/d1/ts_archive/datasets,1234,WhaleSounds,20,8,9,200,0.0,entropy,8,2500,1,0.001,PyTorch 2.9.0+cu128,100,0.5,8,0.1,False,13th Gen Intel(R) Core(TM) i9-13900K,0.01,65536,1,/data/d1/ts_archive/results/441869507881142858/8e3397f9df184431a0b13d9e1a01c611/artifacts,,https://github.com/ANON2/TS_Archive.git,ANON1,honorable-cub-827,2ba81db4ea05c65817b596ef2f113e084de3fbd8,file:///home/ANON1/repos/TS_Archive-1#ts_archive_experiments,PROJECT,main.py,conda,local
b58a6f7991f8408d8c2de0076a8d13dc,441869507881142858,FINISHED,/data/d1/ts_archive/results/441869507881142858/b58a6f7991f8408d8c2de0076a8d13dc/artifacts,2025-12-23 13:44:15.689000+00:00,2025-12-23 14:35:29.089000+00:00,0.7839814865628927,,706323218.0,,0.49409733454438115,16489.48260687732,,0.5087196334787714,0.6516902011125374,5516644.0,0.6212094301024291,0.6511331870510698,71.93541143089533,627815.5365464701,0.6516902011125374,0.003420121306085453,2990.644412083552,6278.155365464701,29.906444120835523,,,,,,22105.0,5516644.0,5756.0,4773430.0,9216.0,7484.0,1728.0,31321.0,64,84130,,105163,-1,Hydrant,XRF,/data/d1/ts_archive/datasets,1234,WhaleSounds,20,8,9,200,0.8,entropy,8,2500,1,0.001,PyTorch 2.9.0+cu128,100,0.5,8,0.1,False,13th Gen Intel(R) Core(TM) i9-13900K,0.01,65536,1,/data/d1/ts_archive/results/441869507881142858/b58a6f7991f8408d8c2de0076a8d13dc/artifacts,40,https://github.com/ANON2/TS_Archive.git,ANON1,grandiose-smelt-203,2ba81db4ea05c65817b596ef2f113e084de3fbd8,file:///home/ANON1/repos/TS_Archive-1#ts_archive_experiments,PROJECT,main.py,conda,local
ab264e8a775947ad8db3a12d2e03ceb6,441869507881142858,FINISHED,/data/d1/ts_archive/results/441869507881142858/ab264e8a775947ad8db3a12d2e03ceb6/artifacts,2025-12-23 12:59:40.098000+00:00,2025-12-23 13:44:13.901000+00:00,2.632359622583637,,611322905.0,,0.5379996223517651,55366.41994180164,,0.552588027169663,0.6931013169780821,4773430.0,0.6634546878367625,0.6914172110898597,271.2919343523681,504687.34117620904,0.6931013169780821,0.012898394634734375,2391.192096799612,5046.873411762091,23.91192096799612,,,,,,,,,,,,,,64,84130,,105163,-1,Hydrant,XRF,/data/d1/ts_archive/datasets,1234,WhaleSounds,20,8,9,200,0.0,entropy,8,2500,1,0.001,PyTorch 2.9.0+cu128,100,0.5,8,0.1,False,13th Gen Intel(R) Core(TM) i9-13900K,0.01,65536,1,/data/d1/ts_archive/results/441869507881142858/ab264e8a775947ad8db3a12d2e03ceb6/artifacts,40,https://github.com/ANON2/TS_Archive.git,ANON1,rare-dolphin-535,2ba81db4ea05c65817b596ef2f113e084de3fbd8,file:///home/ANON1/repos/TS_Archive-1#ts_archive_experiments,PROJECT,main.py,conda,local
9dcc2f012b2449ffac0dc77f9dbc6c4d,441869507881142858,FINISHED,/data/d1/ts_archive/results/441869507881142858/9dcc2f012b2449ffac0dc77f9dbc6c4d/artifacts,2025-12-23 12:18:42.840000+00:00,2025-12-23 12:59:37.408000+00:00,0.4359398094068635,1728.0,120292.0,9216.0,0.4191188769458855,9169.12201125456,26236.0,0.4253285366783308,0.5577901393049018,26236.0,0.5256080250513061,0.5456833025601353,33.89268623944372,605391.7802881695,0.5577901393049018,0.0016114052317521856,2410.654800060205,6053.917802881695,24.10654800060205,134812.0,,,,,,,,,,,,,64,84130,,105163,-1,Hydra,XRF,/data/d1/ts_archive/datasets,1234,WhaleSounds,20,8,9,200,0.8,entropy,8,2500,0,0.001,PyTorch 2.9.0+cu128,100,0.5,8,0.1,False,13th Gen Intel(R) Core(TM) i9-13900K,0.01,32,1,/data/d1/ts_archive/results/441869507881142858/9dcc2f012b2449ffac0dc77f9dbc6c4d/artifacts,,https://github.com/ANON2/TS_Archive.git,ANON1,youthful-donkey-730,2ba81db4ea05c65817b596ef2f113e084de3fbd8,file:///home/ANON1/repos/TS_Archive-1#ts_archive_experiments,PROJECT,main.py,conda,local
4767c2eaf10945808b44581054820faf,441869507881142858,FINISHED,/data/d1/ts_archive/results/441869507881142858/4767c2eaf10945808b44581054820faf/artifacts,2025-12-23 11:36:50.338000+00:00,2025-12-23 12:18:41.122000+00:00,3.1691070601014975,,553485.0,,0.4629863307822523,66655.8287951148,,0.47241459296576477,0.5770455950173536,134812.0,0.5589858097681618,0.5549544906105774,266.98641674406826,554859.0390913438,0.5770455950173536,0.01269369166281882,2233.6465762853622,5548.590390913438,22.33646576285362,,,,,,,,,,,,,,64,84130,,105163,-1,Hydra,XRF,/data/d1/ts_archive/datasets,1234,WhaleSounds,20,8,9,200,0.0,entropy,8,2500,0,0.001,PyTorch 2.9.0+cu128,100,0.5,8,0.1,False,13th Gen Intel(R) Core(TM) i9-13900K,0.01,32,1,/data/d1/ts_archive/results/441869507881142858/4767c2eaf10945808b44581054820faf/artifacts,,https://github.com/ANON2/TS_Archive.git,ANON1,valuable-bug-649,2ba81db4ea05c65817b596ef2f113e084de3fbd8,file:///home/ANON1/repos/TS_Archive-1#ts_archive_experiments,PROJECT,main.py,conda,local
9159683e507b4dd8b3d4e6ad6b078aee,441869507881142858,FINISHED,/data/d1/ts_archive/results/441869507881142858/9159683e507b4dd8b3d4e6ad6b078aee/artifacts,2025-12-23 11:26:39.753000+00:00,2025-12-23 11:36:47.610000+00:00,0.011065564756601904,,700006823.0,,0.5305350883855002,232.74202352560786,,0.5393844715173117,0.6944801026957638,5467658.0,0.6610336706629643,0.6950582956647915,0.958804220892489,144342.8834473494,0.6944801026957638,4.55857091661907e-05,595.7111988319084,1443.428834473494,5.957111988319084,,22105.0,4920972.0,5467658.0,2955.0,,,,,,,,,64,84130,,105163,-1,Quant,XRF,/data/d1/ts_archive/datasets,1234,WhaleSounds,20,8,9,200,0.8,entropy,8,2500,0,0.001,PyTorch 2.9.0+cu128,100,0.5,8,0.1,False,13th Gen Intel(R) Core(TM) i9-13900K,0.01,65536,1,/data/d1/ts_archive/results/441869507881142858/9159683e507b4dd8b3d4e6ad6b078aee/artifacts,,https://github.com/ANON2/TS_Archive.git,ANON1,nimble-crane-572,2ba81db4ea05c65817b596ef2f113e084de3fbd8,file:///home/ANON1/repos/TS_Archive-1#ts_archive_experiments,PROJECT,main.py,conda,local
5514a023e16f496c8f626eb7e92371f6,441869507881142858,FINISHED,/data/d1/ts_archive/results/441869507881142858/5514a023e16f496c8f626eb7e92371f6/artifacts,2025-12-23 11:17:22.470000+00:00,2025-12-23 11:26:37.569000+00:00,0.06091041525550706,,583957817.0,,0.5342053740081943,1281.12876406908,,0.5462244052844607,0.6915798982551229,4561040.0,0.6593659408333622,0.6878285826081805,5.5101278135553,131232.4304903579,0.6915798982551229,0.0002619753631700328,538.4367792094126,1312.3243049035789,5.384367792094126,,,,,,,,,,,,,,64,84130,,105163,-1,Quant,XRF,/data/d1/ts_archive/datasets,1234,WhaleSounds,20,8,9,200,0.0,entropy,8,2500,0,0.001,PyTorch 2.9.0+cu128,100,0.5,8,0.1,False,13th Gen Intel(R) Core(TM) i9-13900K,0.01,65536,1,/data/d1/ts_archive/results/441869507881142858/5514a023e16f496c8f626eb7e92371f6/artifacts,,https://github.com/ANON2/TS_Archive.git,ANON1,defiant-grouse-287,2ba81db4ea05c65817b596ef2f113e084de3fbd8,file:///home/ANON1/repos/TS_Archive-1#ts_archive_experiments,PROJECT,main.py,conda,local
d86422c7c6f94211b28cee07da005c97,441869507881142858,FINISHED,/data/d1/ts_archive/results/441869507881142858/d86422c7c6f94211b28cee07da005c97/artifacts,2025-12-23 10:25:07.492000+00:00,2025-12-23 11:17:19.664000+00:00,0.8216713675388959,,701185563.0,,0.5108724659402881,17282.2138734456,,0.5267452141187734,0.6656206912946322,5476506.0,0.6351630773657806,0.6639168109235485,76.34203918185085,631065.0773795403,0.6656206912946322,0.003629631492504676,3042.705692492425,6310.650773795403,30.42705692492425,,,,,,22105.0,5476506.0,5670.0,4777670.0,9216.0,7398.0,1728.0,31321.0,64,84130,,105163,-1,Hydrant,XRF,/data/d1/ts_archive/datasets,1234,WhaleSounds,20,8,9,200,0.8,entropy,8,2500,0,0.001,PyTorch 2.9.0+cu128,100,0.5,8,0.1,False,13th Gen Intel(R) Core(TM) i9-13900K,0.01,65536,1,/data/d1/ts_archive/results/441869507881142858/d86422c7c6f94211b28cee07da005c97/artifacts,40,https://github.com/ANON2/TS_Archive.git,ANON1,salty-lynx-17,2ba81db4ea05c65817b596ef2f113e084de3fbd8,file:///home/ANON1/repos/TS_Archive-1#ts_archive_experiments,PROJECT,main.py,conda,local
3102496f193c48639940eafa2f2cabe4,441869507881142858,FINISHED,/data/d1/ts_archive/results/441869507881142858/3102496f193c48639940eafa2f2cabe4/artifacts,2025-12-23 09:39:54.668000+00:00,2025-12-23 10:25:04.926000+00:00,2.6411703706174925,,611865625.0,,0.5488351360110699,55551.73640519772,,0.5648426259039259,0.6999477012313983,4777670.0,0.6703799203151012,0.696187192451899,273.17882583104074,507000.4669043092,0.6999477012313983,0.01298810563547952,2425.8623178722337,5070.004669043093,24.25862317872234,,,,,,,,,,,,,,64,84130,,105163,-1,Hydrant,XRF,/data/d1/ts_archive/datasets,1234,WhaleSounds,20,8,9,200,0.0,entropy,8,2500,0,0.001,PyTorch 2.9.0+cu128,100,0.5,8,0.1,False,13th Gen Intel(R) Core(TM) i9-13900K,0.01,65536,1,/data/d1/ts_archive/results/441869507881142858/3102496f193c48639940eafa2f2cabe4/artifacts,40,https://github.com/ANON2/TS_Archive.git,ANON1,bouncy-shoat-296,2ba81db4ea05c65817b596ef2f113e084de3fbd8,file:///home/ANON1/repos/TS_Archive-1#ts_archive_experiments,PROJECT,main.py,conda,local
e1388fff38a74dc3ad452a1841aa5a0b,441869507881142858,FINISHED,/data/d1/ts_archive/results/441869507881142858/e1388fff38a74dc3ad452a1841aa5a0b/artifacts,2025-12-23 09:39:11.815000+00:00,2025-12-23 09:39:51.963000+00:00,0.013788804740475794,768.0,83406.0,4096.0,0.6571983321040041,147.40232267568624,16296.0,0.6536145358705095,0.673246024321796,16296.0,0.6709012604026717,0.6909521315851727,0.6070474181324244,7883.0059632912,0.673246024321796,5.678647503577403e-05,30.708373874425888,78.830059632912,0.30708373874425887,77864.0,,,,,,,,,,,,,64,28166,,38856,-1,Hydra,XRF,/data/d1/ts_archive/datasets,1234,PAMAP2,20,12,9,200,0.8,entropy,8,100,2,0.001,PyTorch 2.9.0+cu128,100,0.5,8,0.1,False,13th Gen Intel(R) Core(TM) i9-13900K,0.01,32,52,/data/d1/ts_archive/results/441869507881142858/e1388fff38a74dc3ad452a1841aa5a0b/artifacts,,https://github.com/ANON2/TS_Archive.git,ANON1,fearless-skunk-94,2ba81db4ea05c65817b596ef2f113e084de3fbd8,file:///home/ANON1/repos/TS_Archive-1#ts_archive_experiments,PROJECT,main.py,conda,local
aaeb51c7782548bfa0e18a2cf9a146b4,441869507881142858,FINISHED,/data/d1/ts_archive/results/441869507881142858/aaeb51c7782548bfa0e18a2cf9a146b4/artifacts,2025-12-23 09:38:31.147000+00:00,2025-12-23 09:39:10.894000+00:00,0.04127839507939757,,329165.0,,0.7323648121681144,441.26604339876,,0.731003973243005,0.7437792329279701,77864.0,0.7610657932101802,0.8172101781488365,1.6533730942755938,7006.23858511764,0.7437792329279701,0.00015466539703232868,27.48720295820385,70.0623858511764,0.2748720295820385,,,,,,,,,,,,,,64,28166,,38856,-1,Hydra,XRF,/data/d1/ts_archive/datasets,1234,PAMAP2,20,12,9,200,0.0,entropy,8,100,2,0.001,PyTorch 2.9.0+cu128,100,0.5,8,0.1,False,13th Gen Intel(R) Core(TM) i9-13900K,0.01,32,52,/data/d1/ts_archive/results/441869507881142858/aaeb51c7782548bfa0e18a2cf9a146b4/artifacts,,https://github.com/ANON2/TS_Archive.git,ANON1,unequaled-pig-83,2ba81db4ea05c65817b596ef2f113e084de3fbd8,file:///home/ANON1/repos/TS_Archive-1#ts_archive_experiments,PROJECT,main.py,conda,local
275f27a4be094a7985d304e634ec46e0,441869507881142858,FINISHED,/data/d1/ts_archive/results/441869507881142858/275f27a4be094a7985d304e634ec46e0/artifacts,2025-12-23 09:30:20.773000+00:00,2025-12-23 09:38:28.377000+00:00,0.039119519800422824,,42820148.0,,0.6305770806109149,418.18766666652,,0.6059437616889068,0.6102899906454631,266268.0,0.6241091704089065,0.8122737087055725,1.854434195905924,114634.60127180711,0.6102899906454631,0.00017347373207726139,475.1859321519733,1146.346012718071,4.751859321519733,,54184.0,263008.0,266268.0,14768.0,,,,,,,,,64,28166,,38856,-1,Quant,XRF,/data/d1/ts_archive/datasets,1234,PAMAP2,20,12,9,200,0.8,entropy,8,100,2,0.001,PyTorch 2.9.0+cu128,100,0.5,8,0.1,False,13th Gen Intel(R) Core(TM) i9-13900K,0.01,65536,52,/data/d1/ts_archive/results/441869507881142858/275f27a4be094a7985d304e634ec46e0/artifacts,,https://github.com/ANON2/TS_Archive.git,ANON1,debonair-foal-2,2ba81db4ea05c65817b596ef2f113e084de3fbd8,file:///home/ANON1/repos/TS_Archive-1#ts_archive_experiments,PROJECT,main.py,conda,local
9bf9f2cdf963418687b0523dfbdc37d5,441869507881142858,FINISHED,/data/d1/ts_archive/results/441869507881142858/9bf9f2cdf963418687b0523dfbdc37d5/artifacts,2025-12-23 09:23:43.241000+00:00,2025-12-23 09:30:19.059000+00:00,0.10911557191170815,,42293438.0,,0.6110305857582755,1166.44546373616,,0.5735600194299914,0.5906454630495791,262988.0,0.5923906089819171,0.7923816641788316,4.777566465549171,91716.20535814775,0.5906454630495791,0.0004469192203507176,380.30717653781176,917.1620535814775,3.8030717653781174,,,,,,,,,,,,,,64,28166,,38856,-1,Quant,XRF,/data/d1/ts_archive/datasets,1234,PAMAP2,20,12,9,200,0.0,entropy,8,100,2,0.001,PyTorch 2.9.0+cu128,100,0.5,8,0.1,False,13th Gen Intel(R) Core(TM) i9-13900K,0.01,65536,52,/data/d1/ts_archive/results/441869507881142858/9bf9f2cdf963418687b0523dfbdc37d5/artifacts,,https://github.com/ANON2/TS_Archive.git,ANON1,dashing-swan-750,2ba81db4ea05c65817b596ef2f113e084de3fbd8,file:///home/ANON1/repos/TS_Archive-1#ts_archive_experiments,PROJECT,main.py,conda,local
db3116e08c61460db21fa098c62234b8,441869507881142858,FINISHED,/data/d1/ts_archive/results/441869507881142858/db3116e08c61460db21fa098c62234b8/artifacts,2025-12-23 09:14:18.504000+00:00,2025-12-23 09:23:40.288000+00:00,0.05202788965876894,,47794680.0,,0.5787915763086317,556.17814045224,,0.5433453745609362,0.5536950420954163,297140.0,0.5641400270875163,0.7983992594359851,2.2926024505868554,127895.94434566043,0.5536950420954163,0.00021446234336640368,548.564250100404,1278.9594434566043,5.48564250100404,,,,,,54184.0,297140.0,15496.0,263612.0,4096.0,16264.0,768.0,58280.0,64,28166,,38856,-1,Hydrant,XRF,/data/d1/ts_archive/datasets,1234,PAMAP2,20,12,9,200,0.8,entropy,8,100,2,0.001,PyTorch 2.9.0+cu128,100,0.5,8,0.1,False,13th Gen Intel(R) Core(TM) i9-13900K,0.01,65536,52,/data/d1/ts_archive/results/441869507881142858/db3116e08c61460db21fa098c62234b8/artifacts,82,https://github.com/ANON2/TS_Archive.git,ANON1,skittish-hog-977,2ba81db4ea05c65817b596ef2f113e084de3fbd8,file:///home/ANON1/repos/TS_Archive-1#ts_archive_experiments,PROJECT,main.py,conda,local
a87fc9195c654b0182e5bf4c7161cdfe,441869507881142858,FINISHED,/data/d1/ts_archive/results/441869507881142858/a87fc9195c654b0182e5bf4c7161cdfe/artifacts,2025-12-23 09:07:04.579000+00:00,2025-12-23 09:14:16.861000+00:00,0.1469473296133134,,42487390.0,,0.6424126286974504,1570.86695356632,,0.6201474760274156,0.6260056127221703,263612.0,0.6448906127622732,0.8157420262624305,6.239594045095146,100137.01444401743,0.6260056127221703,0.000583685130504691,415.6684826640412,1001.3701444401744,4.156684826640412,,,,,,,,,,,,,,64,28166,,38856,-1,Hydrant,XRF,/data/d1/ts_archive/datasets,1234,PAMAP2,20,12,9,200,0.0,entropy,8,100,2,0.001,PyTorch 2.9.0+cu128,100,0.5,8,0.1,False,13th Gen Intel(R) Core(TM) i9-13900K,0.01,65536,52,/data/d1/ts_archive/results/441869507881142858/a87fc9195c654b0182e5bf4c7161cdfe/artifacts,82,https://github.com/ANON2/TS_Archive.git,ANON1,loud-hawk-567,2ba81db4ea05c65817b596ef2f113e084de3fbd8,file:///home/ANON1/repos/TS_Archive-1#ts_archive_experiments,PROJECT,main.py,conda,local
110bfb2b7c60456dadd814357bc00dfb,441869507881142858,FINISHED,/data/d1/ts_archive/results/441869507881142858/110bfb2b7c60456dadd814357bc00dfb/artifacts,2025-12-23 09:06:16.903000+00:00,2025-12-23 09:07:01.857000+00:00,0.012521232572130099,768.0,83394.0,4096.0,0.712097530433008,64.18383816473889,16296.0,0.712687979907816,0.7114709325009754,16296.0,0.7023458340473832,0.7340974999779667,0.2672731569036841,9086.30094564936,0.7114709325009754,5.214068609123763e-05,35.57534850202501,90.8630094564936,0.35575348502025006,77864.0,,,,,,,,,,,,,64,33730,,38856,-1,Hydra,XRF,/data/d1/ts_archive/datasets,1234,PAMAP2,20,12,9,200,0.8,entropy,8,100,1,0.001,PyTorch 2.9.0+cu128,100,0.5,8,0.1,False,13th Gen Intel(R) Core(TM) i9-13900K,0.01,32,52,/data/d1/ts_archive/results/441869507881142858/110bfb2b7c60456dadd814357bc00dfb/artifacts,,https://github.com/ANON2/TS_Archive.git,ANON1,classy-panda-784,2ba81db4ea05c65817b596ef2f113e084de3fbd8,file:///home/ANON1/repos/TS_Archive-1#ts_archive_experiments,PROJECT,main.py,conda,local
6a006de2025045f6888b2f83ea9e809b,441869507881142858,FINISHED,/data/d1/ts_archive/results/441869507881142858/6a006de2025045f6888b2f83ea9e809b/artifacts,2025-12-23 09:05:34.422000+00:00,2025-12-23 09:06:16.025000+00:00,0.039799190165885,,329165.0,,0.726614204272454,204.01064879032648,,0.6890367272191252,0.72200546234881,77864.0,0.6791093263358364,0.7090718019029896,0.7780296187847853,7526.472036462,0.72200546234881,0.00015178104151088281,30.636111033149064,75.26472036462,0.30636111033149066,,,,,,,,,,,,,,64,33730,,38856,-1,Hydra,XRF,/data/d1/ts_archive/datasets,1234,PAMAP2,20,12,9,200,0.0,entropy,8,100,1,0.001,PyTorch 2.9.0+cu128,100,0.5,8,0.1,False,13th Gen Intel(R) Core(TM) i9-13900K,0.01,32,52,/data/d1/ts_archive/results/441869507881142858/6a006de2025045f6888b2f83ea9e809b/artifacts,,https://github.com/ANON2/TS_Archive.git,ANON1,dapper-goose-886,2ba81db4ea05c65817b596ef2f113e084de3fbd8,file:///home/ANON1/repos/TS_Archive-1#ts_archive_experiments,PROJECT,main.py,conda,local
e9ef0118fa6c4ce3884f00956e2884e5,441869507881142858,FINISHED,/data/d1/ts_archive/results/441869507881142858/e9ef0118fa6c4ce3884f00956e2884e5/artifacts,2025-12-23 08:55:24.763000+00:00,2025-12-23 09:05:31.634000+00:00,0.03159250411478738,,58523188.0,,0.676123417173513,161.9431760924001,,0.6308118028439899,0.6693328131096371,364412.0,0.6201529916327484,0.7466546795262902,0.7128776255995035,143662.31501457168,0.6693328131096371,0.00013907093749502604,595.1801056964323,1436.6231501457169,5.951801056964323,,54184.0,358902.0,364412.0,13676.0,,,,,,,,,64,33730,,38856,-1,Quant,XRF,/data/d1/ts_archive/datasets,1234,PAMAP2,20,12,9,200,0.8,entropy,8,100,1,0.001,PyTorch 2.9.0+cu128,100,0.5,8,0.1,False,13th Gen Intel(R) Core(TM) i9-13900K,0.01,65536,52,/data/d1/ts_archive/results/441869507881142858/e9ef0118fa6c4ce3884f00956e2884e5/artifacts,,https://github.com/ANON2/TS_Archive.git,ANON1,funny-bass-860,2ba81db4ea05c65817b596ef2f113e084de3fbd8,file:///home/ANON1/repos/TS_Archive-1#ts_archive_experiments,PROJECT,main.py,conda,local
e4980b6b502f41b8810596bbcb583005,441869507881142858,FINISHED,/data/d1/ts_archive/results/441869507881142858/e4980b6b502f41b8810596bbcb583005/artifacts,2025-12-23 08:47:05.193000+00:00,2025-12-23 08:55:23.108000+00:00,0.08966015418184939,,57575358.0,,0.690403696063142,459.59795033615995,,0.6536124331198756,0.686305111197815,358500.0,0.6426759407638993,0.7136531903302905,1.8390351636335251,116442.78192961056,0.686305111197815,0.00035876612634286483,485.5737352045253,1164.4278192961056,4.855737352045253,,,,,,,,,,,,,,64,33730,,38856,-1,Quant,XRF,/data/d1/ts_archive/datasets,1234,PAMAP2,20,12,9,200,0.0,entropy,8,100,1,0.001,PyTorch 2.9.0+cu128,100,0.5,8,0.1,False,13th Gen Intel(R) Core(TM) i9-13900K,0.01,65536,52,/data/d1/ts_archive/results/441869507881142858/e4980b6b502f41b8810596bbcb583005/artifacts,,https://github.com/ANON2/TS_Archive.git,ANON1,gentle-cow-676,2ba81db4ea05c65817b596ef2f113e084de3fbd8,file:///home/ANON1/repos/TS_Archive-1#ts_archive_experiments,PROJECT,main.py,conda,local
e4b1b491ef044ab3a1ede797ac95e4cc,441869507881142858,FINISHED,/data/d1/ts_archive/results/441869507881142858/e4b1b491ef044ab3a1ede797ac95e4cc/artifacts,2025-12-23 08:35:07.049000+00:00,2025-12-23 08:47:02.418000+00:00,0.047909959403968715,,65394364.0,,0.699513374484905,245.58645190474363,,0.6620268923180895,0.7001560671088568,407138.0,0.6597594914088464,0.7498300318140404,1.0199259938672185,165320.77900768956,0.7001560671088568,0.00019897112638845465,703.9646185552701,1653.2077900768957,7.0396461855527015,,,,,,54184.0,407138.0,16380.0,358760.0,4096.0,17148.0,768.0,58280.0,64,33730,,38856,-1,Hydrant,XRF,/data/d1/ts_archive/datasets,1234,PAMAP2,20,12,9,200,0.8,entropy,8,100,1,0.001,PyTorch 2.9.0+cu128,100,0.5,8,0.1,False,13th Gen Intel(R) Core(TM) i9-13900K,0.01,65536,52,/data/d1/ts_archive/results/441869507881142858/e4b1b491ef044ab3a1ede797ac95e4cc/artifacts,82,https://github.com/ANON2/TS_Archive.git,ANON1,likeable-lynx-891,2ba81db4ea05c65817b596ef2f113e084de3fbd8,file:///home/ANON1/repos/TS_Archive-1#ts_archive_experiments,PROJECT,main.py,conda,local
d4fdaf46bafe4ea680c7bd229490cf27,441869507881142858,FINISHED,/data/d1/ts_archive/results/441869507881142858/d4fdaf46bafe4ea680c7bd229490cf27/artifacts,2025-12-23 08:25:57.318000+00:00,2025-12-23 08:35:05.510000+00:00,0.13070782446699963,,57711070.0,,0.7220046235429055,670.0083082178401,,0.6937930759525811,0.7181037846273898,358760.0,0.6856591501266063,0.7831980648374961,2.559761158190668,128729.15075606112,0.7181037846273898,0.0004993681541534663,534.711420064792,1287.2915075606113,5.34711420064792,,,,,,,,,,,,,,64,33730,,38856,-1,Hydrant,XRF,/data/d1/ts_archive/datasets,1234,PAMAP2,20,12,9,200,0.0,entropy,8,100,1,0.001,PyTorch 2.9.0+cu128,100,0.5,8,0.1,False,13th Gen Intel(R) Core(TM) i9-13900K,0.01,65536,52,/data/d1/ts_archive/results/441869507881142858/d4fdaf46bafe4ea680c7bd229490cf27/artifacts,82,https://github.com/ANON2/TS_Archive.git,ANON1,likeable-snipe-676,2ba81db4ea05c65817b596ef2f113e084de3fbd8,file:///home/ANON1/repos/TS_Archive-1#ts_archive_experiments,PROJECT,main.py,conda,local
cf6b3c45bd534281a28d667f420a6ef4,441869507881142858,FINISHED,/data/d1/ts_archive/results/441869507881142858/cf6b3c45bd534281a28d667f420a6ef4/artifacts,2025-12-23 08:25:12.770000+00:00,2025-12-23 08:25:54.646000+00:00,0.01287860297381808,768.0,83410.0,4096.0,0.6777943687738778,127.43377642592989,16296.0,0.6873709547726351,0.6675088428499242,16296.0,0.6638064272076722,0.6881121365832591,0.520096143707633,8028.516293517239,0.6675088428499242,5.256151022815897e-05,32.49631483014673,80.2851629351724,0.3249631483014673,77864.0,,,,,,,,,,,,,64,28961,,38856,-1,Hydra,XRF,/data/d1/ts_archive/datasets,1234,PAMAP2,20,12,9,200,0.8,entropy,8,100,0,0.001,PyTorch 2.9.0+cu128,100,0.5,8,0.1,False,13th Gen Intel(R) Core(TM) i9-13900K,0.01,32,52,/data/d1/ts_archive/results/441869507881142858/cf6b3c45bd534281a28d667f420a6ef4/artifacts,,https://github.com/ANON2/TS_Archive.git,ANON1,exultant-mouse-619,2ba81db4ea05c65817b596ef2f113e084de3fbd8,file:///home/ANON1/repos/TS_Archive-1#ts_archive_experiments,PROJECT,main.py,conda,local
eb7f29c7e795449bb3455fb4fccca7aa,441869507881142858,FINISHED,/data/d1/ts_archive/results/441869507881142858/eb7f29c7e795449bb3455fb4fccca7aa/artifacts,2025-12-23 08:24:32.996000+00:00,2025-12-23 08:25:11.882000+00:00,0.04270287856980697,,329165.0,,0.8555620156905345,422.54498344824,,0.8582178789328471,0.8486104092976251,77864.0,0.8465890813260509,0.8702268005527873,1.5725845294073224,6725.6442282258,0.8486104092976251,0.00015892718841913314,27.028749317862093,67.256442282258,0.27028749317862094,,,,,,,,,,,,,,64,28961,,38856,-1,Hydra,XRF,/data/d1/ts_archive/datasets,1234,PAMAP2,20,12,9,200,0.0,entropy,8,100,0,0.001,PyTorch 2.9.0+cu128,100,0.5,8,0.1,False,13th Gen Intel(R) Core(TM) i9-13900K,0.01,32,52,/data/d1/ts_archive/results/441869507881142858/eb7f29c7e795449bb3455fb4fccca7aa/artifacts,,https://github.com/ANON2/TS_Archive.git,ANON1,kindly-bat-593,2ba81db4ea05c65817b596ef2f113e084de3fbd8,file:///home/ANON1/repos/TS_Archive-1#ts_archive_experiments,PROJECT,main.py,conda,local
db909d264db941d994634aba19cb1a88,441869507881142858,FINISHED,/data/d1/ts_archive/results/441869507881142858/db909d264db941d994634aba19cb1a88/artifacts,2025-12-23 08:16:19.204000+00:00,2025-12-23 08:24:30.208000+00:00,0.03231186582211411,,49001908.0,,0.865098131957338,319.7259123098191,,0.8470652005532107,0.861344113188479,304904.0,0.8591817702450587,0.8848623448325538,1.3599973507225511,115759.96751404152,0.861344113188479,0.00013744288536862568,479.1771671352908,1157.5996751404152,4.791771671352908,,54184.0,295248.0,304904.0,14560.0,,,,,,,,,64,28961,,38856,-1,Quant,XRF,/data/d1/ts_archive/datasets,1234,PAMAP2,20,12,9,200,0.8,entropy,8,100,0,0.001,PyTorch 2.9.0+cu128,100,0.5,8,0.1,False,13th Gen Intel(R) Core(TM) i9-13900K,0.01,65536,52,/data/d1/ts_archive/results/441869507881142858/db909d264db941d994634aba19cb1a88/artifacts,,https://github.com/ANON2/TS_Archive.git,ANON1,redolent-moose-920,2ba81db4ea05c65817b596ef2f113e084de3fbd8,file:///home/ANON1/repos/TS_Archive-1#ts_archive_experiments,PROJECT,main.py,conda,local
feaa3ebe209e4830b677dd9ec02368c8,441869507881142858,FINISHED,/data/d1/ts_archive/results/441869507881142858/feaa3ebe209e4830b677dd9ec02368c8/artifacts,2025-12-23 08:09:40.688000+00:00,2025-12-23 08:16:17.540000+00:00,0.0978308010251036,,47392638.0,,0.8618838600056233,968.0357761434001,,0.8432381077017156,0.8576048509348155,294858.0,0.8539794730395158,0.8821843403845723,3.8147641019895673,92339.13648303648,0.8576048509348155,0.00038552441657297294,382.5845559220761,923.3913648303648,3.825845559220761,,,,,,,,,,,,,,64,28961,,38856,-1,Quant,XRF,/data/d1/ts_archive/datasets,1234,PAMAP2,20,12,9,200,0.0,entropy,8,100,0,0.001,PyTorch 2.9.0+cu128,100,0.5,8,0.1,False,13th Gen Intel(R) Core(TM) i9-13900K,0.01,65536,52,/data/d1/ts_archive/results/441869507881142858/feaa3ebe209e4830b677dd9ec02368c8/artifacts,,https://github.com/ANON2/TS_Archive.git,ANON1,clumsy-slug-235,2ba81db4ea05c65817b596ef2f113e084de3fbd8,file:///home/ANON1/repos/TS_Archive-1#ts_archive_experiments,PROJECT,main.py,conda,local
49ab630ef2a748b8b8c09463cdd072e3,441869507881142858,FINISHED,/data/d1/ts_archive/results/441869507881142858/49ab630ef2a748b8b8c09463cdd072e3/artifacts,2025-12-23 08:00:04.612000+00:00,2025-12-23 08:09:37.878000+00:00,0.05087486174385447,,53023160.0,,0.8214709669237167,503.40675695544,,0.7979471487245724,0.7938352703385548,329818.0,0.7832956696077291,0.8368578472670761,2.0615643691271544,130457.77228372787,0.7938352703385548,0.0002083440494317488,560.592432687059,1304.5777228372788,5.60592432687059,,,,,,54184.0,329818.0,16016.0,299182.0,4096.0,16784.0,768.0,58280.0,64,28961,,38856,-1,Hydrant,XRF,/data/d1/ts_archive/datasets,1234,PAMAP2,20,12,9,200,0.8,entropy,8,100,0,0.001,PyTorch 2.9.0+cu128,100,0.5,8,0.1,False,13th Gen Intel(R) Core(TM) i9-13900K,0.01,65536,52,/data/d1/ts_archive/results/441869507881142858/49ab630ef2a748b8b8c09463cdd072e3/artifacts,82,https://github.com/ANON2/TS_Archive.git,ANON1,enthused-shrimp-967,2ba81db4ea05c65817b596ef2f113e084de3fbd8,file:///home/ANON1/repos/TS_Archive-1#ts_archive_experiments,PROJECT,main.py,conda,local
af30444afa914bb39c0abe9348f1296f,441869507881142858,FINISHED,/data/d1/ts_archive/results/441869507881142858/af30444afa914bb39c0abe9348f1296f/artifacts,2025-12-23 07:52:44.599000+00:00,2025-12-23 08:00:02.887000+00:00,0.14523779417260838,,48178590.0,,0.870110514112664,1437.12797333796,,0.8552116796835864,0.8672056594239514,299182.0,0.8635341358692111,0.8871841013715462,5.782874749042094,101785.56947554069,0.8672056594239514,0.0005844239261285593,421.2750144936144,1017.8556947554068,4.212750144936144,,,,,,,,,,,,,,64,28961,,38856,-1,Hydrant,XRF,/data/d1/ts_archive/datasets,1234,PAMAP2,20,12,9,200,0.0,entropy,8,100,0,0.001,PyTorch 2.9.0+cu128,100,0.5,8,0.1,False,13th Gen Intel(R) Core(TM) i9-13900K,0.01,65536,52,/data/d1/ts_archive/results/441869507881142858/af30444afa914bb39c0abe9348f1296f/artifacts,82,https://github.com/ANON2/TS_Archive.git,ANON1,thundering-crab-41,2ba81db4ea05c65817b596ef2f113e084de3fbd8,file:///home/ANON1/repos/TS_Archive-1#ts_archive_experiments,PROJECT,main.py,conda,local
c2c62e767e2c44ba9fcbf14ce168fb92,441869507881142858,FINISHED,/data/d1/ts_archive/results/441869507881142858/c2c62e767e2c44ba9fcbf14ce168fb92/artifacts,2025-12-23 07:22:58.110000+00:00,2025-12-23 07:52:41.842000+00:00,1.459571691240104,1920.0,94184.0,10240.0,0.9377238469920314,10076.882956321679,19533.0,0.9396601411045147,0.9574159907300116,19533.0,0.9571721725755374,0.9571700731782165,40.48144835233688,427155.31821001356,0.9574159907300116,0.005863477455436976,1732.1093486640602,4271.553182100136,17.321093486640603,98573.0,,,,,,,,,,,,,64,27614,,34518,-1,Hydra,XRF,/data/d1/ts_archive/datasets,1234,FruitFlies,20,3,9,200,0.8,entropy,8,5000,2,0.001,PyTorch 2.9.0+cu128,100,0.5,8,0.1,False,13th Gen Intel(R) Core(TM) i9-13900K,0.01,32,1,/data/d1/ts_archive/results/441869507881142858/c2c62e767e2c44ba9fcbf14ce168fb92/artifacts,,https://github.com/ANON2/TS_Archive.git,ANON1,gaudy-sloth-764,2ba81db4ea05c65817b596ef2f113e084de3fbd8,file:///home/ANON1/repos/TS_Archive-1#ts_archive_experiments,PROJECT,main.py,conda,local
dcde888cc2b14229ac5476932d08dce9,441869507881142858,FINISHED,/data/d1/ts_archive/results/441869507881142858/dcde888cc2b14229ac5476932d08dce9/artifacts,2025-12-23 06:56:03.820000+00:00,2025-12-23 07:22:56.310000+00:00,6.068764618278425,,409101.0,,0.9325738105781228,41898.75092459424,,0.9298581687695592,0.9527809965237544,98573.0,0.9530052717161319,0.9535357251814489,171.6957637630403,350036.44425677304,0.9527809965237544,0.024869027196268875,1429.0949690854177,3500.3644425677303,14.290949690854177,,,,,,,,,,,,,,64,27614,,34518,-1,Hydra,XRF,/data/d1/ts_archive/datasets,1234,FruitFlies,20,3,9,200,0.0,entropy,8,5000,2,0.001,PyTorch 2.9.0+cu128,100,0.5,8,0.1,False,13th Gen Intel(R) Core(TM) i9-13900K,0.01,32,1,/data/d1/ts_archive/results/441869507881142858/dcde888cc2b14229ac5476932d08dce9/artifacts,,https://github.com/ANON2/TS_Archive.git,ANON1,popular-bird-330,2ba81db4ea05c65817b596ef2f113e084de3fbd8,file:///home/ANON1/repos/TS_Archive-1#ts_archive_experiments,PROJECT,main.py,conda,local
fbe21874052c4fdc9830161392ac8334,441869507881142858,FINISHED,/data/d1/ts_archive/results/441869507881142858/fbe21874052c4fdc9830161392ac8334/artifacts,2025-12-23 06:49:16.968000+00:00,2025-12-23 06:56:01.018000+00:00,0.04878337763064056,,40260335.0,,0.9126880182115137,336.80043916194245,,0.9127802359297778,0.9411935110081112,455394.0,0.9411272881831494,0.9410905197540773,1.3146527437493205,95909.69835148932,0.9411935110081112,0.00019041899532869648,390.9837994538248,959.0969835148932,3.909837994538248,,44031.0,423714.0,455394.0,14816.0,,,,,,,,,64,27614,,34518,-1,Quant,XRF,/data/d1/ts_archive/datasets,1234,FruitFlies,20,3,9,200,0.8,entropy,8,5000,2,0.001,PyTorch 2.9.0+cu128,100,0.5,8,0.1,False,13th Gen Intel(R) Core(TM) i9-13900K,0.01,65536,1,/data/d1/ts_archive/results/441869507881142858/fbe21874052c4fdc9830161392ac8334/artifacts,,https://github.com/ANON2/TS_Archive.git,ANON1,zealous-midge-78,2ba81db4ea05c65817b596ef2f113e084de3fbd8,file:///home/ANON1/repos/TS_Archive-1#ts_archive_experiments,PROJECT,main.py,conda,local
931be9f168f148f9a0da5ce37ee53c7a,441869507881142858,FINISHED,/data/d1/ts_archive/results/441869507881142858/931be9f168f148f9a0da5ce37ee53c7a/artifacts,2025-12-23 06:44:01.099000+00:00,2025-12-23 06:49:15.373000+00:00,0.13097577848662806,,36051328.0,,0.9135839854813791,904.2567746716801,,0.9136747945800666,0.941917728852839,407586.0,0.941850702327479,0.9418131520413626,3.3202805472537875,72682.50629319731,0.941917728852839,0.0004809212843646853,295.86659247707576,726.8250629319731,2.9586659247707576,,,,,,,,,,,,,,64,27614,,34518,-1,Quant,XRF,/data/d1/ts_archive/datasets,1234,FruitFlies,20,3,9,200,0.0,entropy,8,5000,2,0.001,PyTorch 2.9.0+cu128,100,0.5,8,0.1,False,13th Gen Intel(R) Core(TM) i9-13900K,0.01,65536,1,/data/d1/ts_archive/results/441869507881142858/931be9f168f148f9a0da5ce37ee53c7a/artifacts,,https://github.com/ANON2/TS_Archive.git,ANON1,salty-lark-527,2ba81db4ea05c65817b596ef2f113e084de3fbd8,file:///home/ANON1/repos/TS_Archive-1#ts_archive_experiments,PROJECT,main.py,conda,local
79c8bd0bbfa7426b9d57182f6d9477aa,441869507881142858,FINISHED,/data/d1/ts_archive/results/441869507881142858/79c8bd0bbfa7426b9d57182f6d9477aa/artifacts,2025-12-23 06:20:09.973000+00:00,2025-12-23 06:43:58.285000+00:00,1.5115073497437772,,44510590.0,,0.91022729679271,10435.446742631038,,0.9112111225206713,0.9406141367323291,503114.0,0.940452487920376,0.9403056488839737,41.44432850368321,300424.06137575913,0.9406141367323291,0.006002944453024799,1376.389187587425,3004.2406137575913,13.76389187587425,,,,,,44031.0,503114.0,10275.0,383280.0,10240.0,12195.0,1920.0,54271.0,64,27614,,34518,-1,Hydrant,XRF,/data/d1/ts_archive/datasets,1234,FruitFlies,20,3,9,200,0.8,entropy,8,5000,2,0.001,PyTorch 2.9.0+cu128,100,0.5,8,0.1,False,13th Gen Intel(R) Core(TM) i9-13900K,0.01,65536,1,/data/d1/ts_archive/results/441869507881142858/79c8bd0bbfa7426b9d57182f6d9477aa/artifacts,79,https://github.com/ANON2/TS_Archive.git,ANON1,intrigued-kit-629,2ba81db4ea05c65817b596ef2f113e084de3fbd8,file:///home/ANON1/repos/TS_Archive-1#ts_archive_experiments,PROJECT,main.py,conda,local
ee4ac4dd1bfc4f7390eaa9751739e22c,441869507881142858,FINISHED,/data/d1/ts_archive/results/441869507881142858/ee4ac4dd1bfc4f7390eaa9751739e22c/artifacts,2025-12-23 05:58:54.601000+00:00,2025-12-23 06:20:08.391000+00:00,6.066159615729125,,34107840.0,,0.9295117445444037,41880.76598699388,,0.9306666735120442,0.9536500579374276,383280.0,0.9535177445529325,0.953406553151882,179.93168459646404,236930.46870655293,0.9536500579374276,0.026061947363334885,1082.852723730728,2369.3046870655294,10.82852723730728,,,,,,,,,,,,,,64,27614,,34518,-1,Hydrant,XRF,/data/d1/ts_archive/datasets,1234,FruitFlies,20,3,9,200,0.0,entropy,8,5000,2,0.001,PyTorch 2.9.0+cu128,100,0.5,8,0.1,False,13th Gen Intel(R) Core(TM) i9-13900K,0.01,65536,1,/data/d1/ts_archive/results/441869507881142858/ee4ac4dd1bfc4f7390eaa9751739e22c/artifacts,79,https://github.com/ANON2/TS_Archive.git,ANON1,grandiose-midge-617,2ba81db4ea05c65817b596ef2f113e084de3fbd8,file:///home/ANON1/repos/TS_Archive-1#ts_archive_experiments,PROJECT,main.py,conda,local
e44a3932c289463397ba58e7a21666fc,441869507881142858,FINISHED,/data/d1/ts_archive/results/441869507881142858/e44a3932c289463397ba58e7a21666fc/artifacts,2025-12-23 05:30:20.196000+00:00,2025-12-23 05:58:51.716000+00:00,1.2100872782938816,1920.0,94184.0,10240.0,0.9340233671358029,8354.44256934096,19533.0,0.9375642095258737,0.955388180764774,19533.0,0.955018349477938,0.9549591002196791,31.666936732828617,410085.3826706278,0.955388180764774,0.004586752133955477,1668.2920894101262,4100.853826706278,16.68292089410126,98573.0,,,,,,,,,,,,,64,27614,,34518,-1,Hydra,XRF,/data/d1/ts_archive/datasets,1234,FruitFlies,20,3,9,200,0.8,entropy,8,5000,1,0.001,PyTorch 2.9.0+cu128,100,0.5,8,0.1,False,13th Gen Intel(R) Core(TM) i9-13900K,0.01,32,1,/data/d1/ts_archive/results/441869507881142858/e44a3932c289463397ba58e7a21666fc/artifacts,,https://github.com/ANON2/TS_Archive.git,ANON1,wistful-horse-894,2ba81db4ea05c65817b596ef2f113e084de3fbd8,file:///home/ANON1/repos/TS_Archive-1#ts_archive_experiments,PROJECT,main.py,conda,local
ec49a8b7c4b1470988d57f44e5165cbb,441869507881142858,FINISHED,/data/d1/ts_archive/results/441869507881142858/ec49a8b7c4b1470988d57f44e5165cbb/artifacts,2025-12-23 05:02:26.507000+00:00,2025-12-23 05:30:18.566000+00:00,6.553861783702144,,409101.0,,0.9335482924328127,45247.8617546796,,0.9303458347428464,0.9529258400926999,98573.0,0.9531640215353956,0.9538338371837545,186.8416103469208,356259.1707701568,0.9529258400926999,0.02706280567017972,1465.531563539058,3562.591707701568,14.65531563539058,,,,,,,,,,,,,,64,27614,,34518,-1,Hydra,XRF,/data/d1/ts_archive/datasets,1234,FruitFlies,20,3,9,200,0.0,entropy,8,5000,1,0.001,PyTorch 2.9.0+cu128,100,0.5,8,0.1,False,13th Gen Intel(R) Core(TM) i9-13900K,0.01,32,1,/data/d1/ts_archive/results/441869507881142858/ec49a8b7c4b1470988d57f44e5165cbb/artifacts,,https://github.com/ANON2/TS_Archive.git,ANON1,big-sloth-495,2ba81db4ea05c65817b596ef2f113e084de3fbd8,file:///home/ANON1/repos/TS_Archive-1#ts_archive_experiments,PROJECT,main.py,conda,local
65ae3a4fed3049aca8fe934980e312c5,441869507881142858,FINISHED,/data/d1/ts_archive/results/441869507881142858/65ae3a4fed3049aca8fe934980e312c5/artifacts,2025-12-23 04:55:43.172000+00:00,2025-12-23 05:02:23.733000+00:00,0.04599829939870075,,40278111.0,,0.9107061074370352,317.57225904863,,0.9110621621107811,0.9406141367323291,455596.0,0.940532625592842,0.940456777289604,1.3966462342068553,95333.58640791252,0.9406141367323291,0.0002022952251168678,388.8981022713706,953.3358640791251,3.888981022713706,,44031.0,423716.0,455596.0,14835.0,,,,,,,,,64,27614,,34518,-1,Quant,XRF,/data/d1/ts_archive/datasets,1234,FruitFlies,20,3,9,200,0.8,entropy,8,5000,1,0.001,PyTorch 2.9.0+cu128,100,0.5,8,0.1,False,13th Gen Intel(R) Core(TM) i9-13900K,0.01,65536,1,/data/d1/ts_archive/results/441869507881142858/65ae3a4fed3049aca8fe934980e312c5/artifacts,,https://github.com/ANON2/TS_Archive.git,ANON1,classy-conch-19,2ba81db4ea05c65817b596ef2f113e084de3fbd8,file:///home/ANON1/repos/TS_Archive-1#ts_archive_experiments,PROJECT,main.py,conda,local
da41846f6477472f8536f1d62531b645,441869507881142858,FINISHED,/data/d1/ts_archive/results/441869507881142858/da41846f6477472f8536f1d62531b645/artifacts,2025-12-23 04:50:30.183000+00:00,2025-12-23 04:55:41.436000+00:00,0.11015832537265934,,36030384.0,,0.911476579416842,760.53307837284,,0.9116578673301953,0.9409038238702202,407348.0,0.9408394852888676,0.9407870798288434,3.435572094283998,72786.73613868431,0.9409038238702202,0.0004976205235057935,297.18314856942743,727.8673613868431,2.9718314856942745,,,,,,,,,,,,,,64,27614,,34518,-1,Quant,XRF,/data/d1/ts_archive/datasets,1234,FruitFlies,20,3,9,200,0.0,entropy,8,5000,1,0.001,PyTorch 2.9.0+cu128,100,0.5,8,0.1,False,13th Gen Intel(R) Core(TM) i9-13900K,0.01,65536,1,/data/d1/ts_archive/results/441869507881142858/da41846f6477472f8536f1d62531b645/artifacts,,https://github.com/ANON2/TS_Archive.git,ANON1,placid-swan-948,2ba81db4ea05c65817b596ef2f113e084de3fbd8,file:///home/ANON1/repos/TS_Archive-1#ts_archive_experiments,PROJECT,main.py,conda,local
419160087eb44528bb698c385c8adc46,441869507881142858,FINISHED,/data/d1/ts_archive/results/441869507881142858/419160087eb44528bb698c385c8adc46/artifacts,2025-12-23 04:26:54.646000+00:00,2025-12-23 04:50:27.499000+00:00,1.4115149925780244,,45178686.0,,0.9058044870398222,9745.09950875868,,0.9061816600424787,0.9371378910776361,510706.0,0.937019001870116,0.9369250889933118,37.8581713065505,295957.58714429004,0.9371378910776361,0.005483512645792367,1364.1931272605434,2959.5758714429003,13.641931272605435,,,,,,44031.0,510706.0,10336.0,385646.0,10240.0,12256.0,1920.0,54271.0,64,27614,,34518,-1,Hydrant,XRF,/data/d1/ts_archive/datasets,1234,FruitFlies,20,3,9,200,0.8,entropy,8,5000,1,0.001,PyTorch 2.9.0+cu128,100,0.5,8,0.1,False,13th Gen Intel(R) Core(TM) i9-13900K,0.01,65536,1,/data/d1/ts_archive/results/441869507881142858/419160087eb44528bb698c385c8adc46/artifacts,79,https://github.com/ANON2/TS_Archive.git,ANON1,stately-steed-302,2ba81db4ea05c65817b596ef2f113e084de3fbd8,file:///home/ANON1/repos/TS_Archive-1#ts_archive_experiments,PROJECT,main.py,conda,local
c42213a0239e4d3b8ef4d5093f157cbb,441869507881142858,FINISHED,/data/d1/ts_archive/results/441869507881142858/c42213a0239e4d3b8ef4d5093f157cbb/artifacts,2025-12-23 04:05:40.195000+00:00,2025-12-23 04:26:53+00:00,6.211602282298922,,34316048.0,,0.928802926583382,42884.90215699176,,0.9290756069263502,0.9526361529548089,385646.0,0.9525861088156832,0.952540335408129,184.31312542129308,234849.01407920098,0.9526361529548089,0.02669657088952681,1077.2576292073354,2348.4901407920097,10.772576292073355,,,,,,,,,,,,,,64,27614,,34518,-1,Hydrant,XRF,/data/d1/ts_archive/datasets,1234,FruitFlies,20,3,9,200,0.0,entropy,8,5000,1,0.001,PyTorch 2.9.0+cu128,100,0.5,8,0.1,False,13th Gen Intel(R) Core(TM) i9-13900K,0.01,65536,1,/data/d1/ts_archive/results/441869507881142858/c42213a0239e4d3b8ef4d5093f157cbb/artifacts,79,https://github.com/ANON2/TS_Archive.git,ANON1,nimble-cod-555,2ba81db4ea05c65817b596ef2f113e084de3fbd8,file:///home/ANON1/repos/TS_Archive-1#ts_archive_experiments,PROJECT,main.py,conda,local
fba75e170a964b3facfa0473dd74f438,441869507881142858,FINISHED,/data/d1/ts_archive/results/441869507881142858/fba75e170a964b3facfa0473dd74f438/artifacts,2025-12-23 03:37:06.142000+00:00,2025-12-23 04:05:37.527000+00:00,1.3713792991247973,1920.0,94174.0,10240.0,0.9176828775190309,9468.0026811576,19533.0,0.9207978154961856,0.944090382387022,19533.0,0.9436310736923519,0.9434562421034188,36.60823644045741,409334.3909990309,0.944090382387022,0.00530246761883798,1663.1502769906074,4093.343909990309,16.631502769906074,98573.0,,,,,,,,,,,,,64,27614,,34518,-1,Hydra,XRF,/data/d1/ts_archive/datasets,1234,FruitFlies,20,3,9,200,0.8,entropy,8,5000,0,0.001,PyTorch 2.9.0+cu128,100,0.5,8,0.1,False,13th Gen Intel(R) Core(TM) i9-13900K,0.01,32,1,/data/d1/ts_archive/results/441869507881142858/fba75e170a964b3facfa0473dd74f438/artifacts,,https://github.com/ANON2/TS_Archive.git,ANON1,persistent-wren-780,2ba81db4ea05c65817b596ef2f113e084de3fbd8,file:///home/ANON1/repos/TS_Archive-1#ts_archive_experiments,PROJECT,main.py,conda,local
9b870220d381474ab1811a937ee33be2,441869507881142858,FINISHED,/data/d1/ts_archive/results/441869507881142858/9b870220d381474ab1811a937ee33be2/artifacts,2025-12-23 03:09:12.148000+00:00,2025-12-23 03:37:04.404000+00:00,6.526541957287682,,409101.0,,0.9392031846355303,45059.24567311416,,0.9352785027081548,0.9564020857473928,98573.0,0.9566597899713422,0.9575775594329505,186.88458049949256,356264.21074986435,0.9564020857473928,0.02706902962043635,1472.232357162051,3562.6421074986433,14.722323571620509,,,,,,,,,,,,,,64,27614,,34518,-1,Hydra,XRF,/data/d1/ts_archive/datasets,1234,FruitFlies,20,3,9,200,0.0,entropy,8,5000,0,0.001,PyTorch 2.9.0+cu128,100,0.5,8,0.1,False,13th Gen Intel(R) Core(TM) i9-13900K,0.01,32,1,/data/d1/ts_archive/results/441869507881142858/9b870220d381474ab1811a937ee33be2/artifacts,,https://github.com/ANON2/TS_Archive.git,ANON1,bustling-shrike-799,2ba81db4ea05c65817b596ef2f113e084de3fbd8,file:///home/ANON1/repos/TS_Archive-1#ts_archive_experiments,PROJECT,main.py,conda,local
05ec31e274354cbebf1a546a6fe448b6,441869507881142858,FINISHED,/data/d1/ts_archive/results/441869507881142858/05ec31e274354cbebf1a546a6fe448b6/artifacts,2025-12-23 03:02:25.032000+00:00,2025-12-23 03:09:09.387000+00:00,0.05247104081136153,,40163887.0,,0.9099076235036875,362.26006576164,,0.9093643711957365,0.9390208574739282,454298.0,0.9390782645457012,0.9391525953119185,1.4283847836777568,95854.52186808661,0.9390208574739282,0.00020689234989538773,390.226493797265,958.5452186808661,3.90226493797265,,44031.0,422544.0,454298.0,15050.0,,,,,,,,,64,27614,,34518,-1,Quant,XRF,/data/d1/ts_archive/datasets,1234,FruitFlies,20,3,9,200,0.8,entropy,8,5000,0,0.001,PyTorch 2.9.0+cu128,100,0.5,8,0.1,False,13th Gen Intel(R) Core(TM) i9-13900K,0.01,65536,1,/data/d1/ts_archive/results/441869507881142858/05ec31e274354cbebf1a546a6fe448b6/artifacts,,https://github.com/ANON2/TS_Archive.git,ANON1,wistful-stoat-968,2ba81db4ea05c65817b596ef2f113e084de3fbd8,file:///home/ANON1/repos/TS_Archive-1#ts_archive_experiments,PROJECT,main.py,conda,local
2701c8d2875b44b8a9d2f7c04dd61fc8,441869507881142858,FINISHED,/data/d1/ts_archive/results/441869507881142858/2701c8d2875b44b8a9d2f7c04dd61fc8/artifacts,2025-12-23 02:57:05.392000+00:00,2025-12-23 03:02:23.373000+00:00,0.12700158042754345,,36001872.0,,0.9128524668164166,876.81891127176,,0.9125546358269535,0.9411935110081112,407024.0,0.9411965514261277,0.9412194172388726,3.869039698503912,73138.58721491545,0.9411935110081112,0.0005604055183232781,299.1647480651736,731.3858721491545,2.991647480651736,,,,,,,,,,,,,,64,27614,,34518,-1,Quant,XRF,/data/d1/ts_archive/datasets,1234,FruitFlies,20,3,9,200,0.0,entropy,8,5000,0,0.001,PyTorch 2.9.0+cu128,100,0.5,8,0.1,False,13th Gen Intel(R) Core(TM) i9-13900K,0.01,65536,1,/data/d1/ts_archive/results/441869507881142858/2701c8d2875b44b8a9d2f7c04dd61fc8/artifacts,,https://github.com/ANON2/TS_Archive.git,ANON1,sincere-swan-246,2ba81db4ea05c65817b596ef2f113e084de3fbd8,file:///home/ANON1/repos/TS_Archive-1#ts_archive_experiments,PROJECT,main.py,conda,local
66a3f6f1b5d04bf78bf496cf91280e09,441869507881142858,FINISHED,/data/d1/ts_archive/results/441869507881142858/66a3f6f1b5d04bf78bf496cf91280e09/artifacts,2025-12-23 02:32:51.315000+00:00,2025-12-23 02:57:02.753000+00:00,1.7548725691308282,,45032274.0,,0.9106883376853029,12115.640217279239,,0.9110022753245097,0.9403244495944381,509042.0,0.9402470073452858,0.9401758519341243,49.95323914662004,301430.1880919117,0.9403244495944381,0.007235405438386449,1382.985340213403,3014.301880919117,13.829853402134031,,,,,,44031.0,509042.0,10158.0,381710.0,10240.0,12078.0,1920.0,54271.0,64,27614,,34518,-1,Hydrant,XRF,/data/d1/ts_archive/datasets,1234,FruitFlies,20,3,9,200,0.8,entropy,8,5000,0,0.001,PyTorch 2.9.0+cu128,100,0.5,8,0.1,False,13th Gen Intel(R) Core(TM) i9-13900K,0.01,65536,1,/data/d1/ts_archive/results/441869507881142858/66a3f6f1b5d04bf78bf496cf91280e09/artifacts,79,https://github.com/ANON2/TS_Archive.git,ANON1,useful-elk-126,2ba81db4ea05c65817b596ef2f113e084de3fbd8,file:///home/ANON1/repos/TS_Archive-1#ts_archive_experiments,PROJECT,main.py,conda,local
33914cbbc20642b6ac74ea9a90860177,441869507881142858,FINISHED,/data/d1/ts_archive/results/441869507881142858/33914cbbc20642b6ac74ea9a90860177/artifacts,2025-12-23 02:11:37.426000+00:00,2025-12-23 02:32:49.654000+00:00,6.101184780125353,,33969680.0,,0.9285595742325811,42122.579721985436,,0.928808273738576,0.9523464658169177,381710.0,0.9523220078044958,0.9522993953380066,181.12508682254705,235557.68860008902,0.9523464658169177,0.026234804000948297,1080.5054321233183,2355.57688600089,10.805054321233182,,,,,,,,,,,,,,64,27614,,34518,-1,Hydrant,XRF,/data/d1/ts_archive/datasets,1234,FruitFlies,20,3,9,200,0.0,entropy,8,5000,0,0.001,PyTorch 2.9.0+cu128,100,0.5,8,0.1,False,13th Gen Intel(R) Core(TM) i9-13900K,0.01,65536,1,/data/d1/ts_archive/results/441869507881142858/33914cbbc20642b6ac74ea9a90860177/artifacts,79,https://github.com/ANON2/TS_Archive.git,ANON1,painted-wasp-397,2ba81db4ea05c65817b596ef2f113e084de3fbd8,file:///home/ANON1/repos/TS_Archive-1#ts_archive_experiments,PROJECT,main.py,conda,local
6ba1090ab3b344a98acccb7465d88b46,441869507881142858,FINISHED,/data/d1/ts_archive/results/441869507881142858/6ba1090ab3b344a98acccb7465d88b46/artifacts,2025-12-23 02:11:07.456000+00:00,2025-12-23 02:11:34.790000+00:00,0.02478822416932471,768.0,62208.0,4096.0,0.8058524151305424,120.3716165662408,10899.0,0.797044260587802,0.7742998352553542,10899.0,0.7729987813452163,0.7725966434722711,0.542434373870492,4328.624261052,0.7742998352553542,0.0001117039484906285,17.966286548413336,43.286242610520006,0.17966286548413335,49171.0,,,,,,,,,,,,,64,12530,,17386,-1,Hydra,XRF,/data/d1/ts_archive/datasets,1234,Opportunity,20,5,9,200,0.8,entropy,8,100,2,0.001,PyTorch 2.9.0+cu128,100,0.5,8,0.1,False,13th Gen Intel(R) Core(TM) i9-13900K,0.01,32,113,/data/d1/ts_archive/results/441869507881142858/6ba1090ab3b344a98acccb7465d88b46/artifacts,,https://github.com/ANON2/TS_Archive.git,ANON1,delicate-loon-875,2ba81db4ea05c65817b596ef2f113e084de3fbd8,file:///home/ANON1/repos/TS_Archive-1#ts_archive_experiments,PROJECT,main.py,conda,local
034a322a63e740098364f294bf965299,441869507881142858,FINISHED,/data/d1/ts_archive/results/441869507881142858/034a322a63e740098364f294bf965299/artifacts,2025-12-23 02:10:37.351000+00:00,2025-12-23 02:11:06.542000+00:00,0.05855102928403964,,214477.0,,0.8103652336267497,284.3237982032965,,0.8058725244234815,0.7736820428336079,49171.0,0.7731909285512797,0.7739307163870192,1.14850939437747,4216.42969269732,0.7736820428336079,0.00023651346671694194,16.379058681428432,42.1642969269732,0.16379058681428432,,,,,,,,,,,,,,64,12530,,17386,-1,Hydra,XRF,/data/d1/ts_archive/datasets,1234,Opportunity,20,5,9,200,0.0,entropy,8,100,2,0.001,PyTorch 2.9.0+cu128,100,0.5,8,0.1,False,13th Gen Intel(R) Core(TM) i9-13900K,0.01,32,113,/data/d1/ts_archive/results/441869507881142858/034a322a63e740098364f294bf965299/artifacts,,https://github.com/ANON2/TS_Archive.git,ANON1,omniscient-sheep-5,2ba81db4ea05c65817b596ef2f113e084de3fbd8,file:///home/ANON1/repos/TS_Archive-1#ts_archive_experiments,PROJECT,main.py,conda,local
b03c9f4028f94c2bbed1fcb3a81edb05,441869507881142858,FINISHED,/data/d1/ts_archive/results/441869507881142858/b03c9f4028f94c2bbed1fcb3a81edb05/artifacts,2025-12-23 02:02:10.545000+00:00,2025-12-23 02:10:34.504000+00:00,0.08259485105327842,,29495169.0,,0.8983616404616995,401.08059671472,,0.8996191711063617,0.8803542009884678,280372.0,0.8804017147386415,0.8809279825953407,1.6356510408222675,120627.1495936818,0.8803542009884678,0.00033683093921381126,491.33127993159,1206.271495936818,4.9133127993159,,117746.0,260970.0,280372.0,37403.0,,,,,,,,,64,12530,,17386,-1,Quant,XRF,/data/d1/ts_archive/datasets,1234,Opportunity,20,5,9,200,0.8,entropy,8,100,2,0.001,PyTorch 2.9.0+cu128,100,0.5,8,0.1,False,13th Gen Intel(R) Core(TM) i9-13900K,0.01,65536,113,/data/d1/ts_archive/results/441869507881142858/b03c9f4028f94c2bbed1fcb3a81edb05/artifacts,,https://github.com/ANON2/TS_Archive.git,ANON1,resilient-fawn-414,2ba81db4ea05c65817b596ef2f113e084de3fbd8,file:///home/ANON1/repos/TS_Archive-1#ts_archive_experiments,PROJECT,main.py,conda,local
d74cabcf369343a4bb60973ec88e86e5,441869507881142858,FINISHED,/data/d1/ts_archive/results/441869507881142858/d74cabcf369343a4bb60973ec88e86e5/artifacts,2025-12-23 01:55:35.249000+00:00,2025-12-23 02:02:08.891000+00:00,0.20208968809272654,,27426778.0,,0.8935538520702959,981.34752537828,,0.8942360764482281,0.875,260502.0,0.8749527905468548,0.875475826201344,3.862422639504075,92981.87726580683,0.875,0.0007953918120889776,379.185506850481,929.8187726580684,3.79185506850481,,,,,,,,,,,,,,64,12530,,17386,-1,Quant,XRF,/data/d1/ts_archive/datasets,1234,Opportunity,20,5,9,200,0.0,entropy,8,100,2,0.001,PyTorch 2.9.0+cu128,100,0.5,8,0.1,False,13th Gen Intel(R) Core(TM) i9-13900K,0.01,65536,113,/data/d1/ts_archive/results/441869507881142858/d74cabcf369343a4bb60973ec88e86e5/artifacts,,https://github.com/ANON2/TS_Archive.git,ANON1,illustrious-vole-864,2ba81db4ea05c65817b596ef2f113e084de3fbd8,file:///home/ANON1/repos/TS_Archive-1#ts_archive_experiments,PROJECT,main.py,conda,local
0a38cf27917743a3a91f6e339ed61c86,441869507881142858,FINISHED,/data/d1/ts_archive/results/441869507881142858/0a38cf27917743a3a91f6e339ed61c86/artifacts,2025-12-23 01:46:07.824000+00:00,2025-12-23 01:55:32.588000+00:00,0.10754256291212522,,30618436.0,,0.8982638910646547,522.22668550128,,0.8990011721344127,0.8791186161449753,290836.0,0.8791168370090198,0.8796382224233955,2.1097825057804585,127720.74119981652,0.8791186161449753,0.0004344692145346908,551.8483504774049,1277.2074119981653,5.518483504774049,,,,,,117746.0,290836.0,37290.0,259678.0,4096.0,38058.0,768.0,121842.0,64,12530,,17386,-1,Hydrant,XRF,/data/d1/ts_archive/datasets,1234,Opportunity,20,5,9,200,0.8,entropy,8,100,2,0.001,PyTorch 2.9.0+cu128,100,0.5,8,0.1,False,13th Gen Intel(R) Core(TM) i9-13900K,0.01,65536,113,/data/d1/ts_archive/results/441869507881142858/0a38cf27917743a3a91f6e339ed61c86/artifacts,177,https://github.com/ANON2/TS_Archive.git,ANON1,fortunate-cod-548,2ba81db4ea05c65817b596ef2f113e084de3fbd8,file:///home/ANON1/repos/TS_Archive-1#ts_archive_experiments,PROJECT,main.py,conda,local
9f52d3d7ff0641f8a050e9a20cc8e2c0,441869507881142858,FINISHED,/data/d1/ts_archive/results/441869507881142858/9f52d3d7ff0641f8a050e9a20cc8e2c0/artifacts,2025-12-23 01:39:14.617000+00:00,2025-12-23 01:46:06.334000+00:00,0.25931102472897033,,27435194.0,,0.8962004881410823,1259.21433608388,,0.897802054283425,0.878500823723229,259678.0,0.878458170757092,0.8788955363364528,4.911681028082967,96475.81043050633,0.878500823723229,0.0010114664390615665,395.5554189039394,964.7581043050633,3.955554189039394,,,,,,,,,,,,,,64,12530,,17386,-1,Hydrant,XRF,/data/d1/ts_archive/datasets,1234,Opportunity,20,5,9,200,0.0,entropy,8,100,2,0.001,PyTorch 2.9.0+cu128,100,0.5,8,0.1,False,13th Gen Intel(R) Core(TM) i9-13900K,0.01,65536,113,/data/d1/ts_archive/results/441869507881142858/9f52d3d7ff0641f8a050e9a20cc8e2c0/artifacts,177,https://github.com/ANON2/TS_Archive.git,ANON1,industrious-foal-138,2ba81db4ea05c65817b596ef2f113e084de3fbd8,file:///home/ANON1/repos/TS_Archive-1#ts_archive_experiments,PROJECT,main.py,conda,local
034ec794942749fb8f2954679b9eb60f,441869507881142858,FINISHED,/data/d1/ts_archive/results/441869507881142858/034ec794942749fb8f2954679b9eb60f/artifacts,2025-12-23 01:38:32.965000+00:00,2025-12-23 01:39:11.986000+00:00,0.018951324590494624,768.0,62212.0,4096.0,0.7948091288934178,86.79706662446537,10899.0,0.7995581866374047,0.7818777292576419,10899.0,0.780825415723233,0.7825143096988396,0.3814657321199775,4494.72487813524,0.7818777292576419,8.328946116156714e-05,17.494476065970957,44.9472487813524,0.17494476065970957,49171.0,,,,,,,,,,,,,64,12806,,17386,-1,Hydra,XRF,/data/d1/ts_archive/datasets,1234,Opportunity,20,5,9,200,0.8,entropy,8,100,1,0.001,PyTorch 2.9.0+cu128,100,0.5,8,0.1,False,13th Gen Intel(R) Core(TM) i9-13900K,0.01,32,113,/data/d1/ts_archive/results/441869507881142858/034ec794942749fb8f2954679b9eb60f/artifacts,,https://github.com/ANON2/TS_Archive.git,ANON1,bright-stoat-491,2ba81db4ea05c65817b596ef2f113e084de3fbd8,file:///home/ANON1/repos/TS_Archive-1#ts_archive_experiments,PROJECT,main.py,conda,local
c3ace333f73c4aafb6fa7e50172bab0b,441869507881142858,FINISHED,/data/d1/ts_archive/results/441869507881142858/c3ace333f73c4aafb6fa7e50172bab0b/artifacts,2025-12-23 01:38:03.860000+00:00,2025-12-23 01:38:32.073000+00:00,0.04453348268982482,,214477.0,,0.8031100566539822,203.96335071939768,,0.7978162907927475,0.7554585152838428,49171.0,0.757556574680464,0.7621340593101192,0.7835387540981174,4326.206952430441,0.7554585152838428,0.0001710783305891086,17.087707969360054,43.26206952430441,0.17087707969360053,,,,,,,,,,,,,,64,12806,,17386,-1,Hydra,XRF,/data/d1/ts_archive/datasets,1234,Opportunity,20,5,9,200,0.0,entropy,8,100,1,0.001,PyTorch 2.9.0+cu128,100,0.5,8,0.1,False,13th Gen Intel(R) Core(TM) i9-13900K,0.01,32,113,/data/d1/ts_archive/results/441869507881142858/c3ace333f73c4aafb6fa7e50172bab0b/artifacts,,https://github.com/ANON2/TS_Archive.git,ANON1,rumbling-skunk-603,2ba81db4ea05c65817b596ef2f113e084de3fbd8,file:///home/ANON1/repos/TS_Archive-1#ts_archive_experiments,PROJECT,main.py,conda,local
e0ed1a546cb74321879a5477c2c3cbd6,441869507881142858,FINISHED,/data/d1/ts_archive/results/441869507881142858/e0ed1a546cb74321879a5477c2c3cbd6/artifacts,2025-12-23 01:29:22.655000+00:00,2025-12-23 01:38:01.122000+00:00,0.08075972641362446,,30493569.0,,0.9222811547420499,369.8795469744,,0.9221488008802486,0.9028384279475983,289972.0,0.9031331341202045,0.9035888293793387,1.5321822045370936,124013.90785916663,0.9028384279475983,0.0003345375992439069,506.1902018263936,1240.1390785916662,5.061902018263936,,117746.0,269798.0,289972.0,37064.0,,,,,,,,,64,12806,,17386,-1,Quant,XRF,/data/d1/ts_archive/datasets,1234,Opportunity,20,5,9,200,0.8,entropy,8,100,1,0.001,PyTorch 2.9.0+cu128,100,0.5,8,0.1,False,13th Gen Intel(R) Core(TM) i9-13900K,0.01,65536,113,/data/d1/ts_archive/results/441869507881142858/e0ed1a546cb74321879a5477c2c3cbd6/artifacts,,https://github.com/ANON2/TS_Archive.git,ANON1,big-dove-307,2ba81db4ea05c65817b596ef2f113e084de3fbd8,file:///home/ANON1/repos/TS_Archive-1#ts_archive_experiments,PROJECT,main.py,conda,local
8128416f12ab41a1a13f00f8dc49a2b6,441869507881142858,FINISHED,/data/d1/ts_archive/results/441869507881142858/8128416f12ab41a1a13f00f8dc49a2b6/artifacts,2025-12-23 01:22:30.705000+00:00,2025-12-23 01:29:21.034000+00:00,0.21941860822679476,,28326794.0,,0.9191936045636939,1004.93722567872,,0.9199516732160473,0.8995633187772926,269156.0,0.8998301084669192,0.9002758914532907,3.912196724675596,95629.61785814604,0.8995633187772926,0.0008541914246016585,390.7957535451278,956.2961785814604,3.907957535451278,,,,,,,,,,,,,,64,12806,,17386,-1,Quant,XRF,/data/d1/ts_archive/datasets,1234,Opportunity,20,5,9,200,0.0,entropy,8,100,1,0.001,PyTorch 2.9.0+cu128,100,0.5,8,0.1,False,13th Gen Intel(R) Core(TM) i9-13900K,0.01,65536,113,/data/d1/ts_archive/results/441869507881142858/8128416f12ab41a1a13f00f8dc49a2b6/artifacts,,https://github.com/ANON2/TS_Archive.git,ANON1,beautiful-donkey-994,2ba81db4ea05c65817b596ef2f113e084de3fbd8,file:///home/ANON1/repos/TS_Archive-1#ts_archive_experiments,PROJECT,main.py,conda,local
8403efbb84004f6fb58c0497e87db7d5,441869507881142858,FINISHED,/data/d1/ts_archive/results/441869507881142858/8403efbb84004f6fb58c0497e87db7d5/artifacts,2025-12-23 01:12:40.781000+00:00,2025-12-23 01:22:27.885000+00:00,0.10208297617412228,,31681112.0,,0.9156686291769892,467.54003087748004,,0.9155860883644167,0.8971615720524018,301054.0,0.8974066370328154,0.8979083611405299,1.907340690493584,131395.31875491334,0.8971615720524018,0.0004164499324221799,568.974611915648,1313.9531875491334,5.68974611915648,,,,,,117746.0,301054.0,37403.0,268424.0,4096.0,38171.0,768.0,121842.0,64,12806,,17386,-1,Hydrant,XRF,/data/d1/ts_archive/datasets,1234,Opportunity,20,5,9,200,0.8,entropy,8,100,1,0.001,PyTorch 2.9.0+cu128,100,0.5,8,0.1,False,13th Gen Intel(R) Core(TM) i9-13900K,0.01,65536,113,/data/d1/ts_archive/results/441869507881142858/8403efbb84004f6fb58c0497e87db7d5/artifacts,177,https://github.com/ANON2/TS_Archive.git,ANON1,amazing-grub-233,2ba81db4ea05c65817b596ef2f113e084de3fbd8,file:///home/ANON1/repos/TS_Archive-1#ts_archive_experiments,PROJECT,main.py,conda,local
b1f4c65080c84408871e08e6561951b3,441869507881142858,FINISHED,/data/d1/ts_archive/results/441869507881142858/b1f4c65080c84408871e08e6561951b3/artifacts,2025-12-23 01:05:38.365000+00:00,2025-12-23 01:12:39.094000+00:00,0.26908394175573797,,28344778.0,,0.9184671147647064,1232.40445324128,,0.919085005109328,0.8989082969432315,268424.0,0.8991449913533052,0.8995434517519518,4.7976952120661736,99558.29381001228,0.8989082969432315,0.0010475317056913042,406.30618571769446,995.5829381001229,4.063061857176945,,,,,,,,,,,,,,64,12806,,17386,-1,Hydrant,XRF,/data/d1/ts_archive/datasets,1234,Opportunity,20,5,9,200,0.0,entropy,8,100,1,0.001,PyTorch 2.9.0+cu128,100,0.5,8,0.1,False,13th Gen Intel(R) Core(TM) i9-13900K,0.01,65536,113,/data/d1/ts_archive/results/441869507881142858/b1f4c65080c84408871e08e6561951b3/artifacts,177,https://github.com/ANON2/TS_Archive.git,ANON1,indecisive-bear-49,2ba81db4ea05c65817b596ef2f113e084de3fbd8,file:///home/ANON1/repos/TS_Archive-1#ts_archive_experiments,PROJECT,main.py,conda,local
beae8524a9154fe59b381d64f8504cbf,441869507881142858,FINISHED,/data/d1/ts_archive/results/441869507881142858/beae8524a9154fe59b381d64f8504cbf/artifacts,2025-12-23 01:05:09.325000+00:00,2025-12-23 01:05:36.432000+00:00,0.01682159985557283,768.0,62200.0,4096.0,0.7669620532484792,87.50596244868987,10899.0,0.7715227071749158,0.7702806612841215,10899.0,0.7661088170983814,0.7755025186549547,0.38068453874439,4539.18304504944,0.7702806612841215,7.3180418828218e-05,17.79674704093486,45.391830450494396,0.1779674704093486,49171.0,,,,,,,,,,,,,64,12184,,17386,-1,Hydra,XRF,/data/d1/ts_archive/datasets,1234,Opportunity,20,5,9,200,0.8,entropy,8,100,0,0.001,PyTorch 2.9.0+cu128,100,0.5,8,0.1,False,13th Gen Intel(R) Core(TM) i9-13900K,0.01,32,113,/data/d1/ts_archive/results/441869507881142858/beae8524a9154fe59b381d64f8504cbf/artifacts,,https://github.com/ANON2/TS_Archive.git,ANON1,whimsical-stoat-398,2ba81db4ea05c65817b596ef2f113e084de3fbd8,file:///home/ANON1/repos/TS_Archive-1#ts_archive_experiments,PROJECT,main.py,conda,local
df5a620ad2c043f393f365d738de90ca,441869507881142858,FINISHED,/data/d1/ts_archive/results/441869507881142858/df5a620ad2c043f393f365d738de90ca/artifacts,2025-12-23 01:04:41.634000+00:00,2025-12-23 01:05:08.462000+00:00,0.04235228166502892,,214477.0,,0.7615011024561337,220.31656922148045,,0.7653154295061488,0.7424067666282199,49171.0,0.742810468578566,0.7514356416721475,0.8374981861561537,3888.2074105454403,0.7424067666282199,0.00016099542217534672,14.908932548947632,38.8820741054544,0.14908932548947632,,,,,,,,,,,,,,64,12184,,17386,-1,Hydra,XRF,/data/d1/ts_archive/datasets,1234,Opportunity,20,5,9,200,0.0,entropy,8,100,0,0.001,PyTorch 2.9.0+cu128,100,0.5,8,0.1,False,13th Gen Intel(R) Core(TM) i9-13900K,0.01,32,113,/data/d1/ts_archive/results/441869507881142858/df5a620ad2c043f393f365d738de90ca/artifacts,,https://github.com/ANON2/TS_Archive.git,ANON1,chill-shad-312,2ba81db4ea05c65817b596ef2f113e084de3fbd8,file:///home/ANON1/repos/TS_Archive-1#ts_archive_experiments,PROJECT,main.py,conda,local
dc542fda6ecb40dcbcee50b84ffcd80e,441869507881142858,FINISHED,/data/d1/ts_archive/results/441869507881142858/dc542fda6ecb40dcbcee50b84ffcd80e/artifacts,2025-12-23 00:56:40.064000+00:00,2025-12-23 01:04:38.864000+00:00,0.08695940601460209,,28278785.0,,0.8649581103969786,452.36283008796005,,0.8774498580980905,0.8542868127643214,268676.0,0.8537445244571276,0.8551454102466787,1.862742026336491,114193.42147835749,0.8542868127643214,0.0003580818966429241,465.5986600453034,1141.9342147835748,4.655986600453034,,117746.0,249668.0,268676.0,35708.0,,,,,,,,,64,12184,,17386,-1,Quant,XRF,/data/d1/ts_archive/datasets,1234,Opportunity,20,5,9,200,0.8,entropy,8,100,0,0.001,PyTorch 2.9.0+cu128,100,0.5,8,0.1,False,13th Gen Intel(R) Core(TM) i9-13900K,0.01,65536,113,/data/d1/ts_archive/results/441869507881142858/dc542fda6ecb40dcbcee50b84ffcd80e/artifacts,,https://github.com/ANON2/TS_Archive.git,ANON1,mysterious-crow-924,2ba81db4ea05c65817b596ef2f113e084de3fbd8,file:///home/ANON1/repos/TS_Archive-1#ts_archive_experiments,PROJECT,main.py,conda,local
55b843d3ec664b139f57d7008e7cd4c3,441869507881142858,FINISHED,/data/d1/ts_archive/results/441869507881142858/55b843d3ec664b139f57d7008e7cd4c3/artifacts,2025-12-23 00:50:19.727000+00:00,2025-12-23 00:56:38.310000+00:00,0.2153730544548097,,26274458.0,,0.8638329044236253,1120.37062927392,,0.8761004474068473,0.8523644752018454,249422.0,0.8519261452983901,0.8532886224176435,4.451326003298163,88978.77816081696,0.8523644752018454,0.0008556951178966096,363.2257071156055,889.7877816081696,3.632257071156055,,,,,,,,,,,,,,64,12184,,17386,-1,Quant,XRF,/data/d1/ts_archive/datasets,1234,Opportunity,20,5,9,200,0.0,entropy,8,100,0,0.001,PyTorch 2.9.0+cu128,100,0.5,8,0.1,False,13th Gen Intel(R) Core(TM) i9-13900K,0.01,65536,113,/data/d1/ts_archive/results/441869507881142858/55b843d3ec664b139f57d7008e7cd4c3/artifacts,,https://github.com/ANON2/TS_Archive.git,ANON1,intelligent-hen-216,2ba81db4ea05c65817b596ef2f113e084de3fbd8,file:///home/ANON1/repos/TS_Archive-1#ts_archive_experiments,PROJECT,main.py,conda,local
e79214a157e147e791d7edb620ce6a27,441869507881142858,FINISHED,/data/d1/ts_archive/results/441869507881142858/e79214a157e147e791d7edb620ce6a27/artifacts,2025-12-23 00:41:15.897000+00:00,2025-12-23 00:50:17.252000+00:00,0.10934237364076124,,29374387.0,,0.865482168750758,568.79902767924,,0.8774121461783102,0.8577470203767782,278874.0,0.8570133402238792,0.8585836235272717,2.296596566215157,121860.53169948935,0.8577470203767782,0.00044148338450887293,528.5385115090758,1218.6053169948934,5.285385115090758,,,,,,117746.0,278874.0,35369.0,248146.0,4096.0,36137.0,768.0,121842.0,64,12184,,17386,-1,Hydrant,XRF,/data/d1/ts_archive/datasets,1234,Opportunity,20,5,9,200,0.8,entropy,8,100,0,0.001,PyTorch 2.9.0+cu128,100,0.5,8,0.1,False,13th Gen Intel(R) Core(TM) i9-13900K,0.01,65536,113,/data/d1/ts_archive/results/441869507881142858/e79214a157e147e791d7edb620ce6a27/artifacts,177,https://github.com/ANON2/TS_Archive.git,ANON1,smiling-slug-540,2ba81db4ea05c65817b596ef2f113e084de3fbd8,file:///home/ANON1/repos/TS_Archive-1#ts_archive_experiments,PROJECT,main.py,conda,local
ea25a1cd233b4a47b59ca13ea54ff5ba,441869507881142858,FINISHED,/data/d1/ts_archive/results/441869507881142858/ea25a1cd233b4a47b59ca13ea54ff5ba/artifacts,2025-12-23 00:34:37.538000+00:00,2025-12-23 00:41:14.202000+00:00,0.2686631396413841,,26235866.0,,0.8645701895854115,1397.5856524144801,,0.8773584033881618,0.8560169165705498,248146.0,0.8555142586144845,0.8565989826731182,5.536969524808228,92963.35488664404,0.8560169165705498,0.0010643924499823584,379.2732025682926,929.6335488664404,3.792732025682926,,,,,,,,,,,,,,64,12184,,17386,-1,Hydrant,XRF,/data/d1/ts_archive/datasets,1234,Opportunity,20,5,9,200,0.0,entropy,8,100,0,0.001,PyTorch 2.9.0+cu128,100,0.5,8,0.1,False,13th Gen Intel(R) Core(TM) i9-13900K,0.01,65536,113,/data/d1/ts_archive/results/441869507881142858/ea25a1cd233b4a47b59ca13ea54ff5ba/artifacts,177,https://github.com/ANON2/TS_Archive.git,ANON1,respected-gnu-250,2ba81db4ea05c65817b596ef2f113e084de3fbd8,file:///home/ANON1/repos/TS_Archive-1#ts_archive_experiments,PROJECT,main.py,conda,local
c77a2f2c48684970800d90d968de0c0a,441869507881142858,FINISHED,/data/d1/ts_archive/results/441869507881142858/c77a2f2c48684970800d90d968de0c0a/artifacts,2025-12-23 00:17:34.731000+00:00,2025-12-23 00:34:34.811000+00:00,0.68079466977294,1728.0,79475.0,9216.0,0.7050960544301984,4084.76801863764,15850.0,0.7258595159510568,0.8241666666666667,15850.0,0.8131402871124249,0.8121108573169787,15.583380553871391,250103.45868652296,0.8241666666666667,0.0025972300923118984,993.967487886548,2501.03458686523,9.93967487886548,79498.0,,,,,,,,,,,,,64,24000,,30000,-1,Hydra,XRF,/data/d1/ts_archive/datasets,1234,CornellWhaleChallenge,20,2,9,200,0.8,entropy,8,4000,2,0.001,PyTorch 2.9.0+cu128,100,0.5,8,0.1,False,13th Gen Intel(R) Core(TM) i9-13900K,0.01,32,1,/data/d1/ts_archive/results/441869507881142858/c77a2f2c48684970800d90d968de0c0a/artifacts,,https://github.com/ANON2/TS_Archive.git,ANON1,big-slug-690,2ba81db4ea05c65817b596ef2f113e084de3fbd8,file:///home/ANON1/repos/TS_Archive-1#ts_archive_experiments,PROJECT,main.py,conda,local
b38901b25d2645fda5111457c9139134,441869507881142858,FINISHED,/data/d1/ts_archive/results/441869507881142858/b38901b25d2645fda5111457c9139134/artifacts,2025-12-23 00:00:53.696000+00:00,2025-12-23 00:17:33.060000+00:00,4.495770208338899,,332301.0,,0.6665069954576962,26974.621250033397,,0.6543673426949972,0.7351666666666666,79498.0,0.7432159616090357,0.7545950368896681,106.580654730089,220469.4449288377,0.7351666666666666,0.017763442455014832,882.6838024072349,2204.694449288377,8.82683802407235,,,,,,,,,,,,,,64,24000,,30000,-1,Hydra,XRF,/data/d1/ts_archive/datasets,1234,CornellWhaleChallenge,20,2,9,200,0.0,entropy,8,4000,2,0.001,PyTorch 2.9.0+cu128,100,0.5,8,0.1,False,13th Gen Intel(R) Core(TM) i9-13900K,0.01,32,1,/data/d1/ts_archive/results/441869507881142858/b38901b25d2645fda5111457c9139134/artifacts,,https://github.com/ANON2/TS_Archive.git,ANON1,whimsical-hare-593,2ba81db4ea05c65817b596ef2f113e084de3fbd8,file:///home/ANON1/repos/TS_Archive-1#ts_archive_experiments,PROJECT,main.py,conda,local
ef39ead8c58d4a399957450bf6dcacd5,441869507881142858,FINISHED,/data/d1/ts_archive/results/441869507881142858/ef39ead8c58d4a399957450bf6dcacd5/artifacts,2025-12-22 23:56:41.080000+00:00,2025-12-23 00:00:51.196000+00:00,0.014046662924997901,,57257237.0,,0.8094691351809757,84.27997754998741,,0.8232346001452784,0.8788333333333334,713672.0,0.8759418687544597,0.8750463048183941,0.3616208042949438,58859.96707339416,0.8788333333333334,6.0270134049157304e-05,239.49115219619125,588.5996707339416,2.3949115219619124,,35349.0,627052.0,713672.0,4340.0,,,,,,,,,64,24000,,30000,-1,Quant,XRF,/data/d1/ts_archive/datasets,1234,CornellWhaleChallenge,20,2,9,200,0.8,entropy,8,4000,2,0.001,PyTorch 2.9.0+cu128,100,0.5,8,0.1,False,13th Gen Intel(R) Core(TM) i9-13900K,0.01,65536,1,/data/d1/ts_archive/results/441869507881142858/ef39ead8c58d4a399957450bf6dcacd5/artifacts,,https://github.com/ANON2/TS_Archive.git,ANON1,loud-calf-389,2ba81db4ea05c65817b596ef2f113e084de3fbd8,file:///home/ANON1/repos/TS_Archive-1#ts_archive_experiments,PROJECT,main.py,conda,local
cf6923e45ddc4a0092f1939c3adbcd7a,441869507881142858,FINISHED,/data/d1/ts_archive/results/441869507881142858/cf6923e45ddc4a0092f1939c3adbcd7a/artifacts,2025-12-22 23:52:47.650000+00:00,2025-12-22 23:56:39.523000+00:00,0.10603689512501999,,46491334.0,,0.8025104651117763,636.22137075012,,0.8183376423323143,0.8765,579122.0,0.8729879872395067,0.8722362847222223,2.367165226489305,53839.40247192852,0.8765,0.0003945275377482175,218.71850530896336,538.3940247192852,2.1871850530896335,,,,,,,,,,,,,,64,24000,,30000,-1,Quant,XRF,/data/d1/ts_archive/datasets,1234,CornellWhaleChallenge,20,2,9,200,0.0,entropy,8,4000,2,0.001,PyTorch 2.9.0+cu128,100,0.5,8,0.1,False,13th Gen Intel(R) Core(TM) i9-13900K,0.01,65536,1,/data/d1/ts_archive/results/441869507881142858/cf6923e45ddc4a0092f1939c3adbcd7a/artifacts,,https://github.com/ANON2/TS_Archive.git,ANON1,grandiose-hound-976,2ba81db4ea05c65817b596ef2f113e084de3fbd8,file:///home/ANON1/repos/TS_Archive-1#ts_archive_experiments,PROJECT,main.py,conda,local
223ac667e55c4be6bd6f592eac9fec0e,441869507881142858,FINISHED,/data/d1/ts_archive/results/441869507881142858/223ac667e55c4be6bd6f592eac9fec0e/artifacts,2025-12-22 23:35:53.019000+00:00,2025-12-22 23:52:45.134000+00:00,1.4466098611671598,,53504259.0,,0.7589674681206169,8679.65916700296,,0.7830537450582327,0.859,666182.0,0.8512984079495675,0.8523495623289027,36.65772674512118,211638.63614873256,0.859,0.006109621124186864,965.06096261926,2116.3863614873258,9.6506096261926,,,,,,35349.0,666182.0,8747.0,609518.0,9216.0,10475.0,1728.0,44565.0,64,24000,,30000,-1,Hydrant,XRF,/data/d1/ts_archive/datasets,1234,CornellWhaleChallenge,20,2,9,200,0.8,entropy,8,4000,2,0.001,PyTorch 2.9.0+cu128,100,0.5,8,0.1,False,13th Gen Intel(R) Core(TM) i9-13900K,0.01,65536,1,/data/d1/ts_archive/results/441869507881142858/223ac667e55c4be6bd6f592eac9fec0e/artifacts,63,https://github.com/ANON2/TS_Archive.git,ANON1,capricious-asp-700,2ba81db4ea05c65817b596ef2f113e084de3fbd8,file:///home/ANON1/repos/TS_Archive-1#ts_archive_experiments,PROJECT,main.py,conda,local
6bb5a97620784ecaa3abb9cb9bf7468f,441869507881142858,FINISHED,/data/d1/ts_archive/results/441869507881142858/6bb5a97620784ecaa3abb9cb9bf7468f/artifacts,2025-12-22 23:21:08.260000+00:00,2025-12-22 23:35:51.407000+00:00,4.73160484190244,,49102182.0,,0.8012457452205128,28389.62905141464,,0.8181200579078827,0.8768333333333334,609518.0,0.8730614919375651,0.8724634500670589,120.91990724019706,166604.90196384286,0.8768333333333334,0.02015331787336618,749.1159769669175,1666.0490196384285,7.491159769669175,,,,,,,,,,,,,,64,24000,,30000,-1,Hydrant,XRF,/data/d1/ts_archive/datasets,1234,CornellWhaleChallenge,20,2,9,200,0.0,entropy,8,4000,2,0.001,PyTorch 2.9.0+cu128,100,0.5,8,0.1,False,13th Gen Intel(R) Core(TM) i9-13900K,0.01,65536,1,/data/d1/ts_archive/results/441869507881142858/6bb5a97620784ecaa3abb9cb9bf7468f/artifacts,63,https://github.com/ANON2/TS_Archive.git,ANON1,charming-fox-190,2ba81db4ea05c65817b596ef2f113e084de3fbd8,file:///home/ANON1/repos/TS_Archive-1#ts_archive_experiments,PROJECT,main.py,conda,local
e800efed171847349bc22f84d278d9cc,441869507881142858,FINISHED,/data/d1/ts_archive/results/441869507881142858/e800efed171847349bc22f84d278d9cc/artifacts,2025-12-22 23:04:24.608000+00:00,2025-12-22 23:21:05.675000+00:00,0.7645964229525599,1728.0,78839.0,9216.0,0.7125256061245591,4587.57853771536,15850.0,0.7290061762430515,0.8211666666666667,15850.0,0.8130278865749556,0.8104734763914854,16.969686921685934,245153.42081232986,0.8211666666666667,0.0028282811536143224,971.6722487639636,2451.5342081232984,9.716722487639636,79498.0,,,,,,,,,,,,,64,24000,,30000,-1,Hydra,XRF,/data/d1/ts_archive/datasets,1234,CornellWhaleChallenge,20,2,9,200,0.8,entropy,8,4000,1,0.001,PyTorch 2.9.0+cu128,100,0.5,8,0.1,False,13th Gen Intel(R) Core(TM) i9-13900K,0.01,32,1,/data/d1/ts_archive/results/441869507881142858/e800efed171847349bc22f84d278d9cc/artifacts,,https://github.com/ANON2/TS_Archive.git,ANON1,shivering-sloth-508,2ba81db4ea05c65817b596ef2f113e084de3fbd8,file:///home/ANON1/repos/TS_Archive-1#ts_archive_experiments,PROJECT,main.py,conda,local
9d02e85e38f1419db8b46d1049dbfe8d,441869507881142858,FINISHED,/data/d1/ts_archive/results/441869507881142858/9d02e85e38f1419db8b46d1049dbfe8d/artifacts,2025-12-22 22:47:47.281000+00:00,2025-12-22 23:04:22.942000+00:00,4.50207694673322,,332301.0,,0.6766363717331619,27012.46168039932,,0.6601461955961663,0.7351666666666666,79498.0,0.7450398822633872,0.7603715203129267,109.01443219278008,218547.1120707216,0.7351666666666666,0.018169072032130012,876.7073367033154,2185.471120707216,8.767073367033154,,,,,,,,,,,,,,64,24000,,30000,-1,Hydra,XRF,/data/d1/ts_archive/datasets,1234,CornellWhaleChallenge,20,2,9,200,0.0,entropy,8,4000,1,0.001,PyTorch 2.9.0+cu128,100,0.5,8,0.1,False,13th Gen Intel(R) Core(TM) i9-13900K,0.01,32,1,/data/d1/ts_archive/results/441869507881142858/9d02e85e38f1419db8b46d1049dbfe8d/artifacts,,https://github.com/ANON2/TS_Archive.git,ANON1,fun-bee-67,2ba81db4ea05c65817b596ef2f113e084de3fbd8,file:///home/ANON1/repos/TS_Archive-1#ts_archive_experiments,PROJECT,main.py,conda,local
43d7c2177fd24588883ee1db514c586a,441869507881142858,FINISHED,/data/d1/ts_archive/results/441869507881142858/43d7c2177fd24588883ee1db514c586a/artifacts,2025-12-22 22:43:31.588000+00:00,2025-12-22 22:47:44.502000+00:00,0.01595679747559618,,57692116.0,,0.800425187520088,95.74078485357708,,0.8173306143550565,0.8763333333333333,719108.0,0.8725267063024769,0.8719202430870479,0.3959337696433067,58727.632185004324,0.8763333333333333,6.598896160721778e-05,239.7194279488176,587.2763218500432,2.397194279488176,,35349.0,629940.0,719108.0,4232.0,,,,,,,,,64,24000,,30000,-1,Quant,XRF,/data/d1/ts_archive/datasets,1234,CornellWhaleChallenge,20,2,9,200,0.8,entropy,8,4000,1,0.001,PyTorch 2.9.0+cu128,100,0.5,8,0.1,False,13th Gen Intel(R) Core(TM) i9-13900K,0.01,65536,1,/data/d1/ts_archive/results/441869507881142858/43d7c2177fd24588883ee1db514c586a/artifacts,,https://github.com/ANON2/TS_Archive.git,ANON1,thoughtful-mouse-928,2ba81db4ea05c65817b596ef2f113e084de3fbd8,file:///home/ANON1/repos/TS_Archive-1#ts_archive_experiments,PROJECT,main.py,conda,local
8f0deb7a65b943a385b99f065363c43f,441869507881142858,FINISHED,/data/d1/ts_archive/results/441869507881142858/8f0deb7a65b943a385b99f065363c43f/artifacts,2025-12-22 22:39:36.292000+00:00,2025-12-22 22:43:29.829000+00:00,0.10675914912774001,,46932294.0,,0.798310479826827,640.55489476644,,0.8165989803051807,0.8765,584634.0,0.8723249216369023,0.871962961931317,2.444231517612934,53853.815872128594,0.8765,0.00040737191960215567,218.9713032422588,538.538158721286,2.189713032422588,,,,,,,,,,,,,,64,24000,,30000,-1,Quant,XRF,/data/d1/ts_archive/datasets,1234,CornellWhaleChallenge,20,2,9,200,0.0,entropy,8,4000,1,0.001,PyTorch 2.9.0+cu128,100,0.5,8,0.1,False,13th Gen Intel(R) Core(TM) i9-13900K,0.01,65536,1,/data/d1/ts_archive/results/441869507881142858/8f0deb7a65b943a385b99f065363c43f/artifacts,,https://github.com/ANON2/TS_Archive.git,ANON1,marvelous-newt-762,2ba81db4ea05c65817b596ef2f113e084de3fbd8,file:///home/ANON1/repos/TS_Archive-1#ts_archive_experiments,PROJECT,main.py,conda,local
936ebdb072ba44dc8cc84bf7bad2ca98,441869507881142858,FINISHED,/data/d1/ts_archive/results/441869507881142858/936ebdb072ba44dc8cc84bf7bad2ca98/artifacts,2025-12-22 22:22:43.944000+00:00,2025-12-22 22:39:33.568000+00:00,1.3666174199955,,53068579.0,,0.7572880161400872,8199.704519973,,0.7828152081519963,0.8598333333333333,660736.0,0.8515775421370131,0.8533778996141405,34.22786498814821,212075.3694371868,0.8598333333333333,0.005704644164691369,964.7691644420848,2120.753694371868,9.64769164442085,,,,,,35349.0,660736.0,8949.0,611116.0,9216.0,10677.0,1728.0,44565.0,64,24000,,30000,-1,Hydrant,XRF,/data/d1/ts_archive/datasets,1234,CornellWhaleChallenge,20,2,9,200,0.8,entropy,8,4000,1,0.001,PyTorch 2.9.0+cu128,100,0.5,8,0.1,False,13th Gen Intel(R) Core(TM) i9-13900K,0.01,65536,1,/data/d1/ts_archive/results/441869507881142858/936ebdb072ba44dc8cc84bf7bad2ca98/artifacts,63,https://github.com/ANON2/TS_Archive.git,ANON1,delightful-vole-11,2ba81db4ea05c65817b596ef2f113e084de3fbd8,file:///home/ANON1/repos/TS_Archive-1#ts_archive_experiments,PROJECT,main.py,conda,local
44cc563f08fe4f0390190983b725301c,441869507881142858,FINISHED,/data/d1/ts_archive/results/441869507881142858/44cc563f08fe4f0390190983b725301c/artifacts,2025-12-22 22:08:05.583000+00:00,2025-12-22 22:22:42.268000+00:00,4.6698051171681,,49230022.0,,0.8000515026777519,28018.8307030086,,0.819741235435558,0.8791666666666667,611116.0,0.8747679772722015,0.8747756984909607,119.30649358406664,165479.83090799616,0.8791666666666667,0.01988441559734444,744.9296312881634,1654.7983090799617,7.449296312881634,,,,,,,,,,,,,,64,24000,,30000,-1,Hydrant,XRF,/data/d1/ts_archive/datasets,1234,CornellWhaleChallenge,20,2,9,200,0.0,entropy,8,4000,1,0.001,PyTorch 2.9.0+cu128,100,0.5,8,0.1,False,13th Gen Intel(R) Core(TM) i9-13900K,0.01,65536,1,/data/d1/ts_archive/results/441869507881142858/44cc563f08fe4f0390190983b725301c/artifacts,63,https://github.com/ANON2/TS_Archive.git,ANON1,orderly-boar-533,2ba81db4ea05c65817b596ef2f113e084de3fbd8,file:///home/ANON1/repos/TS_Archive-1#ts_archive_experiments,PROJECT,main.py,conda,local
5c8ad190adff4786bd5d9d3b89eff2aa,441869507881142858,FINISHED,/data/d1/ts_archive/results/441869507881142858/5c8ad190adff4786bd5d9d3b89eff2aa/artifacts,2025-12-22 21:50:51.913000+00:00,2025-12-22 22:08:02.775000+00:00,0.72560118263538,1728.0,79520.0,9216.0,0.6862642745673582,4353.60709581228,15850.0,0.7070703711972588,0.815,15850.0,0.8016051092205275,0.8006504908425335,16.858170523308218,252301.85983210392,0.815,0.0028096950872180363,1003.932311726734,2523.018598321039,10.03932311726734,79498.0,,,,,,,,,,,,,64,24000,,30000,-1,Hydra,XRF,/data/d1/ts_archive/datasets,1234,CornellWhaleChallenge,20,2,9,200,0.8,entropy,8,4000,0,0.001,PyTorch 2.9.0+cu128,100,0.5,8,0.1,False,13th Gen Intel(R) Core(TM) i9-13900K,0.01,32,1,/data/d1/ts_archive/results/441869507881142858/5c8ad190adff4786bd5d9d3b89eff2aa/artifacts,,https://github.com/ANON2/TS_Archive.git,ANON1,peaceful-crow-428,2ba81db4ea05c65817b596ef2f113e084de3fbd8,file:///home/ANON1/repos/TS_Archive-1#ts_archive_experiments,PROJECT,main.py,conda,local
23b9633779f94fc98b1f6ee8438037f7,441869507881142858,FINISHED,/data/d1/ts_archive/results/441869507881142858/23b9633779f94fc98b1f6ee8438037f7/artifacts,2025-12-22 21:34:13.333000+00:00,2025-12-22 21:50:50.264000+00:00,4.6244296339007995,,332301.0,,0.6707542238004329,27746.577803404798,,0.6551743721478618,0.7318333333333333,79498.0,0.7416155478925257,0.7565244866067409,110.93068796768785,217325.80317556584,0.7318333333333333,0.018488447994614642,873.9448926858604,2173.2580317556585,8.739448926858604,,,,,,,,,,,,,,64,24000,,30000,-1,Hydra,XRF,/data/d1/ts_archive/datasets,1234,CornellWhaleChallenge,20,2,9,200,0.0,entropy,8,4000,0,0.001,PyTorch 2.9.0+cu128,100,0.5,8,0.1,False,13th Gen Intel(R) Core(TM) i9-13900K,0.01,32,1,/data/d1/ts_archive/results/441869507881142858/23b9633779f94fc98b1f6ee8438037f7/artifacts,,https://github.com/ANON2/TS_Archive.git,ANON1,treasured-snipe-583,2ba81db4ea05c65817b596ef2f113e084de3fbd8,file:///home/ANON1/repos/TS_Archive-1#ts_archive_experiments,PROJECT,main.py,conda,local
e9bac20a049c446cbcc90a796dd42497,441869507881142858,FINISHED,/data/d1/ts_archive/results/441869507881142858/e9bac20a049c446cbcc90a796dd42497/artifacts,2025-12-22 21:29:59.553000+00:00,2025-12-22 21:34:10.528000+00:00,0.014980110283645553,,56699316.0,,0.8047928469363652,89.88066170187332,,0.81866007319561,0.8758333333333334,706698.0,0.8727956326611301,0.871833942886211,0.3585103573277592,59064.14198648196,0.8758333333333334,5.97517262212932e-05,240.27485035452992,590.6414198648196,2.402748503545299,,35349.0,627110.0,706698.0,4466.0,,,,,,,,,64,24000,,30000,-1,Quant,XRF,/data/d1/ts_archive/datasets,1234,CornellWhaleChallenge,20,2,9,200,0.8,entropy,8,4000,0,0.001,PyTorch 2.9.0+cu128,100,0.5,8,0.1,False,13th Gen Intel(R) Core(TM) i9-13900K,0.01,65536,1,/data/d1/ts_archive/results/441869507881142858/e9bac20a049c446cbcc90a796dd42497/artifacts,,https://github.com/ANON2/TS_Archive.git,ANON1,suave-asp-467,2ba81db4ea05c65817b596ef2f113e084de3fbd8,file:///home/ANON1/repos/TS_Archive-1#ts_archive_experiments,PROJECT,main.py,conda,local
75e3122ff6ca48de870eea9598a15ebf,441869507881142858,FINISHED,/data/d1/ts_archive/results/441869507881142858/75e3122ff6ca48de870eea9598a15ebf/artifacts,2025-12-22 21:26:05.624000+00:00,2025-12-22 21:29:57.905000+00:00,0.10041013715081999,,46492294.0,,0.8007605357827439,602.46082290492,,0.8165706359996312,0.8753333333333333,579134.0,0.8717688116458354,0.8709844198314491,2.219005024060607,53814.7102576068,0.8753333333333333,0.00036983417067676784,219.1353932349012,538.1471025760679,2.1913539323490117,,,,,,,,,,,,,,64,24000,,30000,-1,Quant,XRF,/data/d1/ts_archive/datasets,1234,CornellWhaleChallenge,20,2,9,200,0.0,entropy,8,4000,0,0.001,PyTorch 2.9.0+cu128,100,0.5,8,0.1,False,13th Gen Intel(R) Core(TM) i9-13900K,0.01,65536,1,/data/d1/ts_archive/results/441869507881142858/75e3122ff6ca48de870eea9598a15ebf/artifacts,,https://github.com/ANON2/TS_Archive.git,ANON1,luminous-hound-748,2ba81db4ea05c65817b596ef2f113e084de3fbd8,file:///home/ANON1/repos/TS_Archive-1#ts_archive_experiments,PROJECT,main.py,conda,local
ecafae87cba34db5be7c1862e3f13c53,441869507881142858,FINISHED,/data/d1/ts_archive/results/441869507881142858/ecafae87cba34db5be7c1862e3f13c53/artifacts,2025-12-22 21:09:32.322000+00:00,2025-12-22 21:26:02.875000+00:00,1.3950487014653403,,53477868.0,,0.758461735059383,8370.292208792041,,0.7806748226909452,0.8563333333333333,665852.0,0.8491625210306779,0.849365212914137,33.95649743452668,209399.08488898788,0.8563333333333333,0.00565941623908778,945.3832622068004,2093.9908488898786,9.453832622068004,,,,,,35349.0,665852.0,8466.0,609200.0,9216.0,10194.0,1728.0,44565.0,64,24000,,30000,-1,Hydrant,XRF,/data/d1/ts_archive/datasets,1234,CornellWhaleChallenge,20,2,9,200,0.8,entropy,8,4000,0,0.001,PyTorch 2.9.0+cu128,100,0.5,8,0.1,False,13th Gen Intel(R) Core(TM) i9-13900K,0.01,65536,1,/data/d1/ts_archive/results/441869507881142858/ecafae87cba34db5be7c1862e3f13c53/artifacts,63,https://github.com/ANON2/TS_Archive.git,ANON1,intrigued-koi-362,2ba81db4ea05c65817b596ef2f113e084de3fbd8,file:///home/ANON1/repos/TS_Archive-1#ts_archive_experiments,PROJECT,main.py,conda,local
007c0089ead541b79ed3718d4fbe3098,441869507881142858,FINISHED,/data/d1/ts_archive/results/441869507881142858/007c0089ead541b79ed3718d4fbe3098/artifacts,2025-12-22 20:54:58.583000+00:00,2025-12-22 21:09:30.685000+00:00,4.7101750814382,,49076742.0,,0.7974399684013647,28261.0504886292,,0.8150370590579591,0.8751666666666666,609200.0,0.8711064680821559,0.8705820894793557,119.6170307919383,165129.6884501599,0.8751666666666666,0.019936171798656383,741.7313236370683,1651.2968845015992,7.417313236370683,,,,,,,,,,,,,,64,24000,,30000,-1,Hydrant,XRF,/data/d1/ts_archive/datasets,1234,CornellWhaleChallenge,20,2,9,200,0.0,entropy,8,4000,0,0.001,PyTorch 2.9.0+cu128,100,0.5,8,0.1,False,13th Gen Intel(R) Core(TM) i9-13900K,0.01,65536,1,/data/d1/ts_archive/results/441869507881142858/007c0089ead541b79ed3718d4fbe3098/artifacts,63,https://github.com/ANON2/TS_Archive.git,ANON1,illustrious-bee-207,2ba81db4ea05c65817b596ef2f113e084de3fbd8,file:///home/ANON1/repos/TS_Archive-1#ts_archive_experiments,PROJECT,main.py,conda,local
9e636e17e50042ca90dbbb133e2dc5cf,441869507881142858,FINISHED,/data/d1/ts_archive/results/441869507881142858/9e636e17e50042ca90dbbb133e2dc5cf/artifacts,2025-12-22 20:38:29.305000+00:00,2025-12-22 20:54:55.839000+00:00,0.73860789829104,1728.0,134134.0,9216.0,0.8933333333333332,4431.64738974624,29698.0,0.89334270322148,0.8933333333333333,29698.0,0.8933427032214798,0.8949222131847505,16.46692191902548,237854.2769756377,0.8933333333333333,0.0027444869865042468,959.3259489974008,2378.5427697563773,9.593259489974008,153250.0,,,,,,,,,,,,,64,24000,,30000,-1,Hydra,XRF,/data/d1/ts_archive/datasets,1234,AudioMNIST-DS,20,10,9,200,0.8,entropy,8,4000,2,0.001,PyTorch 2.9.0+cu128,100,0.5,8,0.1,False,13th Gen Intel(R) Core(TM) i9-13900K,0.01,32,1,/data/d1/ts_archive/results/441869507881142858/9e636e17e50042ca90dbbb133e2dc5cf/artifacts,,https://github.com/ANON2/TS_Archive.git,ANON1,trusting-snail-391,2ba81db4ea05c65817b596ef2f113e084de3fbd8,file:///home/ANON1/repos/TS_Archive-1#ts_archive_experiments,PROJECT,main.py,conda,local
6e85b2a664974cec8f5940ef97752894,441869507881142858,FINISHED,/data/d1/ts_archive/results/441869507881142858/6e85b2a664974cec8f5940ef97752894/artifacts,2025-12-22 20:22:04.310000+00:00,2025-12-22 20:38:27.591000+00:00,4.3918604950345195,,627213.0,,0.8788333333333332,26351.16297020712,,0.8792612496536438,0.8788333333333334,153250.0,0.8792612496536438,0.8810660839277247,107.54606091976166,211682.0941222392,0.8788333333333334,0.017924343486626942,865.2236306034029,2116.8209412223923,8.652236306034029,,,,,,,,,,,,,,64,24000,,30000,-1,Hydra,XRF,/data/d1/ts_archive/datasets,1234,AudioMNIST-DS,20,10,9,200,0.0,entropy,8,4000,2,0.001,PyTorch 2.9.0+cu128,100,0.5,8,0.1,False,13th Gen Intel(R) Core(TM) i9-13900K,0.01,32,1,/data/d1/ts_archive/results/441869507881142858/6e85b2a664974cec8f5940ef97752894/artifacts,,https://github.com/ANON2/TS_Archive.git,ANON1,unruly-kite-623,2ba81db4ea05c65817b596ef2f113e084de3fbd8,file:///home/ANON1/repos/TS_Archive-1#ts_archive_experiments,PROJECT,main.py,conda,local
3ca6d96ab502432b8217a2a6ac917e77,441869507881142858,FINISHED,/data/d1/ts_archive/results/441869507881142858/3ca6d96ab502432b8217a2a6ac917e77/artifacts,2025-12-22 20:17:41.942000+00:00,2025-12-22 20:22:01.378000+00:00,0.016278038452429894,,133981429.0,,0.8530000000000001,97.66823071457937,,0.8537277943782046,0.853,929202.0,0.8537277943782045,0.8602646615905032,0.39893205370754,61109.52574630068,0.853,6.648867561792333e-05,248.2530739782378,611.0952574630068,2.482530739782378,,35349.0,784414.0,929202.0,5366.0,,,,,,,,,64,24000,,30000,-1,Quant,XRF,/data/d1/ts_archive/datasets,1234,AudioMNIST-DS,20,10,9,200,0.8,entropy,8,4000,2,0.001,PyTorch 2.9.0+cu128,100,0.5,8,0.1,False,13th Gen Intel(R) Core(TM) i9-13900K,0.01,65536,1,/data/d1/ts_archive/results/441869507881142858/3ca6d96ab502432b8217a2a6ac917e77/artifacts,,https://github.com/ANON2/TS_Archive.git,ANON1,intrigued-ape-770,2ba81db4ea05c65817b596ef2f113e084de3fbd8,file:///home/ANON1/repos/TS_Archive-1#ts_archive_experiments,PROJECT,main.py,conda,local
9a1330a0964e4fbab528d165154884e1,441869507881142858,FINISHED,/data/d1/ts_archive/results/441869507881142858/9a1330a0964e4fbab528d165154884e1/artifacts,2025-12-22 20:13:44.522000+00:00,2025-12-22 20:17:40.281000+00:00,0.0946484723244,,112869990.0,,0.8841666666666667,567.8908339464,,0.88456751760106,0.8841666666666667,782608.0,0.88456751760106,0.8885516978045916,2.1290138019248843,55302.97867229196,0.8841666666666667,0.0003548356336541474,222.7895602695644,553.0297867229197,2.227895602695644,,,,,,,,,,,,,,64,24000,,30000,-1,Quant,XRF,/data/d1/ts_archive/datasets,1234,AudioMNIST-DS,20,10,9,200,0.0,entropy,8,4000,2,0.001,PyTorch 2.9.0+cu128,100,0.5,8,0.1,False,13th Gen Intel(R) Core(TM) i9-13900K,0.01,65536,1,/data/d1/ts_archive/results/441869507881142858/9a1330a0964e4fbab528d165154884e1/artifacts,,https://github.com/ANON2/TS_Archive.git,ANON1,selective-vole-321,2ba81db4ea05c65817b596ef2f113e084de3fbd8,file:///home/ANON1/repos/TS_Archive-1#ts_archive_experiments,PROJECT,main.py,conda,local
5b4eba6f8fea4693afeaf12ea21a118d,441869507881142858,FINISHED,/data/d1/ts_archive/results/441869507881142858/5b4eba6f8fea4693afeaf12ea21a118d/artifacts,2025-12-22 19:57:40.323000+00:00,2025-12-22 20:13:41.877000+00:00,1.05736439927904,,141434599.0,,0.8793333333333333,6344.18639567424,,0.8795504040224783,0.8793333333333333,980644.0,0.8795504040224785,0.8833210099351689,26.250586514361203,201306.238352577,0.8793333333333333,0.004375097752393533,924.4778291760013,2013.06238352577,9.244778291760012,,,,,,35349.0,980644.0,8374.0,731106.0,9216.0,10102.0,1728.0,44565.0,64,24000,,30000,-1,Hydrant,XRF,/data/d1/ts_archive/datasets,1234,AudioMNIST-DS,20,10,9,200,0.8,entropy,8,4000,2,0.001,PyTorch 2.9.0+cu128,100,0.5,8,0.1,False,13th Gen Intel(R) Core(TM) i9-13900K,0.01,65536,1,/data/d1/ts_archive/results/441869507881142858/5b4eba6f8fea4693afeaf12ea21a118d/artifacts,63,https://github.com/ANON2/TS_Archive.git,ANON1,fortunate-fly-554,2ba81db4ea05c65817b596ef2f113e084de3fbd8,file:///home/ANON1/repos/TS_Archive-1#ts_archive_experiments,PROJECT,main.py,conda,local
01987ab7e2e449b49069851fc28aa6ad,441869507881142858,FINISHED,/data/d1/ts_archive/results/441869507881142858/01987ab7e2e449b49069851fc28aa6ad/artifacts,2025-12-22 19:43:03.283000+00:00,2025-12-22 19:57:38.747000+00:00,4.58158368903342,,105632870.0,,0.8961666666666668,27489.50213420052,,0.8962564551338843,0.8961666666666667,731106.0,0.8962564551338842,0.9000410541631574,118.90788065362722,164640.12992052047,0.8961666666666667,0.019817980108937868,746.0561251193285,1646.4012992052046,7.460561251193285,,,,,,,,,,,,,,64,24000,,30000,-1,Hydrant,XRF,/data/d1/ts_archive/datasets,1234,AudioMNIST-DS,20,10,9,200,0.0,entropy,8,4000,2,0.001,PyTorch 2.9.0+cu128,100,0.5,8,0.1,False,13th Gen Intel(R) Core(TM) i9-13900K,0.01,65536,1,/data/d1/ts_archive/results/441869507881142858/01987ab7e2e449b49069851fc28aa6ad/artifacts,63,https://github.com/ANON2/TS_Archive.git,ANON1,upset-conch-866,2ba81db4ea05c65817b596ef2f113e084de3fbd8,file:///home/ANON1/repos/TS_Archive-1#ts_archive_experiments,PROJECT,main.py,conda,local
1453ad2b1868434baf6801438f01aff3,441869507881142858,FINISHED,/data/d1/ts_archive/results/441869507881142858/1453ad2b1868434baf6801438f01aff3/artifacts,2025-12-22 19:25:27.287000+00:00,2025-12-22 19:43:00.688000+00:00,0.8140760516891401,1728.0,134125.0,9216.0,0.9468333333333334,4884.45631013484,29698.0,0.9471841160960283,0.9468333333333333,29698.0,0.9471841160960283,0.9481509426010649,18.574734865687788,251247.61622222423,0.9468333333333333,0.003095789144281298,1022.7030739709736,2512.4761622222422,10.227030739709736,153250.0,,,,,,,,,,,,,64,24000,,30000,-1,Hydra,XRF,/data/d1/ts_archive/datasets,1234,AudioMNIST-DS,20,10,9,200,0.8,entropy,8,4000,1,0.001,PyTorch 2.9.0+cu128,100,0.5,8,0.1,False,13th Gen Intel(R) Core(TM) i9-13900K,0.01,32,1,/data/d1/ts_archive/results/441869507881142858/1453ad2b1868434baf6801438f01aff3/artifacts,,https://github.com/ANON2/TS_Archive.git,ANON1,bedecked-crane-715,2ba81db4ea05c65817b596ef2f113e084de3fbd8,file:///home/ANON1/repos/TS_Archive-1#ts_archive_experiments,PROJECT,main.py,conda,local
3d5439a18e7f4fdf94c78cc040f4be69,441869507881142858,FINISHED,/data/d1/ts_archive/results/441869507881142858/3d5439a18e7f4fdf94c78cc040f4be69/artifacts,2025-12-22 19:08:58.300000+00:00,2025-12-22 19:25:25.549000+00:00,4.3733178279867,,627213.0,,0.9260000000000002,26239.9069679202,,0.9266504004016799,0.926,153250.0,0.9266504004016797,0.9282906637626106,107.41073769051582,212487.81651048202,0.926,0.01790178961508597,869.5624741911888,2124.8781651048203,8.695624741911889,,,,,,,,,,,,,,64,24000,,30000,-1,Hydra,XRF,/data/d1/ts_archive/datasets,1234,AudioMNIST-DS,20,10,9,200,0.0,entropy,8,4000,1,0.001,PyTorch 2.9.0+cu128,100,0.5,8,0.1,False,13th Gen Intel(R) Core(TM) i9-13900K,0.01,32,1,/data/d1/ts_archive/results/441869507881142858/3d5439a18e7f4fdf94c78cc040f4be69/artifacts,,https://github.com/ANON2/TS_Archive.git,ANON1,puzzled-shoat-700,2ba81db4ea05c65817b596ef2f113e084de3fbd8,file:///home/ANON1/repos/TS_Archive-1#ts_archive_experiments,PROJECT,main.py,conda,local
2854de24e52f4244a6632e39dc420a16,441869507881142858,FINISHED,/data/d1/ts_archive/results/441869507881142858/2854de24e52f4244a6632e39dc420a16/artifacts,2025-12-22 19:04:33.856000+00:00,2025-12-22 19:08:55.524000+00:00,0.017510454709671767,,142340053.0,,0.9098333333333333,105.0627282580306,,0.9097018104884231,0.9098333333333334,987248.0,0.9097018104884232,0.9104007718890819,0.4290684182196855,61929.012371545796,0.9098333333333334,7.151140303661426e-05,251.02796910330653,619.290123715458,2.510279691033065,,35349.0,829372.0,987248.0,5443.0,,,,,,,,,64,24000,,30000,-1,Quant,XRF,/data/d1/ts_archive/datasets,1234,AudioMNIST-DS,20,10,9,200,0.8,entropy,8,4000,1,0.001,PyTorch 2.9.0+cu128,100,0.5,8,0.1,False,13th Gen Intel(R) Core(TM) i9-13900K,0.01,65536,1,/data/d1/ts_archive/results/441869507881142858/2854de24e52f4244a6632e39dc420a16/artifacts,,https://github.com/ANON2/TS_Archive.git,ANON1,bald-horse-157,2ba81db4ea05c65817b596ef2f113e084de3fbd8,file:///home/ANON1/repos/TS_Archive-1#ts_archive_experiments,PROJECT,main.py,conda,local
c15a463230f74735b1b612a28867a035,441869507881142858,FINISHED,/data/d1/ts_archive/results/441869507881142858/c15a463230f74735b1b612a28867a035/artifacts,2025-12-22 19:00:33.963000+00:00,2025-12-22 19:04:32.209000+00:00,0.09698639840478,,119549862.0,,0.9226666666666669,581.91839042868,,0.9226125523878679,0.9226666666666666,828996.0,0.922612552387868,0.9231704864793728,2.181937461718917,55850.4708379596,0.9226666666666666,0.0003636562436198195,225.65367171168327,558.504708379596,2.2565367171168327,,,,,,,,,,,,,,64,24000,,30000,-1,Quant,XRF,/data/d1/ts_archive/datasets,1234,AudioMNIST-DS,20,10,9,200,0.0,entropy,8,4000,1,0.001,PyTorch 2.9.0+cu128,100,0.5,8,0.1,False,13th Gen Intel(R) Core(TM) i9-13900K,0.01,65536,1,/data/d1/ts_archive/results/441869507881142858/c15a463230f74735b1b612a28867a035/artifacts,,https://github.com/ANON2/TS_Archive.git,ANON1,suave-mule-285,2ba81db4ea05c65817b596ef2f113e084de3fbd8,file:///home/ANON1/repos/TS_Archive-1#ts_archive_experiments,PROJECT,main.py,conda,local
04095c95dadd465fb370e8c4c07f4173,441869507881142858,FINISHED,/data/d1/ts_archive/results/441869507881142858/04095c95dadd465fb370e8c4c07f4173/artifacts,2025-12-22 18:43:53.648000+00:00,2025-12-22 19:00:31.240000+00:00,1.32423269498742,,146328698.0,,0.9216666666666666,7945.396169924519,,0.9218276755070187,0.9216666666666666,1014626.0,0.9218276755070189,0.9225086209378169,32.95850269589573,209363.02535690606,0.9216666666666666,0.005493083782649288,954.108827569522,2093.6302535690606,9.54108827569522,,,,,,35349.0,1014626.0,8528.0,768716.0,9216.0,10256.0,1728.0,44565.0,64,24000,,30000,-1,Hydrant,XRF,/data/d1/ts_archive/datasets,1234,AudioMNIST-DS,20,10,9,200,0.8,entropy,8,4000,1,0.001,PyTorch 2.9.0+cu128,100,0.5,8,0.1,False,13th Gen Intel(R) Core(TM) i9-13900K,0.01,65536,1,/data/d1/ts_archive/results/441869507881142858/04095c95dadd465fb370e8c4c07f4173/artifacts,63,https://github.com/ANON2/TS_Archive.git,ANON1,illustrious-sow-144,2ba81db4ea05c65817b596ef2f113e084de3fbd8,file:///home/ANON1/repos/TS_Archive-1#ts_archive_experiments,PROJECT,main.py,conda,local
4a985787bc45460c8b43a3dea78f234c,441869507881142858,FINISHED,/data/d1/ts_archive/results/441869507881142858/4a985787bc45460c8b43a3dea78f234c/artifacts,2025-12-22 18:29:29.745000+00:00,2025-12-22 18:43:51.938000+00:00,4.47763858925142,,111048710.0,,0.9308333333333334,26865.83153550852,,0.9309604648209113,0.9308333333333333,768716.0,0.9309604648209112,0.931415200743279,115.84476071223617,162783.04197661488,0.9308333333333333,0.019307460118706026,735.8305355366319,1627.830419766149,7.358305355366319,,,,,,,,,,,,,,64,24000,,30000,-1,Hydrant,XRF,/data/d1/ts_archive/datasets,1234,AudioMNIST-DS,20,10,9,200,0.0,entropy,8,4000,1,0.001,PyTorch 2.9.0+cu128,100,0.5,8,0.1,False,13th Gen Intel(R) Core(TM) i9-13900K,0.01,65536,1,/data/d1/ts_archive/results/441869507881142858/4a985787bc45460c8b43a3dea78f234c/artifacts,63,https://github.com/ANON2/TS_Archive.git,ANON1,burly-asp-779,2ba81db4ea05c65817b596ef2f113e084de3fbd8,file:///home/ANON1/repos/TS_Archive-1#ts_archive_experiments,PROJECT,main.py,conda,local
65e88319b96c4a6ca74568e9f6adb4bb,441869507881142858,FINISHED,/data/d1/ts_archive/results/441869507881142858/65e88319b96c4a6ca74568e9f6adb4bb/artifacts,2025-12-22 18:12:01.227000+00:00,2025-12-22 18:29:27.004000+00:00,0.9074738461035,1728.0,134107.0,9216.0,0.9093333333333332,5444.843076621,29698.0,0.9098259323053213,0.9093333333333333,29698.0,0.9098259323053214,0.9115190563726169,20.280303788371384,249010.20214466978,0.9093333333333333,0.0033800506313952307,1015.4587319474668,2490.1020214466976,10.154587319474668,153250.0,,,,,,,,,,,,,64,24000,,30000,-1,Hydra,XRF,/data/d1/ts_archive/datasets,1234,AudioMNIST-DS,20,10,9,200,0.8,entropy,8,4000,0,0.001,PyTorch 2.9.0+cu128,100,0.5,8,0.1,False,13th Gen Intel(R) Core(TM) i9-13900K,0.01,32,1,/data/d1/ts_archive/results/441869507881142858/65e88319b96c4a6ca74568e9f6adb4bb/artifacts,,https://github.com/ANON2/TS_Archive.git,ANON1,fortunate-cod-363,2ba81db4ea05c65817b596ef2f113e084de3fbd8,file:///home/ANON1/repos/TS_Archive-1#ts_archive_experiments,PROJECT,main.py,conda,local
9ce407a3f95f4ab2a1ea71b4d49bb028,441869507881142858,FINISHED,/data/d1/ts_archive/results/441869507881142858/9ce407a3f95f4ab2a1ea71b4d49bb028/artifacts,2025-12-22 17:55:19.380000+00:00,2025-12-22 18:11:59.648000+00:00,4.2939655859318995,,627213.0,,0.8921666666666667,25763.7935155914,,0.8925598981768891,0.8921666666666667,153250.0,0.8925598981768891,0.8951515909921086,105.64770196005702,216270.5104872439,0.8921666666666667,0.01760795032667617,884.4091986464337,2162.7051048724393,8.844091986464337,,,,,,,,,,,,,,64,24000,,30000,-1,Hydra,XRF,/data/d1/ts_archive/datasets,1234,AudioMNIST-DS,20,10,9,200,0.0,entropy,8,4000,0,0.001,PyTorch 2.9.0+cu128,100,0.5,8,0.1,False,13th Gen Intel(R) Core(TM) i9-13900K,0.01,32,1,/data/d1/ts_archive/results/441869507881142858/9ce407a3f95f4ab2a1ea71b4d49bb028/artifacts,,https://github.com/ANON2/TS_Archive.git,ANON1,peaceful-calf-632,2ba81db4ea05c65817b596ef2f113e084de3fbd8,file:///home/ANON1/repos/TS_Archive-1#ts_archive_experiments,PROJECT,main.py,conda,local
deefa2349fd347ad8b78cbe6765d3667,441869507881142858,FINISHED,/data/d1/ts_archive/results/441869507881142858/deefa2349fd347ad8b78cbe6765d3667/artifacts,2025-12-22 17:50:51.852000+00:00,2025-12-22 17:55:16.529000+00:00,0.01829037666414213,,130023445.0,,0.8310000000000001,109.74225998485278,,0.8313774511573438,0.831,901716.0,0.8313774511573437,0.8340391064080459,0.4682355085387826,62435.65359056184,0.831,7.803925142313043e-05,253.8929452849552,624.3565359056183,2.538929452849552,,35349.0,768390.0,901716.0,5848.0,,,,,,,,,64,24000,,30000,-1,Quant,XRF,/data/d1/ts_archive/datasets,1234,AudioMNIST-DS,20,10,9,200,0.8,entropy,8,4000,0,0.001,PyTorch 2.9.0+cu128,100,0.5,8,0.1,False,13th Gen Intel(R) Core(TM) i9-13900K,0.01,65536,1,/data/d1/ts_archive/results/441869507881142858/deefa2349fd347ad8b78cbe6765d3667/artifacts,,https://github.com/ANON2/TS_Archive.git,ANON1,luminous-swan-467,2ba81db4ea05c65817b596ef2f113e084de3fbd8,file:///home/ANON1/repos/TS_Archive-1#ts_archive_experiments,PROJECT,main.py,conda,local
70cb0efd3f4f407b8b22ca4b53d48991,441869507881142858,FINISHED,/data/d1/ts_archive/results/441869507881142858/70cb0efd3f4f407b8b22ca4b53d48991/artifacts,2025-12-22 17:46:53.205000+00:00,2025-12-22 17:50:50.372000+00:00,0.09725375235072001,,110675718.0,,0.8379999999999999,583.5225141043201,,0.8387540715062561,0.838,767370.0,0.8387540715062562,0.8408404059744191,2.1921690525487065,55670.03579888676,0.838,0.00036536150875811775,224.45214809570464,556.7003579888676,2.2445214809570464,,,,,,,,,,,,,,64,24000,,30000,-1,Quant,XRF,/data/d1/ts_archive/datasets,1234,AudioMNIST-DS,20,10,9,200,0.0,entropy,8,4000,0,0.001,PyTorch 2.9.0+cu128,100,0.5,8,0.1,False,13th Gen Intel(R) Core(TM) i9-13900K,0.01,65536,1,/data/d1/ts_archive/results/441869507881142858/70cb0efd3f4f407b8b22ca4b53d48991/artifacts,,https://github.com/ANON2/TS_Archive.git,ANON1,thundering-mink-915,2ba81db4ea05c65817b596ef2f113e084de3fbd8,file:///home/ANON1/repos/TS_Archive-1#ts_archive_experiments,PROJECT,main.py,conda,local
9321f967b1dc4054863941a3d9d54941,441869507881142858,FINISHED,/data/d1/ts_archive/results/441869507881142858/9321f967b1dc4054863941a3d9d54941/artifacts,2025-12-22 17:30:14.023000+00:00,2025-12-22 17:46:50.440000+00:00,1.21390549834296,,134934851.0,,0.8280000000000001,7283.43299005776,,0.8292315413413904,0.828,935502.0,0.8292315413413904,0.8336228986911646,28.704973489046097,211969.15197967115,0.828,0.00478416224817435,957.3495382033288,2119.6915197967114,9.573495382033288,,,,,,35349.0,935502.0,9966.0,704576.0,9216.0,11694.0,1728.0,44565.0,64,24000,,30000,-1,Hydrant,XRF,/data/d1/ts_archive/datasets,1234,AudioMNIST-DS,20,10,9,200,0.8,entropy,8,4000,0,0.001,PyTorch 2.9.0+cu128,100,0.5,8,0.1,False,13th Gen Intel(R) Core(TM) i9-13900K,0.01,65536,1,/data/d1/ts_archive/results/441869507881142858/9321f967b1dc4054863941a3d9d54941/artifacts,63,https://github.com/ANON2/TS_Archive.git,ANON1,bemused-wasp-500,2ba81db4ea05c65817b596ef2f113e084de3fbd8,file:///home/ANON1/repos/TS_Archive-1#ts_archive_experiments,PROJECT,main.py,conda,local
03efea361b2f4bc597e5681cbff8ad83,441869507881142858,FINISHED,/data/d1/ts_archive/results/441869507881142858/03efea361b2f4bc597e5681cbff8ad83/artifacts,2025-12-22 17:15:30.388000+00:00,2025-12-22 17:30:12.324000+00:00,4.50535337118864,,101812550.0,,0.842,27032.12022713184,,0.8428384627579668,0.842,704576.0,0.8428384627579668,0.8465146412082951,116.00305984169243,166557.8451532165,0.842,0.01933384330694874,754.7058947337791,1665.578451532165,7.547058947337791,,,,,,,,,,,,,,64,24000,,30000,-1,Hydrant,XRF,/data/d1/ts_archive/datasets,1234,AudioMNIST-DS,20,10,9,200,0.0,entropy,8,4000,0,0.001,PyTorch 2.9.0+cu128,100,0.5,8,0.1,False,13th Gen Intel(R) Core(TM) i9-13900K,0.01,65536,1,/data/d1/ts_archive/results/441869507881142858/03efea361b2f4bc597e5681cbff8ad83/artifacts,63,https://github.com/ANON2/TS_Archive.git,ANON1,debonair-fox-773,2ba81db4ea05c65817b596ef2f113e084de3fbd8,file:///home/ANON1/repos/TS_Archive-1#ts_archive_experiments,PROJECT,main.py,conda,local
de1089f236c24160bea31c7e89aec585,441869507881142858,FINISHED,/data/d1/ts_archive/results/441869507881142858/de1089f236c24160bea31c7e89aec585/artifacts,2025-12-22 17:14:34.716000+00:00,2025-12-22 17:15:27.986000+00:00,0.026057063058709324,960.0,60845.0,5120.0,0.7391975308641975,185.73474548248006,10410.0,0.7387973552737253,0.7391975308641975,10410.0,0.7387973552737254,0.7406724198774501,0.6591481892392039,11298.52344306564,0.7391975308641975,9.247309052177384e-05,43.7907423954457,112.9852344306564,0.437907423954457,45770.0,,,,,,,,,,,,,64,21384,,28512,-1,Hydra,XRF,/data/d1/ts_archive/datasets,1234,STEW,20,2,9,200,0.8,entropy,8,256,2,0.001,PyTorch 2.9.0+cu128,100,0.5,8,0.1,False,13th Gen Intel(R) Core(TM) i9-13900K,0.01,32,14,/data/d1/ts_archive/results/441869507881142858/de1089f236c24160bea31c7e89aec585/artifacts,,https://github.com/ANON2/TS_Archive.git,ANON1,salty-fly-779,2ba81db4ea05c65817b596ef2f113e084de3fbd8,file:///home/ANON1/repos/TS_Archive-1#ts_archive_experiments,PROJECT,main.py,conda,local
b8d0ac905b824ec8a7a07fc43c9f672f,441869507881142858,FINISHED,/data/d1/ts_archive/results/441869507881142858/b8d0ac905b824ec8a7a07fc43c9f672f/artifacts,2025-12-22 17:13:39.107000+00:00,2025-12-22 17:14:33.868000+00:00,0.1140112020071212,,201677.0,,0.7411616161616161,812.6718479067599,,0.7411473051923927,0.7411616161616161,45770.0,0.7411473051923927,0.7412149595485165,2.760056916624308,10677.56834732652,0.7411616161616161,0.0003872133721414574,41.69830738287419,106.7756834732652,0.4169830738287419,,,,,,,,,,,,,,64,21384,,28512,-1,Hydra,XRF,/data/d1/ts_archive/datasets,1234,STEW,20,2,9,200,0.0,entropy,8,256,2,0.001,PyTorch 2.9.0+cu128,100,0.5,8,0.1,False,13th Gen Intel(R) Core(TM) i9-13900K,0.01,32,14,/data/d1/ts_archive/results/441869507881142858/b8d0ac905b824ec8a7a07fc43c9f672f/artifacts,,https://github.com/ANON2/TS_Archive.git,ANON1,kindly-ape-797,2ba81db4ea05c65817b596ef2f113e084de3fbd8,file:///home/ANON1/repos/TS_Archive-1#ts_archive_experiments,PROJECT,main.py,conda,local
9270db637f4d4799b3cdf29bcf0133ff,441869507881142858,FINISHED,/data/d1/ts_archive/results/441869507881142858/9270db637f4d4799b3cdf29bcf0133ff/artifacts,2025-12-22 17:08:37.916000+00:00,2025-12-22 17:13:36.422000+00:00,0.036013097976356684,,41197609.0,,0.8096240179573513,256.70136237547047,,0.8080424848096662,0.8096240179573513,513022.0,0.8080424848096662,0.8201756960381039,1.0376686956733463,70170.96741145416,0.8096240179573513,0.0001455764163402562,286.92802794184536,701.7096741145416,2.8692802794184535,,31542.0,548190.0,513022.0,12376.0,,,,,,,,,64,21384,,28512,-1,Quant,XRF,/data/d1/ts_archive/datasets,1234,STEW,20,2,9,200,0.8,entropy,8,256,2,0.001,PyTorch 2.9.0+cu128,100,0.5,8,0.1,False,13th Gen Intel(R) Core(TM) i9-13900K,0.01,65536,14,/data/d1/ts_archive/results/441869507881142858/9270db637f4d4799b3cdf29bcf0133ff/artifacts,,https://github.com/ANON2/TS_Archive.git,ANON1,delightful-flea-106,2ba81db4ea05c65817b596ef2f113e084de3fbd8,file:///home/ANON1/repos/TS_Archive-1#ts_archive_experiments,PROJECT,main.py,conda,local
8e048e455c7a4d19b5c786bb4d125174,441869507881142858,FINISHED,/data/d1/ts_archive/results/441869507881142858/8e048e455c7a4d19b5c786bb4d125174/artifacts,2025-12-22 17:04:53.930000+00:00,2025-12-22 17:08:36.265000+00:00,0.06570750796727273,,39623706.0,,0.8085016835016835,468.36311679072,,0.8066849704643686,0.8085016835016835,493372.0,0.8066849704643686,0.8205514447694263,1.8892393354326489,51084.848245797366,0.8085016835016835,0.00026504480014487216,209.8998779579997,510.84848245797366,2.098998779579997,,,,,,,,,,,,,,64,21384,,28512,-1,Quant,XRF,/data/d1/ts_archive/datasets,1234,STEW,20,2,9,200,0.0,entropy,8,256,2,0.001,PyTorch 2.9.0+cu128,100,0.5,8,0.1,False,13th Gen Intel(R) Core(TM) i9-13900K,0.01,65536,14,/data/d1/ts_archive/results/441869507881142858/8e048e455c7a4d19b5c786bb4d125174/artifacts,,https://github.com/ANON2/TS_Archive.git,ANON1,amazing-mare-887,2ba81db4ea05c65817b596ef2f113e084de3fbd8,file:///home/ANON1/repos/TS_Archive-1#ts_archive_experiments,PROJECT,main.py,conda,local
7148b11642294b0f801712c73379c4f9,441869507881142858,FINISHED,/data/d1/ts_archive/results/441869507881142858/7148b11642294b0f801712c73379c4f9/artifacts,2025-12-22 16:59:01.388000+00:00,2025-12-22 17:04:51.071000+00:00,0.057987079922575756,,55178308.0,,0.779040404040404,413.33190568812,,0.7780041472209043,0.7790404040404041,687278.0,0.7780041472209043,0.7843496797053043,1.5498581565916538,78798.71808435564,0.7790404040404041,0.0002174324013175721,337.9373837513849,787.9871808435564,3.379373837513849,,,,,,31542.0,687278.0,8540.0,539948.0,5120.0,9500.0,960.0,36662.0,64,21384,,28512,-1,Hydrant,XRF,/data/d1/ts_archive/datasets,1234,STEW,20,2,9,200,0.8,entropy,8,256,2,0.001,PyTorch 2.9.0+cu128,100,0.5,8,0.1,False,13th Gen Intel(R) Core(TM) i9-13900K,0.01,65536,14,/data/d1/ts_archive/results/441869507881142858/7148b11642294b0f801712c73379c4f9/artifacts,56,https://github.com/ANON2/TS_Archive.git,ANON1,sincere-skunk-35,2ba81db4ea05c65817b596ef2f113e084de3fbd8,file:///home/ANON1/repos/TS_Archive-1#ts_archive_experiments,PROJECT,main.py,conda,local
5f74dd6de203461ba9ac6cae4834d2ce,441869507881142858,FINISHED,/data/d1/ts_archive/results/441869507881142858/5f74dd6de203461ba9ac6cae4834d2ce/artifacts,2025-12-22 16:54:28.951000+00:00,2025-12-22 16:58:59.848000+00:00,0.20596802539126263,,43463866.0,,0.8127104377104377,1468.14008498892,,0.8117505200813551,0.8127104377104377,539948.0,0.8117505200813551,0.8192215070061396,5.177742185071111,62658.01205430299,0.8127104377104377,0.0007263948071087417,255.79955850541592,626.5801205430299,2.5579955850541594,,,,,,,,,,,,,,64,21384,,28512,-1,Hydrant,XRF,/data/d1/ts_archive/datasets,1234,STEW,20,2,9,200,0.0,entropy,8,256,2,0.001,PyTorch 2.9.0+cu128,100,0.5,8,0.1,False,13th Gen Intel(R) Core(TM) i9-13900K,0.01,65536,14,/data/d1/ts_archive/results/441869507881142858/5f74dd6de203461ba9ac6cae4834d2ce/artifacts,56,https://github.com/ANON2/TS_Archive.git,ANON1,welcoming-auk-596,2ba81db4ea05c65817b596ef2f113e084de3fbd8,file:///home/ANON1/repos/TS_Archive-1#ts_archive_experiments,PROJECT,main.py,conda,local
4364235de5c0454994ec95330271b6ae,441869507881142858,FINISHED,/data/d1/ts_archive/results/441869507881142858/4364235de5c0454994ec95330271b6ae/artifacts,2025-12-22 16:53:29.833000+00:00,2025-12-22 16:54:26.425000+00:00,0.02650270552940433,960.0,60850.0,5120.0,0.7146464646464646,188.91128501359407,10410.0,0.713908583205038,0.7146464646464646,10410.0,0.7139085832050379,0.7168839966615363,0.6693541491404176,11870.52281388324,0.7146464646464646,9.390490307806083e-05,47.104329091496766,118.70522813883241,0.47104329091496766,45770.0,,,,,,,,,,,,,64,21384,,28512,-1,Hydra,XRF,/data/d1/ts_archive/datasets,1234,STEW,20,2,9,200,0.8,entropy,8,256,1,0.001,PyTorch 2.9.0+cu128,100,0.5,8,0.1,False,13th Gen Intel(R) Core(TM) i9-13900K,0.01,32,14,/data/d1/ts_archive/results/441869507881142858/4364235de5c0454994ec95330271b6ae/artifacts,,https://github.com/ANON2/TS_Archive.git,ANON1,worried-moth-282,2ba81db4ea05c65817b596ef2f113e084de3fbd8,file:///home/ANON1/repos/TS_Archive-1#ts_archive_experiments,PROJECT,main.py,conda,local
87a592dc918a4f7ebe0f25c81063148a,441869507881142858,FINISHED,/data/d1/ts_archive/results/441869507881142858/87a592dc918a4f7ebe0f25c81063148a/artifacts,2025-12-22 16:52:36.080000+00:00,2025-12-22 16:53:28.888000+00:00,0.12306169751762626,,201677.0,,0.7145061728395061,877.18377990564,,0.7145061672204762,0.7145061728395061,45770.0,0.7145061672204762,0.7145061897269702,3.0176934637129307,10575.08997176268,0.7145061728395061,0.0004233576688710621,39.67383260093629,105.7508997176268,0.3967383260093629,,,,,,,,,,,,,,64,21384,,28512,-1,Hydra,XRF,/data/d1/ts_archive/datasets,1234,STEW,20,2,9,200,0.0,entropy,8,256,1,0.001,PyTorch 2.9.0+cu128,100,0.5,8,0.1,False,13th Gen Intel(R) Core(TM) i9-13900K,0.01,32,14,/data/d1/ts_archive/results/441869507881142858/87a592dc918a4f7ebe0f25c81063148a/artifacts,,https://github.com/ANON2/TS_Archive.git,ANON1,redolent-mule-607,2ba81db4ea05c65817b596ef2f113e084de3fbd8,file:///home/ANON1/repos/TS_Archive-1#ts_archive_experiments,PROJECT,main.py,conda,local
a8196b600f3343249e61260c08fcc3a0,441869507881142858,FINISHED,/data/d1/ts_archive/results/441869507881142858/a8196b600f3343249e61260c08fcc3a0/artifacts,2025-12-22 16:47:39.899000+00:00,2025-12-22 16:52:33.668000+00:00,0.032773359461584016,,43322409.0,,0.8205667789001122,233.60850624217085,,0.8202630842484508,0.8205667789001122,539582.0,0.8202630842484508,0.8227481199440689,0.9618790000677108,69253.29148766544,0.8205667789001122,0.00013494374299490892,282.6055406359956,692.5329148766544,2.826055406359956,,31542.0,558894.0,539582.0,12068.0,,,,,,,,,64,21384,,28512,-1,Quant,XRF,/data/d1/ts_archive/datasets,1234,STEW,20,2,9,200,0.8,entropy,8,256,1,0.001,PyTorch 2.9.0+cu128,100,0.5,8,0.1,False,13th Gen Intel(R) Core(TM) i9-13900K,0.01,65536,14,/data/d1/ts_archive/results/441869507881142858/a8196b600f3343249e61260c08fcc3a0/artifacts,,https://github.com/ANON2/TS_Archive.git,ANON1,calm-lynx-631,2ba81db4ea05c65817b596ef2f113e084de3fbd8,file:///home/ANON1/repos/TS_Archive-1#ts_archive_experiments,PROJECT,main.py,conda,local
08175ad7b5944b91946b88f7b24c7971,441869507881142858,FINISHED,/data/d1/ts_archive/results/441869507881142858/08175ad7b5944b91946b88f7b24c7971/artifacts,2025-12-22 16:43:57.530000+00:00,2025-12-22 16:47:38.233000+00:00,0.06961728873454545,,41207066.0,,0.819304152637486,496.23203409983995,,0.8190004084922221,0.819304152637486,513164.0,0.8190004084922222,0.8214619961651228,1.9032572843134403,50841.36360828864,0.819304152637486,0.0002670114035232099,208.4212475446984,508.41363608288634,2.084212475446984,,,,,,,,,,,,,,64,21384,,28512,-1,Quant,XRF,/data/d1/ts_archive/datasets,1234,STEW,20,2,9,200,0.0,entropy,8,256,1,0.001,PyTorch 2.9.0+cu128,100,0.5,8,0.1,False,13th Gen Intel(R) Core(TM) i9-13900K,0.01,65536,14,/data/d1/ts_archive/results/441869507881142858/08175ad7b5944b91946b88f7b24c7971/artifacts,,https://github.com/ANON2/TS_Archive.git,ANON1,able-shrew-427,2ba81db4ea05c65817b596ef2f113e084de3fbd8,file:///home/ANON1/repos/TS_Archive-1#ts_archive_experiments,PROJECT,main.py,conda,local
b47b19fe0568409fa54cc7df6ecab237,441869507881142858,FINISHED,/data/d1/ts_archive/results/441869507881142858/b47b19fe0568409fa54cc7df6ecab237/artifacts,2025-12-22 16:38:00.055000+00:00,2025-12-22 16:43:54.963000+00:00,0.050946143381464644,,57098148.0,,0.8010662177328844,363.14411002308,,0.8009063264390384,0.8010662177328844,711276.0,0.8009063264390385,0.8020364746346582,1.3075283989310265,77660.20337154517,0.8010662177328844,0.00018343552173555365,343.3267758032307,776.6020337154517,3.433267758032307,,,,,,31542.0,711276.0,8708.0,542670.0,5120.0,9668.0,960.0,36662.0,64,21384,,28512,-1,Hydrant,XRF,/data/d1/ts_archive/datasets,1234,STEW,20,2,9,200,0.8,entropy,8,256,1,0.001,PyTorch 2.9.0+cu128,100,0.5,8,0.1,False,13th Gen Intel(R) Core(TM) i9-13900K,0.01,65536,14,/data/d1/ts_archive/results/441869507881142858/b47b19fe0568409fa54cc7df6ecab237/artifacts,56,https://github.com/ANON2/TS_Archive.git,ANON1,enchanting-bass-228,2ba81db4ea05c65817b596ef2f113e084de3fbd8,file:///home/ANON1/repos/TS_Archive-1#ts_archive_experiments,PROJECT,main.py,conda,local
51c4939251044c75aa023cde55176904,441869507881142858,FINISHED,/data/d1/ts_archive/results/441869507881142858/51c4939251044c75aa023cde55176904/artifacts,2025-12-22 16:33:29.012000+00:00,2025-12-22 16:37:58.347000+00:00,0.24380595986409093,,43681626.0,,0.8284231200897867,1737.8488819112401,,0.8280523395977062,0.8284231200897868,542670.0,0.8280523395977062,0.8312805562978384,6.460377876646817,61963.45506677412,0.8284231200897868,0.000906338085949329,252.58822845760733,619.6345506677412,2.525882284576073,,,,,,,,,,,,,,64,21384,,28512,-1,Hydrant,XRF,/data/d1/ts_archive/datasets,1234,STEW,20,2,9,200,0.0,entropy,8,256,1,0.001,PyTorch 2.9.0+cu128,100,0.5,8,0.1,False,13th Gen Intel(R) Core(TM) i9-13900K,0.01,65536,14,/data/d1/ts_archive/results/441869507881142858/51c4939251044c75aa023cde55176904/artifacts,56,https://github.com/ANON2/TS_Archive.git,ANON1,upbeat-pig-693,2ba81db4ea05c65817b596ef2f113e084de3fbd8,file:///home/ANON1/repos/TS_Archive-1#ts_archive_experiments,PROJECT,main.py,conda,local
364c2eaaba484f17bc6f73ebf65ff249,441869507881142858,FINISHED,/data/d1/ts_archive/results/441869507881142858/364c2eaaba484f17bc6f73ebf65ff249/artifacts,2025-12-22 16:32:31.934000+00:00,2025-12-22 16:33:26.570000+00:00,0.025207178538779712,960.0,60850.0,5120.0,0.7216610549943883,179.67676862442178,10410.0,0.7197278048718615,0.7216610549943884,10410.0,0.7197278048718615,0.7279504441194491,0.6463867593556643,11013.185261037599,0.7216610549943884,9.068276646403819e-05,45.098313859663904,110.13185261037599,0.450983138596639,45770.0,,,,,,,,,,,,,64,21384,,28512,-1,Hydra,XRF,/data/d1/ts_archive/datasets,1234,STEW,20,2,9,200,0.8,entropy,8,256,0,0.001,PyTorch 2.9.0+cu128,100,0.5,8,0.1,False,13th Gen Intel(R) Core(TM) i9-13900K,0.01,32,14,/data/d1/ts_archive/results/441869507881142858/364c2eaaba484f17bc6f73ebf65ff249/artifacts,,https://github.com/ANON2/TS_Archive.git,ANON1,youthful-swan-811,2ba81db4ea05c65817b596ef2f113e084de3fbd8,file:///home/ANON1/repos/TS_Archive-1#ts_archive_experiments,PROJECT,main.py,conda,local
bf33e06deb764c28a9bb4a398a5c7623,441869507881142858,FINISHED,/data/d1/ts_archive/results/441869507881142858/bf33e06deb764c28a9bb4a398a5c7623/artifacts,2025-12-22 16:31:37.506000+00:00,2025-12-22 16:32:31.022000+00:00,0.11456767214050505,,201677.0,,0.739337822671156,816.63836701752,,0.7391524872113298,0.739337822671156,45770.0,0.7391524872113298,0.7400199715837585,3.172988172620535,10199.42100304668,0.739337822671156,0.0004451442441948001,40.02460164111108,101.9942100304668,0.40024601641111085,,,,,,,,,,,,,,64,21384,,28512,-1,Hydra,XRF,/data/d1/ts_archive/datasets,1234,STEW,20,2,9,200,0.0,entropy,8,256,0,0.001,PyTorch 2.9.0+cu128,100,0.5,8,0.1,False,13th Gen Intel(R) Core(TM) i9-13900K,0.01,32,14,/data/d1/ts_archive/results/441869507881142858/bf33e06deb764c28a9bb4a398a5c7623/artifacts,,https://github.com/ANON2/TS_Archive.git,ANON1,legendary-wolf-284,2ba81db4ea05c65817b596ef2f113e084de3fbd8,file:///home/ANON1/repos/TS_Archive-1#ts_archive_experiments,PROJECT,main.py,conda,local
4884f9979bdb45adafea6bea0e53b17d,441869507881142858,FINISHED,/data/d1/ts_archive/results/441869507881142858/4884f9979bdb45adafea6bea0e53b17d/artifacts,2025-12-22 16:26:42.939000+00:00,2025-12-22 16:31:34.943000+00:00,0.036075095470007285,,41771369.0,,0.6954264870931537,257.1432805102119,,0.6911268001425038,0.6954264870931538,520194.0,0.6911268001425038,0.7069499196110987,1.0471597872674463,68489.50446336383,0.6954264870931538,0.00014690793873000087,280.52071780804545,684.8950446336383,2.8052071780804546,,31542.0,528836.0,520194.0,12488.0,,,,,,,,,64,21384,,28512,-1,Quant,XRF,/data/d1/ts_archive/datasets,1234,STEW,20,2,9,200,0.8,entropy,8,256,0,0.001,PyTorch 2.9.0+cu128,100,0.5,8,0.1,False,13th Gen Intel(R) Core(TM) i9-13900K,0.01,65536,14,/data/d1/ts_archive/results/441869507881142858/4884f9979bdb45adafea6bea0e53b17d/artifacts,,https://github.com/ANON2/TS_Archive.git,ANON1,awesome-eel-998,2ba81db4ea05c65817b596ef2f113e084de3fbd8,file:///home/ANON1/repos/TS_Archive-1#ts_archive_experiments,PROJECT,main.py,conda,local
33e9bcbadd694673ac5b66e8da0d9c31,441869507881142858,FINISHED,/data/d1/ts_archive/results/441869507881142858/33e9bcbadd694673ac5b66e8da0d9c31/artifacts,2025-12-22 16:23:04.420000+00:00,2025-12-22 16:26:41.266000+00:00,0.0697945447480303,,39637466.0,,0.6959876543209876,497.49551496396,,0.6919405606940203,0.6959876543209876,493544.0,0.6919405606940202,0.7068579389422521,1.964380727149546,49676.78209601664,0.6959876543209876,0.0002755865217662101,204.4427216667682,496.76782096016643,2.044427216667682,,,,,,,,,,,,,,64,21384,,28512,-1,Quant,XRF,/data/d1/ts_archive/datasets,1234,STEW,20,2,9,200,0.0,entropy,8,256,0,0.001,PyTorch 2.9.0+cu128,100,0.5,8,0.1,False,13th Gen Intel(R) Core(TM) i9-13900K,0.01,65536,14,/data/d1/ts_archive/results/441869507881142858/33e9bcbadd694673ac5b66e8da0d9c31/artifacts,,https://github.com/ANON2/TS_Archive.git,ANON1,popular-calf-662,2ba81db4ea05c65817b596ef2f113e084de3fbd8,file:///home/ANON1/repos/TS_Archive-1#ts_archive_experiments,PROJECT,main.py,conda,local
094d8bbb93cc47939d406fcf87ddef4f,441869507881142858,FINISHED,/data/d1/ts_archive/results/441869507881142858/094d8bbb93cc47939d406fcf87ddef4f/artifacts,2025-12-22 16:17:18.563000+00:00,2025-12-22 16:23:01.651000+00:00,0.05389848561308081,,56700543.0,,0.6878507295173961,384.18840545004,,0.685192501159056,0.6878507295173962,706306.0,0.685192501159056,0.694417354873935,1.3575352830812335,77127.70835108664,0.6878507295173962,0.00019045107787334925,331.1306186830625,771.2770835108663,3.311306186830625,,,,,,31542.0,706306.0,8652.0,511460.0,5120.0,9612.0,960.0,36662.0,64,21384,,28512,-1,Hydrant,XRF,/data/d1/ts_archive/datasets,1234,STEW,20,2,9,200,0.8,entropy,8,256,0,0.001,PyTorch 2.9.0+cu128,100,0.5,8,0.1,False,13th Gen Intel(R) Core(TM) i9-13900K,0.01,65536,14,/data/d1/ts_archive/results/441869507881142858/094d8bbb93cc47939d406fcf87ddef4f/artifacts,56,https://github.com/ANON2/TS_Archive.git,ANON1,amazing-bear-530,2ba81db4ea05c65817b596ef2f113e084de3fbd8,file:///home/ANON1/repos/TS_Archive-1#ts_archive_experiments,PROJECT,main.py,conda,local
0e3f3f9aba48469882aaf2eb9600c8a5,441869507881142858,FINISHED,/data/d1/ts_archive/results/441869507881142858/0e3f3f9aba48469882aaf2eb9600c8a5/artifacts,2025-12-22 16:12:51.190000+00:00,2025-12-22 16:17:16.890000+00:00,0.21774751586045457,,41184826.0,,0.6934624017957352,1552.1042930533201,,0.6903290919974124,0.6934624017957352,511460.0,0.6903290919974124,0.7016226278832954,5.650220298208296,60873.8637692916,0.6934624017957352,0.0007926796153490876,250.7048194343224,608.738637692916,2.507048194343224,,,,,,,,,,,,,,64,21384,,28512,-1,Hydrant,XRF,/data/d1/ts_archive/datasets,1234,STEW,20,2,9,200,0.0,entropy,8,256,0,0.001,PyTorch 2.9.0+cu128,100,0.5,8,0.1,False,13th Gen Intel(R) Core(TM) i9-13900K,0.01,65536,14,/data/d1/ts_archive/results/441869507881142858/0e3f3f9aba48469882aaf2eb9600c8a5/artifacts,56,https://github.com/ANON2/TS_Archive.git,ANON1,thundering-bird-221,2ba81db4ea05c65817b596ef2f113e084de3fbd8,file:///home/ANON1/repos/TS_Archive-1#ts_archive_experiments,PROJECT,main.py,conda,local
e0aca37b497f4cdfae9292e112ce1cc8,441869507881142858,FINISHED,/data/d1/ts_archive/results/441869507881142858/e0aca37b497f4cdfae9292e112ce1cc8/artifacts,2025-12-22 16:12:24.671000+00:00,2025-12-22 16:12:49.192000+00:00,0.01200797690733139,768.0,80330.0,4096.0,0.6158075652331391,33.94655071702584,15525.0,0.6260284394698648,0.6561726211531659,15525.0,0.6505425853125159,0.6531587221978785,0.1488719740882516,4016.4835796042403,0.6561726211531659,5.2660761969668053e-05,15.518602626398206,40.164835796042404,0.15518602626398206,73765.0,,,,,,,,,,,,,64,11290,,14117,-1,Hydra,XRF,/data/d1/ts_archive/datasets,1234,Skoda,20,11,9,200,0.8,entropy,8,100,2,0.001,PyTorch 2.9.0+cu128,100,0.5,8,0.1,False,13th Gen Intel(R) Core(TM) i9-13900K,0.01,32,60,/data/d1/ts_archive/results/441869507881142858/e0aca37b497f4cdfae9292e112ce1cc8/artifacts,,https://github.com/ANON2/TS_Archive.git,ANON1,marvelous-stag-217,2ba81db4ea05c65817b596ef2f113e084de3fbd8,file:///home/ANON1/repos/TS_Archive-1#ts_archive_experiments,PROJECT,main.py,conda,local
ce819cb503c743f6a963b74435a2ba16,441869507881142858,FINISHED,/data/d1/ts_archive/results/441869507881142858/ce819cb503c743f6a963b74435a2ba16/artifacts,2025-12-22 16:11:58.308000+00:00,2025-12-22 16:12:23.739000+00:00,0.042379358633416055,,312781.0,,0.8620076042476025,119.80644685666718,,0.8577047455588339,0.8592147152458437,73765.0,0.8598617337569567,0.861714197598627,0.4607825139537453,3775.87036690056,0.8592147152458437,0.00016299346089626647,14.686044972389936,37.7587036690056,0.14686044972389936,,,,,,,,,,,,,,64,11290,,14117,-1,Hydra,XRF,/data/d1/ts_archive/datasets,1234,Skoda,20,11,9,200,0.0,entropy,8,100,2,0.001,PyTorch 2.9.0+cu128,100,0.5,8,0.1,False,13th Gen Intel(R) Core(TM) i9-13900K,0.01,32,60,/data/d1/ts_archive/results/441869507881142858/ce819cb503c743f6a963b74435a2ba16/artifacts,,https://github.com/ANON2/TS_Archive.git,ANON1,abrasive-bug-8,2ba81db4ea05c65817b596ef2f113e084de3fbd8,file:///home/ANON1/repos/TS_Archive-1#ts_archive_experiments,PROJECT,main.py,conda,local
f6fd20bab9964301b5c7216ac25e06ce,441869507881142858,FINISHED,/data/d1/ts_archive/results/441869507881142858/f6fd20bab9964301b5c7216ac25e06ce/artifacts,2025-12-22 16:08:12.354000+00:00,2025-12-22 16:11:55.529000+00:00,0.037202332890437936,,52284313.0,,0.9476217527735369,105.17099508126805,,0.9508185082469034,0.9465864874425186,342426.0,0.9467376829129578,0.9473421131067676,0.5712729720398784,52579.192559619965,0.9465864874425186,0.00020207745738941575,211.9838412515819,525.7919255961997,2.119838412515819,,62520.0,331226.0,342426.0,20880.0,,,,,,,,,64,11290,,14117,-1,Quant,XRF,/data/d1/ts_archive/datasets,1234,Skoda,20,11,9,200,0.8,entropy,8,100,2,0.001,PyTorch 2.9.0+cu128,100,0.5,8,0.1,False,13th Gen Intel(R) Core(TM) i9-13900K,0.01,65536,60,/data/d1/ts_archive/results/441869507881142858/f6fd20bab9964301b5c7216ac25e06ce/artifacts,,https://github.com/ANON2/TS_Archive.git,ANON1,unique-fowl-948,2ba81db4ea05c65817b596ef2f113e084de3fbd8,file:///home/ANON1/repos/TS_Archive-1#ts_archive_experiments,PROJECT,main.py,conda,local
815100aaeac24676b3640103e0901f01,441869507881142858,FINISHED,/data/d1/ts_archive/results/441869507881142858/815100aaeac24676b3640103e0901f01/artifacts,2025-12-22 16:05:15.630000+00:00,2025-12-22 16:08:10.625000+00:00,0.099825836464854,,50506129.0,,0.9466631209627763,282.2076396861423,,0.950261941746732,0.9455252918287937,330740.0,0.9457214409207896,0.9464546427226851,1.1520855287089944,40213.97587601892,0.9455252918287937,0.00040752936990059936,163.24760994128883,402.13975876018924,1.6324760994128882,,,,,,,,,,,,,,64,11290,,14117,-1,Quant,XRF,/data/d1/ts_archive/datasets,1234,Skoda,20,11,9,200,0.0,entropy,8,100,2,0.001,PyTorch 2.9.0+cu128,100,0.5,8,0.1,False,13th Gen Intel(R) Core(TM) i9-13900K,0.01,65536,60,/data/d1/ts_archive/results/441869507881142858/815100aaeac24676b3640103e0901f01/artifacts,,https://github.com/ANON2/TS_Archive.git,ANON1,exultant-turtle-208,2ba81db4ea05c65817b596ef2f113e084de3fbd8,file:///home/ANON1/repos/TS_Archive-1#ts_archive_experiments,PROJECT,main.py,conda,local
abea78b762084d0e8c4ad13a88869181,441869507881142858,FINISHED,/data/d1/ts_archive/results/441869507881142858/abea78b762084d0e8c4ad13a88869181/artifacts,2025-12-22 16:00:49.998000+00:00,2025-12-22 16:05:13.024000+00:00,0.05168616122381374,,56468318.0,,0.9455323968980575,146.11677777972145,,0.948508736707952,0.9430491687301026,369724.0,0.9431628579790696,0.9436810905390765,0.6233927579596639,56877.32419620588,0.9430491687301026,0.00022051388679153304,251.967929889448,568.7732419620588,2.51967929889448,,,,,,62520.0,369724.0,18960.0,329110.0,4096.0,19728.0,768.0,66616.0,64,11290,,14117,-1,Hydrant,XRF,/data/d1/ts_archive/datasets,1234,Skoda,20,11,9,200,0.8,entropy,8,100,2,0.001,PyTorch 2.9.0+cu128,100,0.5,8,0.1,False,13th Gen Intel(R) Core(TM) i9-13900K,0.01,65536,60,/data/d1/ts_archive/results/441869507881142858/abea78b762084d0e8c4ad13a88869181/artifacts,94,https://github.com/ANON2/TS_Archive.git,ANON1,likeable-fly-492,2ba81db4ea05c65817b596ef2f113e084de3fbd8,file:///home/ANON1/repos/TS_Archive-1#ts_archive_experiments,PROJECT,main.py,conda,local
0fadd57543d04183b1bea5a605511d30,441869507881142858,FINISHED,/data/d1/ts_archive/results/441869507881142858/0fadd57543d04183b1bea5a605511d30/artifacts,2025-12-22 15:57:42.329000+00:00,2025-12-22 16:00:48.379000+00:00,0.14552880352452777,,50352481.0,,0.9446525288451553,411.40992756384,,0.9483787669228527,0.9448178280863105,329110.0,0.944985149524909,0.9456790329203413,1.6487999949604273,43714.193415653885,0.9448178280863105,0.0005832331075204907,175.18405040353537,437.14193415653887,1.7518405040353537,,,,,,,,,,,,,,64,11290,,14117,-1,Hydrant,XRF,/data/d1/ts_archive/datasets,1234,Skoda,20,11,9,200,0.0,entropy,8,100,2,0.001,PyTorch 2.9.0+cu128,100,0.5,8,0.1,False,13th Gen Intel(R) Core(TM) i9-13900K,0.01,65536,60,/data/d1/ts_archive/results/441869507881142858/0fadd57543d04183b1bea5a605511d30/artifacts,94,https://github.com/ANON2/TS_Archive.git,ANON1,upbeat-mule-146,2ba81db4ea05c65817b596ef2f113e084de3fbd8,file:///home/ANON1/repos/TS_Archive-1#ts_archive_experiments,PROJECT,main.py,conda,local
3eeb7db55f8440e6a64b23a32bb37269,441869507881142858,FINISHED,/data/d1/ts_archive/results/441869507881142858/3eeb7db55f8440e6a64b23a32bb37269/artifacts,2025-12-22 15:57:16.107000+00:00,2025-12-22 15:57:40.437000+00:00,0.01280780032481248,768.0,80326.0,4096.0,0.6171344828891294,36.20765151824488,15525.0,0.6277075442853649,0.6575875486381323,15525.0,0.6492267175338847,0.6535202451916071,0.1603926941752433,4003.30321206624,0.6575875486381323,5.673600784409031e-05,15.526249480433762,40.0330321206624,0.15526249480433763,73765.0,,,,,,,,,,,,,64,11290,,14117,-1,Hydra,XRF,/data/d1/ts_archive/datasets,1234,Skoda,20,11,9,200,0.8,entropy,8,100,1,0.001,PyTorch 2.9.0+cu128,100,0.5,8,0.1,False,13th Gen Intel(R) Core(TM) i9-13900K,0.01,32,60,/data/d1/ts_archive/results/441869507881142858/3eeb7db55f8440e6a64b23a32bb37269/artifacts,,https://github.com/ANON2/TS_Archive.git,ANON1,bald-jay-283,2ba81db4ea05c65817b596ef2f113e084de3fbd8,file:///home/ANON1/repos/TS_Archive-1#ts_archive_experiments,PROJECT,main.py,conda,local
862c2a6cedce4390ac6bdb2913b5361e,441869507881142858,FINISHED,/data/d1/ts_archive/results/441869507881142858/862c2a6cedce4390ac6bdb2913b5361e/artifacts,2025-12-22 15:56:49.783000+00:00,2025-12-22 15:57:15.238000+00:00,0.0388823557997067,,312781.0,,0.8588320058917112,109.92041984577082,,0.8598317430453459,0.8627520339582596,73765.0,0.8632341780571946,0.8654898042111122,0.4303480200469494,3688.6530599323196,0.8627520339582596,0.00015222781041632452,15.077034366317092,36.886530599323194,0.1507703436631709,,,,,,,,,,,,,,64,11290,,14117,-1,Hydra,XRF,/data/d1/ts_archive/datasets,1234,Skoda,20,11,9,200,0.0,entropy,8,100,1,0.001,PyTorch 2.9.0+cu128,100,0.5,8,0.1,False,13th Gen Intel(R) Core(TM) i9-13900K,0.01,32,60,/data/d1/ts_archive/results/441869507881142858/862c2a6cedce4390ac6bdb2913b5361e/artifacts,,https://github.com/ANON2/TS_Archive.git,ANON1,luxuriant-lark-65,2ba81db4ea05c65817b596ef2f113e084de3fbd8,file:///home/ANON1/repos/TS_Archive-1#ts_archive_experiments,PROJECT,main.py,conda,local
2da5017aa73041639f51b59a11012d4b,441869507881142858,FINISHED,/data/d1/ts_archive/results/441869507881142858/2da5017aa73041639f51b59a11012d4b/artifacts,2025-12-22 15:53:05.711000+00:00,2025-12-22 15:56:47.196000+00:00,0.046945129388198344,,52671000.0,,0.9515568377369843,132.7138807804367,,0.956493402106677,0.9511850017686594,344970.0,0.9514277461969753,0.9520063786297239,0.5654184650629759,52345.814262130436,0.9511850017686594,0.00020000653168127905,210.4819639734924,523.4581426213043,2.104819639734924,,62520.0,331306.0,344970.0,20340.0,,,,,,,,,64,11290,,14117,-1,Quant,XRF,/data/d1/ts_archive/datasets,1234,Skoda,20,11,9,200,0.8,entropy,8,100,1,0.001,PyTorch 2.9.0+cu128,100,0.5,8,0.1,False,13th Gen Intel(R) Core(TM) i9-13900K,0.01,65536,60,/data/d1/ts_archive/results/441869507881142858/2da5017aa73041639f51b59a11012d4b/artifacts,,https://github.com/ANON2/TS_Archive.git,ANON1,sincere-newt-740,2ba81db4ea05c65817b596ef2f113e084de3fbd8,file:///home/ANON1/repos/TS_Archive-1#ts_archive_experiments,PROJECT,main.py,conda,local
229649e959a140b3af1dfe044605ed81,441869507881142858,FINISHED,/data/d1/ts_archive/results/441869507881142858/229649e959a140b3af1dfe044605ed81/artifacts,2025-12-22 15:50:10.312000+00:00,2025-12-22 15:53:04.059000+00:00,0.10245205191114015,,50498833.0,,0.9458577869858972,289.6319507527932,,0.9512962894181771,0.9465864874425186,330692.0,0.9468586456203976,0.9476175695081379,1.1818435937166214,40378.583175268315,0.9465864874425186,0.0004180557459202764,162.57546610571444,403.7858317526832,1.6257546610571445,,,,,,,,,,,,,,64,11290,,14117,-1,Quant,XRF,/data/d1/ts_archive/datasets,1234,Skoda,20,11,9,200,0.0,entropy,8,100,1,0.001,PyTorch 2.9.0+cu128,100,0.5,8,0.1,False,13th Gen Intel(R) Core(TM) i9-13900K,0.01,65536,60,/data/d1/ts_archive/results/441869507881142858/229649e959a140b3af1dfe044605ed81/artifacts,,https://github.com/ANON2/TS_Archive.git,ANON1,big-whale-616,2ba81db4ea05c65817b596ef2f113e084de3fbd8,file:///home/ANON1/repos/TS_Archive-1#ts_archive_experiments,PROJECT,main.py,conda,local
def45c3e74f843e0a2c7c2b88993a39a,441869507881142858,FINISHED,/data/d1/ts_archive/results/441869507881142858/def45c3e74f843e0a2c7c2b88993a39a/artifacts,2025-12-22 15:45:42.655000+00:00,2025-12-22 15:50:07.593000+00:00,0.053578691988956456,,56063390.0,,0.9490795374985869,151.4669622527799,,0.9543646455528093,0.9490626105412098,367060.0,0.9493616526141705,0.9500827331597997,0.6350150955840945,57853.86018721524,0.9490626105412098,0.00022462507802762453,254.2044878033921,578.5386018721524,2.5420448780339213,,,,,,62520.0,367060.0,19800.0,329384.0,4096.0,20568.0,768.0,66616.0,64,11290,,14117,-1,Hydrant,XRF,/data/d1/ts_archive/datasets,1234,Skoda,20,11,9,200,0.8,entropy,8,100,1,0.001,PyTorch 2.9.0+cu128,100,0.5,8,0.1,False,13th Gen Intel(R) Core(TM) i9-13900K,0.01,65536,60,/data/d1/ts_archive/results/441869507881142858/def45c3e74f843e0a2c7c2b88993a39a/artifacts,94,https://github.com/ANON2/TS_Archive.git,ANON1,bald-sponge-803,2ba81db4ea05c65817b596ef2f113e084de3fbd8,file:///home/ANON1/repos/TS_Archive-1#ts_archive_experiments,PROJECT,main.py,conda,local
78022ed1406a4241a12f11811fa741aa,441869507881142858,FINISHED,/data/d1/ts_archive/results/441869507881142858/78022ed1406a4241a12f11811fa741aa/artifacts,2025-12-22 15:42:34.757000+00:00,2025-12-22 15:45:41.068000+00:00,0.15745789292090556,,50394129.0,,0.9459044272430631,445.1334632874,,0.9514756046458351,0.9469402193137602,329384.0,0.9471917562527903,0.947903714039668,1.727446909993887,43571.59128380232,0.9469402193137602,0.0006110530279426554,174.9144436242059,435.7159128380232,1.749144436242059,,,,,,,,,,,,,,64,11290,,14117,-1,Hydrant,XRF,/data/d1/ts_archive/datasets,1234,Skoda,20,11,9,200,0.0,entropy,8,100,1,0.001,PyTorch 2.9.0+cu128,100,0.5,8,0.1,False,13th Gen Intel(R) Core(TM) i9-13900K,0.01,65536,60,/data/d1/ts_archive/results/441869507881142858/78022ed1406a4241a12f11811fa741aa/artifacts,94,https://github.com/ANON2/TS_Archive.git,ANON1,angry-boar-54,2ba81db4ea05c65817b596ef2f113e084de3fbd8,file:///home/ANON1/repos/TS_Archive-1#ts_archive_experiments,PROJECT,main.py,conda,local
49176f6ba2214fed905c2f5e26780b7d,441869507881142858,FINISHED,/data/d1/ts_archive/results/441869507881142858/49176f6ba2214fed905c2f5e26780b7d/artifacts,2025-12-22 15:42:08.089000+00:00,2025-12-22 15:42:32.896000+00:00,0.013269638015350388,768.0,80330.0,4096.0,0.5964472457098574,37.51326666939555,15525.0,0.6069574250957208,0.6430845419172267,15525.0,0.6336099657159879,0.6371618424687142,0.1715540830045938,3843.48999237912,0.6430845419172267,6.0684146800351535e-05,16.037122338078916,38.4348999237912,0.16037122338078916,73765.0,,,,,,,,,,,,,64,11290,,14117,-1,Hydra,XRF,/data/d1/ts_archive/datasets,1234,Skoda,20,11,9,200,0.8,entropy,8,100,0,0.001,PyTorch 2.9.0+cu128,100,0.5,8,0.1,False,13th Gen Intel(R) Core(TM) i9-13900K,0.01,32,60,/data/d1/ts_archive/results/441869507881142858/49176f6ba2214fed905c2f5e26780b7d/artifacts,,https://github.com/ANON2/TS_Archive.git,ANON1,gifted-panda-857,2ba81db4ea05c65817b596ef2f113e084de3fbd8,file:///home/ANON1/repos/TS_Archive-1#ts_archive_experiments,PROJECT,main.py,conda,local
5bcbbea0b66b4c47976f3f535f78d5f1,441869507881142858,FINISHED,/data/d1/ts_archive/results/441869507881142858/5bcbbea0b66b4c47976f3f535f78d5f1/artifacts,2025-12-22 15:41:42.537000+00:00,2025-12-22 15:42:07.279000+00:00,0.039075746847859166,,312781.0,,0.8629001639013022,110.46713633889786,,0.8693817226208137,0.8701804032543332,73765.0,0.8703734227219552,0.8718815736181557,0.4230551617220044,3633.75213428376,0.8701804032543332,0.00014964809399434185,14.622948152013125,36.3375213428376,0.14622948152013124,,,,,,,,,,,,,,64,11290,,14117,-1,Hydra,XRF,/data/d1/ts_archive/datasets,1234,Skoda,20,11,9,200,0.0,entropy,8,100,0,0.001,PyTorch 2.9.0+cu128,100,0.5,8,0.1,False,13th Gen Intel(R) Core(TM) i9-13900K,0.01,32,60,/data/d1/ts_archive/results/441869507881142858/5bcbbea0b66b4c47976f3f535f78d5f1/artifacts,,https://github.com/ANON2/TS_Archive.git,ANON1,bustling-shoat-440,2ba81db4ea05c65817b596ef2f113e084de3fbd8,file:///home/ANON1/repos/TS_Archive-1#ts_archive_experiments,PROJECT,main.py,conda,local
23a0a19825504e3984ba083d7d944924,441869507881142858,FINISHED,/data/d1/ts_archive/results/441869507881142858/23a0a19825504e3984ba083d7d944924/artifacts,2025-12-22 15:37:57.812000+00:00,2025-12-22 15:41:39.994000+00:00,0.046359740025229246,,53051913.0,,0.9608891823640395,131.05898505132308,,0.9643962217679921,0.960382030420941,347476.0,0.9604954208710427,0.9608299539352745,0.5589563185349107,52620.39233667648,0.960382030420941,0.00019772066449766915,211.4294131230563,526.2039233667648,2.114294131230563,,62520.0,333230.0,347476.0,20700.0,,,,,,,,,64,11290,,14117,-1,Quant,XRF,/data/d1/ts_archive/datasets,1234,Skoda,20,11,9,200,0.8,entropy,8,100,0,0.001,PyTorch 2.9.0+cu128,100,0.5,8,0.1,False,13th Gen Intel(R) Core(TM) i9-13900K,0.01,65536,60,/data/d1/ts_archive/results/441869507881142858/23a0a19825504e3984ba083d7d944924/artifacts,,https://github.com/ANON2/TS_Archive.git,ANON1,loud-hog-9,2ba81db4ea05c65817b596ef2f113e084de3fbd8,file:///home/ANON1/repos/TS_Archive-1#ts_archive_experiments,PROJECT,main.py,conda,local
df69f57a619c476f8415a105278cff76,441869507881142858,FINISHED,/data/d1/ts_archive/results/441869507881142858/df69f57a619c476f8415a105278cff76/artifacts,2025-12-22 15:35:02.048000+00:00,2025-12-22 15:37:56.148000+00:00,0.10339432090132539,,50830193.0,,0.9561166079036046,292.29574518804685,,0.9594175595549369,0.9564909798372834,332872.0,0.9566022415599601,0.956910221338112,1.2210824619978666,40219.25685848064,0.9564909798372834,0.00043193578422280393,162.74705571122468,402.19256858480645,1.6274705571122468,,,,,,,,,,,,,,64,11290,,14117,-1,Quant,XRF,/data/d1/ts_archive/datasets,1234,Skoda,20,11,9,200,0.0,entropy,8,100,0,0.001,PyTorch 2.9.0+cu128,100,0.5,8,0.1,False,13th Gen Intel(R) Core(TM) i9-13900K,0.01,65536,60,/data/d1/ts_archive/results/441869507881142858/df69f57a619c476f8415a105278cff76/artifacts,,https://github.com/ANON2/TS_Archive.git,ANON1,rare-foal-828,2ba81db4ea05c65817b596ef2f113e084de3fbd8,file:///home/ANON1/repos/TS_Archive-1#ts_archive_experiments,PROJECT,main.py,conda,local
5179e980cb314665b7123dc18bb36907,441869507881142858,FINISHED,/data/d1/ts_archive/results/441869507881142858/5179e980cb314665b7123dc18bb36907/artifacts,2025-12-22 15:30:36.719000+00:00,2025-12-22 15:34:59.363000+00:00,0.05418706734792829,,56954710.0,,0.9540653002976462,153.18683939259327,,0.9584690956365516,0.9547223204810753,372924.0,0.9548251829879325,0.9551949243943061,0.6640074849128723,57339.57814592507,0.9547223204810753,0.00023488061015665806,251.6663774447516,573.3957814592508,2.5166637744475158,,,,,,62520.0,372924.0,18600.0,331966.0,4096.0,19368.0,768.0,66616.0,64,11290,,14117,-1,Hydrant,XRF,/data/d1/ts_archive/datasets,1234,Skoda,20,11,9,200,0.8,entropy,8,100,0,0.001,PyTorch 2.9.0+cu128,100,0.5,8,0.1,False,13th Gen Intel(R) Core(TM) i9-13900K,0.01,65536,60,/data/d1/ts_archive/results/441869507881142858/5179e980cb314665b7123dc18bb36907/artifacts,94,https://github.com/ANON2/TS_Archive.git,ANON1,languid-stag-248,2ba81db4ea05c65817b596ef2f113e084de3fbd8,file:///home/ANON1/repos/TS_Archive-1#ts_archive_experiments,PROJECT,main.py,conda,local
d309470b8fdb4fbd923be10a10adf0fd,441869507881142858,FINISHED,/data/d1/ts_archive/results/441869507881142858/d309470b8fdb4fbd923be10a10adf0fd/artifacts,2025-12-22 15:27:26.305000+00:00,2025-12-22 15:30:34.956000+00:00,0.14744415672814998,,50786593.0,,0.954404063722274,416.82463107048,,0.9577062129903708,0.9554297842235585,331966.0,0.9555075133614442,0.9557917907513549,1.669287832453847,44347.744205383686,0.9554297842235585,0.0005904803086147319,177.49897131696343,443.47744205383685,1.7749897131696344,,,,,,,,,,,,,,64,11290,,14117,-1,Hydrant,XRF,/data/d1/ts_archive/datasets,1234,Skoda,20,11,9,200,0.0,entropy,8,100,0,0.001,PyTorch 2.9.0+cu128,100,0.5,8,0.1,False,13th Gen Intel(R) Core(TM) i9-13900K,0.01,65536,60,/data/d1/ts_archive/results/441869507881142858/d309470b8fdb4fbd923be10a10adf0fd/artifacts,94,https://github.com/ANON2/TS_Archive.git,ANON1,worried-snipe-843,2ba81db4ea05c65817b596ef2f113e084de3fbd8,file:///home/ANON1/repos/TS_Archive-1#ts_archive_experiments,PROJECT,main.py,conda,local
030fa9a480d04fd6a66b3c16862c19f7,441869507881142858,FINISHED,/data/d1/ts_archive/results/441869507881142858/030fa9a480d04fd6a66b3c16862c19f7/artifacts,2025-12-22 15:26:57.217000+00:00,2025-12-22 15:27:24.432000+00:00,0.009874411359575367,576.0,42166.0,3072.0,0.6974494202155846,71.60923117964056,6442.0,0.6961132639225426,0.7651682294539437,6442.0,0.7659472701411651,0.7667729971677366,0.3290316322818398,4351.09289672124,0.7651682294539437,4.5371157236878076e-05,18.18780384864658,43.5109289672124,0.1818780384864658,27658.0,,,,,,,,,,,,,64,29005,,36257,-1,Hydra,XRF,/data/d1/ts_archive/datasets,1234,FordChallenge,20,2,9,200,0.8,entropy,8,40,2,0.001,PyTorch 2.9.0+cu128,100,0.5,8,0.1,False,13th Gen Intel(R) Core(TM) i9-13900K,0.01,32,30,/data/d1/ts_archive/results/441869507881142858/030fa9a480d04fd6a66b3c16862c19f7/artifacts,,https://github.com/ANON2/TS_Archive.git,ANON1,melodic-tern-974,2ba81db4ea05c65817b596ef2f113e084de3fbd8,file:///home/ANON1/repos/TS_Archive-1#ts_archive_experiments,PROJECT,main.py,conda,local
cbadbb64e55549959fa0d3da71054a04,441869507881142858,FINISHED,/data/d1/ts_archive/results/441869507881142858/cbadbb64e55549959fa0d3da71054a04/artifacts,2025-12-22 15:26:31.462000+00:00,2025-12-22 15:26:56.349000+00:00,0.019618347367918253,,126413.0,,0.7174918839693978,142.27225511214317,,0.7151166071962676,0.778957528957529,27658.0,0.7801290926251548,0.7814262577478928,0.6062895953655243,3474.7126310628,0.778957528957529,8.360308816402707e-05,14.441656781360509,34.747126310628,0.1444165678136051,,,,,,,,,,,,,,64,29005,,36257,-1,Hydra,XRF,/data/d1/ts_archive/datasets,1234,FordChallenge,20,2,9,200,0.0,entropy,8,40,2,0.001,PyTorch 2.9.0+cu128,100,0.5,8,0.1,False,13th Gen Intel(R) Core(TM) i9-13900K,0.01,32,30,/data/d1/ts_archive/results/441869507881142858/cbadbb64e55549959fa0d3da71054a04/artifacts,,https://github.com/ANON2/TS_Archive.git,ANON1,crawling-cat-578,2ba81db4ea05c65817b596ef2f113e084de3fbd8,file:///home/ANON1/repos/TS_Archive-1#ts_archive_experiments,PROJECT,main.py,conda,local
7bfb6a5bafe24d18a7328e26a621c58d,441869507881142858,FINISHED,/data/d1/ts_archive/results/441869507881142858/7bfb6a5bafe24d18a7328e26a621c58d/artifacts,2025-12-22 15:24:20.470000+00:00,2025-12-22 15:26:28.835000+00:00,0.004183321801445664,,40074400.0,,0.9105503641760331,30.33744970408395,,0.9209358933830977,0.9408439051296195,499460.0,0.9400615897463404,0.9402408879861519,0.1439398936927318,28513.134542188804,0.9408439051296195,1.9848303046432956e-05,118.1817561108619,285.13134542188806,1.181817561108619,,14130.0,468262.0,499460.0,3060.0,,,,,,,,,64,29005,,36257,-1,Quant,XRF,/data/d1/ts_archive/datasets,1234,FordChallenge,20,2,9,200,0.8,entropy,8,40,2,0.001,PyTorch 2.9.0+cu128,100,0.5,8,0.1,False,13th Gen Intel(R) Core(TM) i9-13900K,0.01,65536,30,/data/d1/ts_archive/results/441869507881142858/7bfb6a5bafe24d18a7328e26a621c58d/artifacts,,https://github.com/ANON2/TS_Archive.git,ANON1,grandiose-grub-458,2ba81db4ea05c65817b596ef2f113e084de3fbd8,file:///home/ANON1/repos/TS_Archive-1#ts_archive_experiments,PROJECT,main.py,conda,local
f5b9984ae2b64498a2bb326e30b8c036,441869507881142858,FINISHED,/data/d1/ts_archive/results/441869507881142858/f5b9984ae2b64498a2bb326e30b8c036/artifacts,2025-12-22 15:22:27.490000+00:00,2025-12-22 15:24:18.788000+00:00,0.015102777630195078,,35161787.0,,0.9155674206222284,109.52534337417471,,0.9257825361032157,0.9444291230005516,438068.0,0.9437160898289615,0.9439164185902622,0.4717602310702204,24130.858593182762,0.9444291230005516,6.505243120107838e-05,100.7828717008233,241.30858593182762,1.0078287170082332,,,,,,,,,,,,,,64,29005,,36257,-1,Quant,XRF,/data/d1/ts_archive/datasets,1234,FordChallenge,20,2,9,200,0.0,entropy,8,40,2,0.001,PyTorch 2.9.0+cu128,100,0.5,8,0.1,False,13th Gen Intel(R) Core(TM) i9-13900K,0.01,65536,30,/data/d1/ts_archive/results/441869507881142858/f5b9984ae2b64498a2bb326e30b8c036/artifacts,,https://github.com/ANON2/TS_Archive.git,ANON1,redolent-panda-39,2ba81db4ea05c65817b596ef2f113e084de3fbd8,file:///home/ANON1/repos/TS_Archive-1#ts_archive_experiments,PROJECT,main.py,conda,local
8430b86ab50949758f919370b5a39155,441869507881142858,FINISHED,/data/d1/ts_archive/results/441869507881142858/8430b86ab50949758f919370b5a39155/artifacts,2025-12-22 15:19:26.205000+00:00,2025-12-22 15:22:24.824000+00:00,0.008041649017169047,,46722314.0,,0.8993167314879,58.318038672509935,,0.9112928509230214,0.9339492553778268,582218.0,0.9329045262228849,0.9331978389674085,0.2519256584346294,35917.4575981728,0.9339492553778268,3.473878356793014e-05,168.3719419213012,359.17457598172797,1.6837194192130118,,,,,,14130.0,582218.0,2460.0,453664.0,3072.0,3036.0,576.0,17202.0,64,29005,,36257,-1,Hydrant,XRF,/data/d1/ts_archive/datasets,1234,FordChallenge,20,2,9,200,0.8,entropy,8,40,2,0.001,PyTorch 2.9.0+cu128,100,0.5,8,0.1,False,13th Gen Intel(R) Core(TM) i9-13900K,0.01,65536,30,/data/d1/ts_archive/results/441869507881142858/8430b86ab50949758f919370b5a39155/artifacts,19,https://github.com/ANON2/TS_Archive.git,ANON1,bemused-conch-77,2ba81db4ea05c65817b596ef2f113e084de3fbd8,file:///home/ANON1/repos/TS_Archive-1#ts_archive_experiments,PROJECT,main.py,conda,local
d126d7c73a30413ea06097ede63b4a73,441869507881142858,FINISHED,/data/d1/ts_archive/results/441869507881142858/d126d7c73a30413ea06097ede63b4a73/artifacts,2025-12-22 15:17:07+00:00,2025-12-22 15:19:24.511000+00:00,0.03179909711521614,,36481051.0,,0.9114965243056835,230.60705227954747,,0.9209413495127781,0.9407060121345836,453664.0,0.9399974059181371,0.9400796698408302,0.8997473726049066,30832.25187069216,0.9407060121345836,0.00012406885998412942,127.745230384171,308.3225187069216,1.27745230384171,,,,,,,,,,,,,,64,29005,,36257,-1,Hydrant,XRF,/data/d1/ts_archive/datasets,1234,FordChallenge,20,2,9,200,0.0,entropy,8,40,2,0.001,PyTorch 2.9.0+cu128,100,0.5,8,0.1,False,13th Gen Intel(R) Core(TM) i9-13900K,0.01,65536,30,/data/d1/ts_archive/results/441869507881142858/d126d7c73a30413ea06097ede63b4a73/artifacts,19,https://github.com/ANON2/TS_Archive.git,ANON1,legendary-midge-630,2ba81db4ea05c65817b596ef2f113e084de3fbd8,file:///home/ANON1/repos/TS_Archive-1#ts_archive_experiments,PROJECT,main.py,conda,local
a59665e6241a401e8a2b6e57323d7dfe,441869507881142858,FINISHED,/data/d1/ts_archive/results/441869507881142858/a59665e6241a401e8a2b6e57323d7dfe/artifacts,2025-12-22 15:16:38.412000+00:00,2025-12-22 15:17:05.249000+00:00,0.009286339466860033,576.0,42160.0,3072.0,0.6692782508743899,67.30738845580152,6442.0,0.6754072251837301,0.7178532008830022,6442.0,0.7094806066683805,0.7089299624153351,0.3054172461852431,4272.309387113401,0.7178532008830022,4.213814102997283e-05,17.9289911640808,42.723093871134004,0.179289911640808,27658.0,,,,,,,,,,,,,64,29009,,36257,-1,Hydra,XRF,/data/d1/ts_archive/datasets,1234,FordChallenge,20,2,9,200,0.8,entropy,8,40,1,0.001,PyTorch 2.9.0+cu128,100,0.5,8,0.1,False,13th Gen Intel(R) Core(TM) i9-13900K,0.01,32,30,/data/d1/ts_archive/results/441869507881142858/a59665e6241a401e8a2b6e57323d7dfe/artifacts,,https://github.com/ANON2/TS_Archive.git,ANON1,exultant-hawk-612,2ba81db4ea05c65817b596ef2f113e084de3fbd8,file:///home/ANON1/repos/TS_Archive-1#ts_archive_experiments,PROJECT,main.py,conda,local
d99b5de03b74447c8b096573b01e8da8,441869507881142858,FINISHED,/data/d1/ts_archive/results/441869507881142858/d99b5de03b74447c8b096573b01e8da8/artifacts,2025-12-22 15:16:13.789000+00:00,2025-12-22 15:16:37.556000+00:00,0.016114565240867882,,126413.0,,0.7417423539945215,116.7983688658104,,0.748491887720329,0.7770419426048565,27658.0,0.7730902970065886,0.7727899132355788,0.7324978141114116,3429.86267608956,0.7770419426048565,0.00010106206044583493,13.369341068901122,34.2986267608956,0.13369341068901122,,,,,,,,,,,,,,64,29009,,36257,-1,Hydra,XRF,/data/d1/ts_archive/datasets,1234,FordChallenge,20,2,9,200,0.0,entropy,8,40,1,0.001,PyTorch 2.9.0+cu128,100,0.5,8,0.1,False,13th Gen Intel(R) Core(TM) i9-13900K,0.01,32,30,/data/d1/ts_archive/results/441869507881142858/d99b5de03b74447c8b096573b01e8da8/artifacts,,https://github.com/ANON2/TS_Archive.git,ANON1,masked-snail-751,2ba81db4ea05c65817b596ef2f113e084de3fbd8,file:///home/ANON1/repos/TS_Archive-1#ts_archive_experiments,PROJECT,main.py,conda,local
2c72147e9e7b4e90b669f6430ec6a413,441869507881142858,FINISHED,/data/d1/ts_archive/results/441869507881142858/2c72147e9e7b4e90b669f6430ec6a413/artifacts,2025-12-22 15:14:04.302000+00:00,2025-12-22 15:16:11.247000+00:00,0.004075249431550703,,40309760.0,,0.9270790789006302,29.537407879879495,,0.9340943269236381,0.9406732891832229,502402.0,0.9401389280564619,0.9409868001714643,0.1429310273379087,28159.24140533304,0.9406732891832229,1.9720064478188286e-05,116.94839316699654,281.5924140533304,1.1694839316699654,,14130.0,466382.0,502402.0,3060.0,,,,,,,,,64,29009,,36257,-1,Quant,XRF,/data/d1/ts_archive/datasets,1234,FordChallenge,20,2,9,200,0.8,entropy,8,40,1,0.001,PyTorch 2.9.0+cu128,100,0.5,8,0.1,False,13th Gen Intel(R) Core(TM) i9-13900K,0.01,65536,30,/data/d1/ts_archive/results/441869507881142858/2c72147e9e7b4e90b669f6430ec6a413/artifacts,,https://github.com/ANON2/TS_Archive.git,ANON1,invincible-rat-475,2ba81db4ea05c65817b596ef2f113e084de3fbd8,file:///home/ANON1/repos/TS_Archive-1#ts_archive_experiments,PROJECT,main.py,conda,local
d6349588696d4aa588bbac1e9651c8f7,441869507881142858,FINISHED,/data/d1/ts_archive/results/441869507881142858/d6349588696d4aa588bbac1e9651c8f7/artifacts,2025-12-22 15:12:13.181000+00:00,2025-12-22 15:14:02.869000+00:00,0.01434695912699151,,35528987.0,,0.9276233691248917,103.98675975243447,,0.9343047469368775,0.9408112582781457,442658.0,0.9403063689719622,0.9410512144894658,0.4407272301614284,23773.72335118272,0.9408112582781457,6.0806737053177206e-05,99.39692645240576,237.7372335118272,0.9939692645240576,,,,,,,,,,,,,,64,29009,,36257,-1,Quant,XRF,/data/d1/ts_archive/datasets,1234,FordChallenge,20,2,9,200,0.0,entropy,8,40,1,0.001,PyTorch 2.9.0+cu128,100,0.5,8,0.1,False,13th Gen Intel(R) Core(TM) i9-13900K,0.01,65536,30,/data/d1/ts_archive/results/441869507881142858/d6349588696d4aa588bbac1e9651c8f7/artifacts,,https://github.com/ANON2/TS_Archive.git,ANON1,silent-koi-99,2ba81db4ea05c65817b596ef2f113e084de3fbd8,file:///home/ANON1/repos/TS_Archive-1#ts_archive_experiments,PROJECT,main.py,conda,local
f89a03dc31b34b09916e8bfc89a40409,441869507881142858,FINISHED,/data/d1/ts_archive/results/441869507881142858/f89a03dc31b34b09916e8bfc89a40409/artifacts,2025-12-22 15:09:12.078000+00:00,2025-12-22 15:12:10.619000+00:00,0.008059020070379685,,47103437.0,,0.9141320225578614,58.41177747011196,,0.9238456580409474,0.9319812362030905,586982.0,0.9310711778607657,0.9329790188235392,0.2417146489024162,35847.997742139116,0.9319812362030905,3.334915133863358e-05,168.33328097686172,358.47997742139114,1.683332809768617,,,,,,14130.0,586982.0,2550.0,451786.0,3072.0,3126.0,576.0,17202.0,64,29009,,36257,-1,Hydrant,XRF,/data/d1/ts_archive/datasets,1234,FordChallenge,20,2,9,200,0.8,entropy,8,40,1,0.001,PyTorch 2.9.0+cu128,100,0.5,8,0.1,False,13th Gen Intel(R) Core(TM) i9-13900K,0.01,65536,30,/data/d1/ts_archive/results/441869507881142858/f89a03dc31b34b09916e8bfc89a40409/artifacts,19,https://github.com/ANON2/TS_Archive.git,ANON1,illustrious-bear-255,2ba81db4ea05c65817b596ef2f113e084de3fbd8,file:///home/ANON1/repos/TS_Archive-1#ts_archive_experiments,PROJECT,main.py,conda,local
dc582a31af4e4d0abd5cb367a1d5464e,441869507881142858,FINISHED,/data/d1/ts_archive/results/441869507881142858/dc582a31af4e4d0abd5cb367a1d5464e/artifacts,2025-12-22 15:06:53.852000+00:00,2025-12-22 15:09:10.357000+00:00,0.03241545044448312,,36330811.0,,0.929888168564005,234.9471848216137,,0.936338398867558,0.9426048565121413,451786.0,0.9421363878227925,0.9428219280689496,0.9452175870537758,30592.02548435184,0.9426048565121413,0.0001304108149908631,126.9406414674595,305.9202548435184,1.269406414674595,,,,,,,,,,,,,,64,29009,,36257,-1,Hydrant,XRF,/data/d1/ts_archive/datasets,1234,FordChallenge,20,2,9,200,0.0,entropy,8,40,1,0.001,PyTorch 2.9.0+cu128,100,0.5,8,0.1,False,13th Gen Intel(R) Core(TM) i9-13900K,0.01,65536,30,/data/d1/ts_archive/results/441869507881142858/dc582a31af4e4d0abd5cb367a1d5464e/artifacts,19,https://github.com/ANON2/TS_Archive.git,ANON1,clean-cod-334,2ba81db4ea05c65817b596ef2f113e084de3fbd8,file:///home/ANON1/repos/TS_Archive-1#ts_archive_experiments,PROJECT,main.py,conda,local
344747dfa0794c00a21afc6bd7672bd4,441869507881142858,FINISHED,/data/d1/ts_archive/results/441869507881142858/344747dfa0794c00a21afc6bd7672bd4/artifacts,2025-12-22 15:06:26.623000+00:00,2025-12-22 15:06:52.016000+00:00,0.008879635387366787,576.0,42169.0,3072.0,0.7089877680229183,64.41287509995867,6442.0,0.71531765563759,0.7435897435897436,6442.0,0.7374307323035789,0.7387984924195646,0.2946463208645582,3955.85438579712,0.7435897435897436,4.0618461657645194e-05,16.473995367996395,39.5585438579712,0.16473995367996394,27658.0,,,,,,,,,,,,,64,29003,,36257,-1,Hydra,XRF,/data/d1/ts_archive/datasets,1234,FordChallenge,20,2,9,200,0.8,entropy,8,40,0,0.001,PyTorch 2.9.0+cu128,100,0.5,8,0.1,False,13th Gen Intel(R) Core(TM) i9-13900K,0.01,32,30,/data/d1/ts_archive/results/441869507881142858/344747dfa0794c00a21afc6bd7672bd4/artifacts,,https://github.com/ANON2/TS_Archive.git,ANON1,mysterious-calf-262,2ba81db4ea05c65817b596ef2f113e084de3fbd8,file:///home/ANON1/repos/TS_Archive-1#ts_archive_experiments,PROJECT,main.py,conda,local
4a48d2b37a8046518615857bb4c2e930,441869507881142858,FINISHED,/data/d1/ts_archive/results/441869507881142858/4a48d2b37a8046518615857bb4c2e930/artifacts,2025-12-22 15:05:59.893000+00:00,2025-12-22 15:06:25.694000+00:00,0.025510684392634857,,126413.0,,0.7519849435407056,185.05450458417326,,0.7566558466556161,0.7762613730355666,27658.0,0.7736809467854614,0.7733865284350276,0.8016771003603935,3744.7461491227205,0.7762613730355666,0.0001105151778826018,15.155766921117902,37.4474614912272,0.15155766921117902,,,,,,,,,,,,,,64,29003,,36257,-1,Hydra,XRF,/data/d1/ts_archive/datasets,1234,FordChallenge,20,2,9,200,0.0,entropy,8,40,0,0.001,PyTorch 2.9.0+cu128,100,0.5,8,0.1,False,13th Gen Intel(R) Core(TM) i9-13900K,0.01,32,30,/data/d1/ts_archive/results/441869507881142858/4a48d2b37a8046518615857bb4c2e930/artifacts,,https://github.com/ANON2/TS_Archive.git,ANON1,dapper-doe-282,2ba81db4ea05c65817b596ef2f113e084de3fbd8,file:///home/ANON1/repos/TS_Archive-1#ts_archive_experiments,PROJECT,main.py,conda,local
2cd47470037e40fabf289ba6dd9c8fc5,441869507881142858,FINISHED,/data/d1/ts_archive/results/441869507881142858/2cd47470037e40fabf289ba6dd9c8fc5/artifacts,2025-12-22 15:03:48.938000+00:00,2025-12-22 15:05:57.334000+00:00,0.00439658419417015,,38753600.0,,0.9294407534930903,31.892821744510265,,0.9339655466600573,0.938654535428729,482950.0,0.9383028006271473,0.9387597474424856,0.1591294175013899,28484.77777121232,0.938654535428729,2.1936782120401143e-05,118.25821845699102,284.8477777121232,1.1825821845699103,,14130.0,454174.0,482950.0,3000.0,,,,,,,,,64,29003,,36257,-1,Quant,XRF,/data/d1/ts_archive/datasets,1234,FordChallenge,20,2,9,200,0.8,entropy,8,40,0,0.001,PyTorch 2.9.0+cu128,100,0.5,8,0.1,False,13th Gen Intel(R) Core(TM) i9-13900K,0.01,65536,30,/data/d1/ts_archive/results/441869507881142858/2cd47470037e40fabf289ba6dd9c8fc5/artifacts,,https://github.com/ANON2/TS_Archive.git,ANON1,tasteful-mouse-514,2ba81db4ea05c65817b596ef2f113e084de3fbd8,file:///home/ANON1/repos/TS_Archive-1#ts_archive_experiments,PROJECT,main.py,conda,local
4def317b61a244d5b0ef93c2ac7ea984,441869507881142858,FINISHED,/data/d1/ts_archive/results/441869507881142858/4def317b61a244d5b0ef93c2ac7ea984/artifacts,2025-12-22 15:01:54.984000+00:00,2025-12-22 15:03:47.358000+00:00,0.015021461078332146,,34241467.0,,0.917702022832344,108.96567866222139,,0.9244443686937551,0.9302453818582851,426564.0,0.9296046729416058,0.9308633798374197,0.4595264047384262,24220.43445391848,0.9302453818582851,6.334800175605544e-05,101.2985455468297,242.20434453918477,1.012985455468297,,,,,,,,,,,,,,64,29003,,36257,-1,Quant,XRF,/data/d1/ts_archive/datasets,1234,FordChallenge,20,2,9,200,0.0,entropy,8,40,0,0.001,PyTorch 2.9.0+cu128,100,0.5,8,0.1,False,13th Gen Intel(R) Core(TM) i9-13900K,0.01,65536,30,/data/d1/ts_archive/results/441869507881142858/4def317b61a244d5b0ef93c2ac7ea984/artifacts,,https://github.com/ANON2/TS_Archive.git,ANON1,sneaky-roo-582,2ba81db4ea05c65817b596ef2f113e084de3fbd8,file:///home/ANON1/repos/TS_Archive-1#ts_archive_experiments,PROJECT,main.py,conda,local
9f181a9e3ace4ada9af3ca2103cbe87a,441869507881142858,FINISHED,/data/d1/ts_archive/results/441869507881142858/9f181a9e3ace4ada9af3ca2103cbe87a/artifacts,2025-12-22 14:58:53.214000+00:00,2025-12-22 15:01:52.425000+00:00,0.00800487993302494,,45913038.0,,0.9145877598648677,58.06739903416291,,0.9215487425829124,0.9276261373035567,572102.0,0.926930803880838,0.9282882626900961,0.254834852181375,36129.463691718236,0.9276261373035567,3.513025257532052e-05,169.17338238842785,361.29463691718234,1.6917338238842785,,,,,,14130.0,572102.0,2520.0,444786.0,3072.0,3096.0,576.0,17202.0,64,29003,,36257,-1,Hydrant,XRF,/data/d1/ts_archive/datasets,1234,FordChallenge,20,2,9,200,0.8,entropy,8,40,0,0.001,PyTorch 2.9.0+cu128,100,0.5,8,0.1,False,13th Gen Intel(R) Core(TM) i9-13900K,0.01,65536,30,/data/d1/ts_archive/results/441869507881142858/9f181a9e3ace4ada9af3ca2103cbe87a/artifacts,19,https://github.com/ANON2/TS_Archive.git,ANON1,brawny-bug-173,2ba81db4ea05c65817b596ef2f113e084de3fbd8,file:///home/ANON1/repos/TS_Archive-1#ts_archive_experiments,PROJECT,main.py,conda,local
6642fc541e734945b9b27c3c8c582b40,441869507881142858,FINISHED,/data/d1/ts_archive/results/441869507881142858/6642fc541e734945b9b27c3c8c582b40/artifacts,2025-12-22 14:56:32.726000+00:00,2025-12-22 14:58:51.674000+00:00,0.034623665460042204,,35770811.0,,0.9149195448681855,251.16006924714614,,0.9219775508266376,0.9280397022332506,444786.0,0.9273381476194289,0.9287452576822544,1.016000966541469,30922.62940370952,0.9280397022332506,0.00014006078943224002,128.23171549662948,309.2262940370952,1.2823171549662948,,,,,,,,,,,,,,64,29003,,36257,-1,Hydrant,XRF,/data/d1/ts_archive/datasets,1234,FordChallenge,20,2,9,200,0.0,entropy,8,40,0,0.001,PyTorch 2.9.0+cu128,100,0.5,8,0.1,False,13th Gen Intel(R) Core(TM) i9-13900K,0.01,65536,30,/data/d1/ts_archive/results/441869507881142858/6642fc541e734945b9b27c3c8c582b40/artifacts,19,https://github.com/ANON2/TS_Archive.git,ANON1,bedecked-kit-1000,2ba81db4ea05c65817b596ef2f113e084de3fbd8,file:///home/ANON1/repos/TS_Archive-1#ts_archive_experiments,PROJECT,main.py,conda,local
650d92fe98e54e89bd15ff0a28c67251,441869507881142858,FINISHED,/data/d1/ts_archive/results/441869507881142858/650d92fe98e54e89bd15ff0a28c67251/artifacts,2025-12-22 14:55:54.918000+00:00,2025-12-22 14:56:30.262000+00:00,0.024824734973786983,960.0,60860.0,5120.0,0.7295486600846263,70.40294838565988,10410.0,0.721606894773183,0.7295486600846263,10410.0,0.721606894773183,0.7591160416396496,0.2621114607900381,6481.808413980119,0.7295486600846263,9.24229410402109e-05,26.033646296709776,64.8180841398012,0.2603364629670978,45770.0,,,,,,,,,,,,,64,9453,,12289,-1,Hydra,XRF,/data/d1/ts_archive/datasets,1234,CrowdSourced,20,2,9,200,0.8,entropy,8,256,2,0.001,PyTorch 2.9.0+cu128,100,0.5,8,0.1,False,13th Gen Intel(R) Core(TM) i9-13900K,0.01,32,14,/data/d1/ts_archive/results/441869507881142858/650d92fe98e54e89bd15ff0a28c67251/artifacts,,https://github.com/ANON2/TS_Archive.git,ANON1,bouncy-crow-720,2ba81db4ea05c65817b596ef2f113e084de3fbd8,file:///home/ANON1/repos/TS_Archive-1#ts_archive_experiments,PROJECT,main.py,conda,local
f52089506ecb450aafa7b3ebba89016d,441869507881142858,FINISHED,/data/d1/ts_archive/results/441869507881142858/f52089506ecb450aafa7b3ebba89016d/artifacts,2025-12-22 14:55:16.960000+00:00,2025-12-22 14:55:54.112000+00:00,0.11751690361235642,,201677.0,,0.7662200282087448,333.2779386446428,,0.7616428176547297,0.7662200282087447,45770.0,0.7616428176547296,0.7883705269962694,1.1920283185318112,6792.71282893296,0.7662200282087447,0.00042032028156975006,26.056485175155103,67.9271282893296,0.26056485175155103,,,,,,,,,,,,,,64,9453,,12289,-1,Hydra,XRF,/data/d1/ts_archive/datasets,1234,CrowdSourced,20,2,9,200,0.0,entropy,8,256,2,0.001,PyTorch 2.9.0+cu128,100,0.5,8,0.1,False,13th Gen Intel(R) Core(TM) i9-13900K,0.01,32,14,/data/d1/ts_archive/results/441869507881142858/f52089506ecb450aafa7b3ebba89016d/artifacts,,https://github.com/ANON2/TS_Archive.git,ANON1,defiant-loon-770,2ba81db4ea05c65817b596ef2f113e084de3fbd8,file:///home/ANON1/repos/TS_Archive-1#ts_archive_experiments,PROJECT,main.py,conda,local
c3054e45aa154a0b9c38216f78891b49,441869507881142858,FINISHED,/data/d1/ts_archive/results/441869507881142858/c3054e45aa154a0b9c38216f78891b49/artifacts,2025-12-22 14:53:40.629000+00:00,2025-12-22 14:55:14.293000+00:00,0.027822003737147195,,9595529.0,,0.7933709449929478,78.90320259854944,,0.7899485480769863,0.7933709449929478,117996.0,0.7899485480769863,0.8138236295539667,0.344212076626718,20371.2189165288,0.7933709449929478,0.00012137238244947743,83.28746593091637,203.712189165288,0.8328746593091637,,31542.0,114234.0,117996.0,11088.0,,,,,,,,,64,9453,,12289,-1,Quant,XRF,/data/d1/ts_archive/datasets,1234,CrowdSourced,20,2,9,200,0.8,entropy,8,256,2,0.001,PyTorch 2.9.0+cu128,100,0.5,8,0.1,False,13th Gen Intel(R) Core(TM) i9-13900K,0.01,65536,14,/data/d1/ts_archive/results/441869507881142858/c3054e45aa154a0b9c38216f78891b49/artifacts,,https://github.com/ANON2/TS_Archive.git,ANON1,adorable-shrimp-50,2ba81db4ea05c65817b596ef2f113e084de3fbd8,file:///home/ANON1/repos/TS_Archive-1#ts_archive_experiments,PROJECT,main.py,conda,local
d6081a68d3534ea1b1ac11a01b319869,441869507881142858,FINISHED,/data/d1/ts_archive/results/441869507881142858/d6081a68d3534ea1b1ac11a01b319869/artifacts,2025-12-22 14:52:24.473000+00:00,2025-12-22 14:53:39.034000+00:00,0.0679435704983226,,9266906.0,,0.8078279266572638,192.6879659332429,,0.8049072216843018,0.8078279266572638,113912.0,0.8049072216843018,0.8274359035398862,0.7765005361288786,15304.1433525036,0.8078279266572638,0.0002738013173938218,63.61991588398814,153.041433525036,0.6361991588398814,,,,,,,,,,,,,,64,9453,,12289,-1,Quant,XRF,/data/d1/ts_archive/datasets,1234,CrowdSourced,20,2,9,200,0.0,entropy,8,256,2,0.001,PyTorch 2.9.0+cu128,100,0.5,8,0.1,False,13th Gen Intel(R) Core(TM) i9-13900K,0.01,65536,14,/data/d1/ts_archive/results/441869507881142858/d6081a68d3534ea1b1ac11a01b319869/artifacts,,https://github.com/ANON2/TS_Archive.git,ANON1,intelligent-foal-24,2ba81db4ea05c65817b596ef2f113e084de3fbd8,file:///home/ANON1/repos/TS_Archive-1#ts_archive_experiments,PROJECT,main.py,conda,local
7ac17c78fb5d4a54800e9c19484a3033,441869507881142858,FINISHED,/data/d1/ts_archive/results/441869507881142858/7ac17c78fb5d4a54800e9c19484a3033/artifacts,2025-12-22 14:50:00.530000+00:00,2025-12-22 14:52:21.775000+00:00,0.0512983592729451,,19528693.0,,0.7492947813822285,145.4821468980723,,0.7472513656839024,0.7492947813822285,241658.0,0.7472513656839023,0.7576261795889292,0.5793460346758366,25707.626132747042,0.7492947813822285,0.00020428280489274915,130.79372584074736,257.07626132747043,1.3079372584074735,,,,,,31542.0,241658.0,8876.0,111660.0,5120.0,9836.0,960.0,36662.0,64,9453,,12289,-1,Hydrant,XRF,/data/d1/ts_archive/datasets,1234,CrowdSourced,20,2,9,200,0.8,entropy,8,256,2,0.001,PyTorch 2.9.0+cu128,100,0.5,8,0.1,False,13th Gen Intel(R) Core(TM) i9-13900K,0.01,65536,14,/data/d1/ts_archive/results/441869507881142858/7ac17c78fb5d4a54800e9c19484a3033/artifacts,56,https://github.com/ANON2/TS_Archive.git,ANON1,polite-carp-159,2ba81db4ea05c65817b596ef2f113e084de3fbd8,file:///home/ANON1/repos/TS_Archive-1#ts_archive_experiments,PROJECT,main.py,conda,local
27f298c965724db5ab413c76ac84ff37,441869507881142858,FINISHED,/data/d1/ts_archive/results/441869507881142858/27f298c965724db5ab413c76ac84ff37/artifacts,2025-12-22 14:48:27.975000+00:00,2025-12-22 14:49:58.960000+00:00,0.17411336985021159,,9200826.0,,0.7958392101551481,493.78551689520003,,0.7929150859839682,0.7958392101551481,111660.0,0.7929150859839681,0.8135489720133569,1.7791782841086388,19605.665191521603,0.7958392101551481,0.0006273548251440899,79.49511730577797,196.05665191521604,0.7949511730577796,,,,,,,,,,,,,,64,9453,,12289,-1,Hydrant,XRF,/data/d1/ts_archive/datasets,1234,CrowdSourced,20,2,9,200,0.0,entropy,8,256,2,0.001,PyTorch 2.9.0+cu128,100,0.5,8,0.1,False,13th Gen Intel(R) Core(TM) i9-13900K,0.01,65536,14,/data/d1/ts_archive/results/441869507881142858/27f298c965724db5ab413c76ac84ff37/artifacts,56,https://github.com/ANON2/TS_Archive.git,ANON1,welcoming-goose-556,2ba81db4ea05c65817b596ef2f113e084de3fbd8,file:///home/ANON1/repos/TS_Archive-1#ts_archive_experiments,PROJECT,main.py,conda,local
fc266be0b08449e099c477f569e8316d,441869507881142858,FINISHED,/data/d1/ts_archive/results/441869507881142858/fc266be0b08449e099c477f569e8316d/artifacts,2025-12-22 14:47:48.471000+00:00,2025-12-22 14:48:25.527000+00:00,0.02655782751007729,960.0,60865.0,5120.0,0.7281210527415933,75.29144099106911,10410.0,0.7138201165492528,0.728042328042328,10410.0,0.7137976130500551,0.784876335800058,0.2928087813779712,6866.74527104232,0.728042328042328,0.0001032835207682438,28.05117323063314,68.6674527104232,0.2805117323063314,45770.0,,,,,,,,,,,,,64,9454,,12289,-1,Hydra,XRF,/data/d1/ts_archive/datasets,1234,CrowdSourced,20,2,9,200,0.8,entropy,8,256,1,0.001,PyTorch 2.9.0+cu128,100,0.5,8,0.1,False,13th Gen Intel(R) Core(TM) i9-13900K,0.01,32,14,/data/d1/ts_archive/results/441869507881142858/fc266be0b08449e099c477f569e8316d/artifacts,,https://github.com/ANON2/TS_Archive.git,ANON1,rogue-shrike-724,2ba81db4ea05c65817b596ef2f113e084de3fbd8,file:///home/ANON1/repos/TS_Archive-1#ts_archive_experiments,PROJECT,main.py,conda,local
66d4a8d4e080452e8794bb6d76d24fc1,441869507881142858,FINISHED,/data/d1/ts_archive/results/441869507881142858/66d4a8d4e080452e8794bb6d76d24fc1/artifacts,2025-12-22 14:47:13.292000+00:00,2025-12-22 14:47:47.603000+00:00,0.11617228643156206,,201677.0,,0.6773256537331795,329.34843203347845,,0.6611465702001789,0.6772486772486772,45770.0,0.6611205150107801,0.7190584738495805,1.1499314298853278,6252.17501806992,0.6772486772486772,0.00040561955198776997,23.394700701348484,62.5217501806992,0.23394700701348484,,,,,,,,,,,,,,64,9454,,12289,-1,Hydra,XRF,/data/d1/ts_archive/datasets,1234,CrowdSourced,20,2,9,200,0.0,entropy,8,256,1,0.001,PyTorch 2.9.0+cu128,100,0.5,8,0.1,False,13th Gen Intel(R) Core(TM) i9-13900K,0.01,32,14,/data/d1/ts_archive/results/441869507881142858/66d4a8d4e080452e8794bb6d76d24fc1/artifacts,,https://github.com/ANON2/TS_Archive.git,ANON1,popular-crab-895,2ba81db4ea05c65817b596ef2f113e084de3fbd8,file:///home/ANON1/repos/TS_Archive-1#ts_archive_experiments,PROJECT,main.py,conda,local
21cb7dc81137493aaa53fa18f8a3f984,441869507881142858,FINISHED,/data/d1/ts_archive/results/441869507881142858/21cb7dc81137493aaa53fa18f8a3f984/artifacts,2025-12-22 14:45:35.461000+00:00,2025-12-22 14:47:10.692000+00:00,0.028269227622757638,,8662729.0,,0.6251183244363975,80.1432603105179,,0.6077061352049965,0.6250440917107584,106336.0,0.6076770446739466,0.6520649118777284,0.3420034553855657,20602.04074343748,0.6250440917107584,0.000120636139465808,84.6387500539422,206.0204074343748,0.846387500539422,,31542.0,106666.0,106336.0,11214.0,,,,,,,,,64,9454,,12289,-1,Quant,XRF,/data/d1/ts_archive/datasets,1234,CrowdSourced,20,2,9,200,0.8,entropy,8,256,1,0.001,PyTorch 2.9.0+cu128,100,0.5,8,0.1,False,13th Gen Intel(R) Core(TM) i9-13900K,0.01,65536,14,/data/d1/ts_archive/results/441869507881142858/21cb7dc81137493aaa53fa18f8a3f984/artifacts,,https://github.com/ANON2/TS_Archive.git,ANON1,rumbling-stoat-715,2ba81db4ea05c65817b596ef2f113e084de3fbd8,file:///home/ANON1/repos/TS_Archive-1#ts_archive_experiments,PROJECT,main.py,conda,local
3a72482a848d435282deadc4f9a6762d,441869507881142858,FINISHED,/data/d1/ts_archive/results/441869507881142858/3a72482a848d435282deadc4f9a6762d/artifacts,2025-12-22 14:44:18.457000+00:00,2025-12-22 14:45:33.760000+00:00,0.07695663536796347,,8655546.0,,0.6318238735165276,218.17206126817646,,0.6129338529542542,0.6317460317460317,106270.0,0.6129037534681873,0.6637247589523654,0.9522039964795111,15551.235520688162,0.6317460317460317,0.0003358744255659651,64.14699332136661,155.5123552068816,0.6414699332136661,,,,,,,,,,,,,,64,9454,,12289,-1,Quant,XRF,/data/d1/ts_archive/datasets,1234,CrowdSourced,20,2,9,200,0.0,entropy,8,256,1,0.001,PyTorch 2.9.0+cu128,100,0.5,8,0.1,False,13th Gen Intel(R) Core(TM) i9-13900K,0.01,65536,14,/data/d1/ts_archive/results/441869507881142858/3a72482a848d435282deadc4f9a6762d/artifacts,,https://github.com/ANON2/TS_Archive.git,ANON1,welcoming-fox-55,2ba81db4ea05c65817b596ef2f113e084de3fbd8,file:///home/ANON1/repos/TS_Archive-1#ts_archive_experiments,PROJECT,main.py,conda,local
ec866f41bf0446cdb68d282318bdb001,441869507881142858,FINISHED,/data/d1/ts_archive/results/441869507881142858/ec866f41bf0446cdb68d282318bdb001/artifacts,2025-12-22 14:41:53.641000+00:00,2025-12-22 14:44:15.763000+00:00,0.04974010200431275,,17320858.0,,0.633580201323243,141.01318918222665,,0.6182953215870322,0.6335097001763669,214060.0,0.6182684410594892,0.6589931210095421,0.5476191388443112,25841.08599371928,0.6335097001763669,0.00019316371740540079,131.7407536311075,258.4108599371928,1.317407536311075,,,,,,31542.0,214060.0,8792.0,102742.0,5120.0,9752.0,960.0,36662.0,64,9454,,12289,-1,Hydrant,XRF,/data/d1/ts_archive/datasets,1234,CrowdSourced,20,2,9,200,0.8,entropy,8,256,1,0.001,PyTorch 2.9.0+cu128,100,0.5,8,0.1,False,13th Gen Intel(R) Core(TM) i9-13900K,0.01,65536,14,/data/d1/ts_archive/results/441869507881142858/ec866f41bf0446cdb68d282318bdb001/artifacts,56,https://github.com/ANON2/TS_Archive.git,ANON1,colorful-wasp-274,2ba81db4ea05c65817b596ef2f113e084de3fbd8,file:///home/ANON1/repos/TS_Archive-1#ts_archive_experiments,PROJECT,main.py,conda,local
6b9d5267bf5b4ba7aa76679f38fa4747,441869507881142858,FINISHED,/data/d1/ts_archive/results/441869507881142858/6b9d5267bf5b4ba7aa76679f38fa4747/artifacts,2025-12-22 14:40:19.827000+00:00,2025-12-22 14:41:52.098000+00:00,0.19391053863530158,,8487386.0,,0.6127812289417341,549.73637703108,,0.5901474654377881,0.6126984126984127,102742.0,0.5901135542388999,0.6446931245574773,2.00380817335099,19873.44653074128,0.6126984126984127,0.0007068106431573156,80.71621907502413,198.7344653074128,0.8071621907502413,,,,,,,,,,,,,,64,9454,,12289,-1,Hydrant,XRF,/data/d1/ts_archive/datasets,1234,CrowdSourced,20,2,9,200,0.0,entropy,8,256,1,0.001,PyTorch 2.9.0+cu128,100,0.5,8,0.1,False,13th Gen Intel(R) Core(TM) i9-13900K,0.01,65536,14,/data/d1/ts_archive/results/441869507881142858/6b9d5267bf5b4ba7aa76679f38fa4747/artifacts,56,https://github.com/ANON2/TS_Archive.git,ANON1,angry-mouse-426,2ba81db4ea05c65817b596ef2f113e084de3fbd8,file:///home/ANON1/repos/TS_Archive-1#ts_archive_experiments,PROJECT,main.py,conda,local
44a1e7832f6d4b62b14f5a2ae54768f6,441869507881142858,FINISHED,/data/d1/ts_archive/results/441869507881142858/44a1e7832f6d4b62b14f5a2ae54768f6/artifacts,2025-12-22 14:39:42.844000+00:00,2025-12-22 14:40:17.489000+00:00,0.025032393458405473,960.0,60855.0,5120.0,0.7452234568934926,70.9167706676627,10410.0,0.7324561816564642,0.7451464878220967,10410.0,0.7324356138993076,0.8028058758170642,0.2822960037738085,6609.24111386952,0.7451464878220967,9.964560669742622e-05,25.844285211525857,66.0924111386952,0.2584428521152586,45770.0,,,,,,,,,,,,,64,9456,,12289,-1,Hydra,XRF,/data/d1/ts_archive/datasets,1234,CrowdSourced,20,2,9,200,0.8,entropy,8,256,0,0.001,PyTorch 2.9.0+cu128,100,0.5,8,0.1,False,13th Gen Intel(R) Core(TM) i9-13900K,0.01,32,14,/data/d1/ts_archive/results/441869507881142858/44a1e7832f6d4b62b14f5a2ae54768f6/artifacts,,https://github.com/ANON2/TS_Archive.git,ANON1,indecisive-mole-736,2ba81db4ea05c65817b596ef2f113e084de3fbd8,file:///home/ANON1/repos/TS_Archive-1#ts_archive_experiments,PROJECT,main.py,conda,local
64984f230e4f43f383530ca65048003c,441869507881142858,FINISHED,/data/d1/ts_archive/results/441869507881142858/64984f230e4f43f383530ca65048003c/artifacts,2025-12-22 14:39:08.010000+00:00,2025-12-22 14:39:42.010000+00:00,0.11281494833763125,,201677.0,,0.7349756188972485,319.60474864050934,,0.725445280701408,0.7349099894105189,45770.0,0.7254272869586151,0.772678046259238,1.1238111928105354,5855.31879492096,0.7349099894105189,0.00039668591345235984,22.75845614355057,58.553187949209594,0.2275845614355057,,,,,,,,,,,,,,64,9456,,12289,-1,Hydra,XRF,/data/d1/ts_archive/datasets,1234,CrowdSourced,20,2,9,200,0.0,entropy,8,256,0,0.001,PyTorch 2.9.0+cu128,100,0.5,8,0.1,False,13th Gen Intel(R) Core(TM) i9-13900K,0.01,32,14,/data/d1/ts_archive/results/441869507881142858/64984f230e4f43f383530ca65048003c/artifacts,,https://github.com/ANON2/TS_Archive.git,ANON1,gregarious-asp-270,2ba81db4ea05c65817b596ef2f113e084de3fbd8,file:///home/ANON1/repos/TS_Archive-1#ts_archive_experiments,PROJECT,main.py,conda,local
e857ae99bf3e4e2a9b8df8cddcbaa681,441869507881142858,FINISHED,/data/d1/ts_archive/results/441869507881142858/e857ae99bf3e4e2a9b8df8cddcbaa681/artifacts,2025-12-22 14:37:33.948000+00:00,2025-12-22 14:39:05.495000+00:00,0.03234187142904898,,8965929.0,,0.6897778787842541,91.62452175849576,,0.6834811887153265,0.6897282033180374,110126.0,0.6834654926987367,0.7061092772759806,0.400980451144278,19696.97972270556,0.6897282033180374,0.00014153916383490223,80.83789584878832,196.9697972270556,0.8083789584878832,,31542.0,109352.0,110126.0,11214.0,,,,,,,,,64,9456,,12289,-1,Quant,XRF,/data/d1/ts_archive/datasets,1234,CrowdSourced,20,2,9,200,0.8,entropy,8,256,0,0.001,PyTorch 2.9.0+cu128,100,0.5,8,0.1,False,13th Gen Intel(R) Core(TM) i9-13900K,0.01,65536,14,/data/d1/ts_archive/results/441869507881142858/e857ae99bf3e4e2a9b8df8cddcbaa681/artifacts,,https://github.com/ANON2/TS_Archive.git,ANON1,sincere-cub-23,2ba81db4ea05c65817b596ef2f113e084de3fbd8,file:///home/ANON1/repos/TS_Archive-1#ts_archive_experiments,PROJECT,main.py,conda,local
a0270cb5a8094e25b4c3315bf956a61e,441869507881142858,FINISHED,/data/d1/ts_archive/results/441869507881142858/a0270cb5a8094e25b4c3315bf956a61e/artifacts,2025-12-22 14:36:19.687000+00:00,2025-12-22 14:37:32.280000+00:00,0.06930670424954924,,8895226.0,,0.6908389451734188,196.345893138973,,0.6840063440452762,0.6907871514295799,109266.0,0.6839900047503742,0.7088265233842084,0.7694593667984009,14874.762845327761,0.6907871514295799,0.00027160584779329364,61.2827873416245,148.7476284532776,0.612827873416245,,,,,,,,,,,,,,64,9456,,12289,-1,Quant,XRF,/data/d1/ts_archive/datasets,1234,CrowdSourced,20,2,9,200,0.0,entropy,8,256,0,0.001,PyTorch 2.9.0+cu128,100,0.5,8,0.1,False,13th Gen Intel(R) Core(TM) i9-13900K,0.01,65536,14,/data/d1/ts_archive/results/441869507881142858/a0270cb5a8094e25b4c3315bf956a61e/artifacts,,https://github.com/ANON2/TS_Archive.git,ANON1,merciful-rook-720,2ba81db4ea05c65817b596ef2f113e084de3fbd8,file:///home/ANON1/repos/TS_Archive-1#ts_archive_experiments,PROJECT,main.py,conda,local
91dfb09cf1a04548a754e036d3efe858,441869507881142858,FINISHED,/data/d1/ts_archive/results/441869507881142858/91dfb09cf1a04548a754e036d3efe858/artifacts,2025-12-22 14:34:05.221000+00:00,2025-12-22 14:36:17.066000+00:00,0.04991840586057262,,18128853.0,,0.6929767771491454,141.41884380300223,,0.6797107935478237,0.692905047652665,224160.0,0.6796878470189456,0.7311613477855907,0.5543497707694769,25826.444601712203,0.692905047652665,0.00019567588096345813,121.45558016560972,258.26444601712205,1.2145558016560971,,,,,,31542.0,224160.0,8876.0,108806.0,5120.0,9836.0,960.0,36662.0,64,9456,,12289,-1,Hydrant,XRF,/data/d1/ts_archive/datasets,1234,CrowdSourced,20,2,9,200,0.8,entropy,8,256,0,0.001,PyTorch 2.9.0+cu128,100,0.5,8,0.1,False,13th Gen Intel(R) Core(TM) i9-13900K,0.01,65536,14,/data/d1/ts_archive/results/441869507881142858/91dfb09cf1a04548a754e036d3efe858/artifacts,56,https://github.com/ANON2/TS_Archive.git,ANON1,orderly-jay-396,2ba81db4ea05c65817b596ef2f113e084de3fbd8,file:///home/ANON1/repos/TS_Archive-1#ts_archive_experiments,PROJECT,main.py,conda,local
f583da922b8c4b36908b10d5d1b36eb0,441869507881142858,FINISHED,/data/d1/ts_archive/results/441869507881142858/f583da922b8c4b36908b10d5d1b36eb0/artifacts,2025-12-22 14:32:31.987000+00:00,2025-12-22 14:34:03.680000+00:00,0.18090146642321212,,8972026.0,,0.6929610779517481,512.4938543769599,,0.6849924235917697,0.692905047652665,108800.0,0.6849748008210327,0.7145919748315306,1.7861875500530005,19432.401654615118,0.692905047652665,0.0006304933109964703,78.78489572554827,194.32401654615117,0.7878489572554827,,,,,,,,,,,,,,64,9456,,12289,-1,Hydrant,XRF,/data/d1/ts_archive/datasets,1234,CrowdSourced,20,2,9,200,0.0,entropy,8,256,0,0.001,PyTorch 2.9.0+cu128,100,0.5,8,0.1,False,13th Gen Intel(R) Core(TM) i9-13900K,0.01,65536,14,/data/d1/ts_archive/results/441869507881142858/f583da922b8c4b36908b10d5d1b36eb0/artifacts,56,https://github.com/ANON2/TS_Archive.git,ANON1,youthful-asp-408,2ba81db4ea05c65817b596ef2f113e084de3fbd8,file:///home/ANON1/repos/TS_Archive-1#ts_archive_experiments,PROJECT,main.py,conda,local
0d672aa7786a431f98fda3874a04b60c,441869507881142858,FINISHED,/data/d1/ts_archive/results/441869507881142858/0d672aa7786a431f98fda3874a04b60c/artifacts,2025-12-22 14:30:40.821000+00:00,2025-12-22 14:32:29.248000+00:00,0.013758606690013234,768.0,52988.0,4096.0,0.5315443739614134,748.57827279024,10134.0,0.4943935850762721,0.6351271871783561,10134.0,0.6120089729943093,0.6344266968791763,3.676002970896661,24115.712687504638,0.6351271871783561,6.756364819321903e-05,94.80579844303428,241.15712687504637,0.9480579844303427,51734.0,,,,,,,,,,,,,64,94626,,149034,-1,Hydra,XRF,/data/d1/ts_archive/datasets,1234,WISDM2,20,6,9,200,0.8,entropy,8,100,2,0.001,PyTorch 2.9.0+cu128,100,0.5,8,0.1,False,13th Gen Intel(R) Core(TM) i9-13900K,0.01,32,3,/data/d1/ts_archive/results/441869507881142858/0d672aa7786a431f98fda3874a04b60c/artifacts,,https://github.com/ANON2/TS_Archive.git,ANON1,righteous-gull-594,2ba81db4ea05c65817b596ef2f113e084de3fbd8,file:///home/ANON1/repos/TS_Archive-1#ts_archive_experiments,PROJECT,main.py,conda,local
ae0ba0486bdd478a95f186c05e0d686e,441869507881142858,FINISHED,/data/d1/ts_archive/results/441869507881142858/ae0ba0486bdd478a95f186c05e0d686e/artifacts,2025-12-22 14:29:01.492000+00:00,2025-12-22 14:30:39.171000+00:00,0.039976350397595936,,218573.0,,0.5079867721728234,2175.0332724324,,0.4810521739397314,0.6066938685487429,51734.0,0.606433094397739,0.6535692708280751,7.775705887936056,20169.83153160684,0.6066938685487429,0.00014291475312336525,79.83011075202376,201.6983153160684,0.7983011075202375,,,,,,,,,,,,,,64,94626,,149034,-1,Hydra,XRF,/data/d1/ts_archive/datasets,1234,WISDM2,20,6,9,200,0.0,entropy,8,100,2,0.001,PyTorch 2.9.0+cu128,100,0.5,8,0.1,False,13th Gen Intel(R) Core(TM) i9-13900K,0.01,32,3,/data/d1/ts_archive/results/441869507881142858/ae0ba0486bdd478a95f186c05e0d686e/artifacts,,https://github.com/ANON2/TS_Archive.git,ANON1,bedecked-horse-169,2ba81db4ea05c65817b596ef2f113e084de3fbd8,file:///home/ANON1/repos/TS_Archive-1#ts_archive_experiments,PROJECT,main.py,conda,local
935affc0c8ca413296ee850b1d074b17,441869507881142858,FINISHED,/data/d1/ts_archive/results/441869507881142858/935affc0c8ca413296ee850b1d074b17/artifacts,2025-12-22 14:27:38.688000+00:00,2025-12-22 14:28:58.924000+00:00,0.003273671637017282,,90456456.0,,0.5741921260954413,178.1139264268363,,0.5393661135052509,0.6742942214380239,806706.0,0.6605628637670874,0.6930001069178219,0.770690318197012,16849.16669222748,0.6742942214380239,1.4165018346511761e-05,69.38604982756078,168.49166692227482,0.6938604982756078,,3126.0,803330.0,806706.0,1194.0,,,,,,,,,64,94626,,149034,-1,Quant,XRF,/data/d1/ts_archive/datasets,1234,WISDM2,20,6,9,200,0.8,entropy,8,100,2,0.001,PyTorch 2.9.0+cu128,100,0.5,8,0.1,False,13th Gen Intel(R) Core(TM) i9-13900K,0.01,65536,3,/data/d1/ts_archive/results/441869507881142858/935affc0c8ca413296ee850b1d074b17/artifacts,,https://github.com/ANON2/TS_Archive.git,ANON1,welcoming-auk-897,2ba81db4ea05c65817b596ef2f113e084de3fbd8,file:///home/ANON1/repos/TS_Archive-1#ts_archive_experiments,PROJECT,main.py,conda,local
dfc89aa2976b43deaf854c5bddf90520,441869507881142858,FINISHED,/data/d1/ts_archive/results/441869507881142858/dfc89aa2976b43deaf854c5bddf90520/artifacts,2025-12-22 14:26:32.400000+00:00,2025-12-22 14:27:36.999000+00:00,0.005926843520320151,,87445337.0,,0.5728911319240396,322.46770225357875,,0.5419364445948108,0.6722173209822085,779838.0,0.6587464499548946,0.6939446477170838,1.3657124591991303,12651.147286533,0.6722173209822085,2.5101317071002984e-05,52.94765066262335,126.51147286532999,0.5294765066262336,,,,,,,,,,,,,,64,94626,,149034,-1,Quant,XRF,/data/d1/ts_archive/datasets,1234,WISDM2,20,6,9,200,0.0,entropy,8,100,2,0.001,PyTorch 2.9.0+cu128,100,0.5,8,0.1,False,13th Gen Intel(R) Core(TM) i9-13900K,0.01,65536,3,/data/d1/ts_archive/results/441869507881142858/dfc89aa2976b43deaf854c5bddf90520/artifacts,,https://github.com/ANON2/TS_Archive.git,ANON1,bouncy-shrike-545,2ba81db4ea05c65817b596ef2f113e084de3fbd8,file:///home/ANON1/repos/TS_Archive-1#ts_archive_experiments,PROJECT,main.py,conda,local
151054dae20c4a8c9b0a3cc71b5d5847,441869507881142858,FINISHED,/data/d1/ts_archive/results/441869507881142858/151054dae20c4a8c9b0a3cc71b5d5847/artifacts,2025-12-22 14:22:29.605000+00:00,2025-12-22 14:26:29.738000+00:00,0.014432596613178209,,94830301.0,,0.5623442582248884,785.2487165297999,,0.5278216791153284,0.6715188942802529,845558.0,0.6584834606283393,0.6916148075892721,3.54417437594384,46392.83199859932,0.6715188942802529,6.514068475121011e-05,226.26699898857623,463.9283199859932,2.2626699898857625,,,,,,3126.0,845558.0,747.0,682730.0,4096.0,1515.0,768.0,7222.0,64,94626,,149034,-1,Hydrant,XRF,/data/d1/ts_archive/datasets,1234,WISDM2,20,6,9,200,0.8,entropy,8,100,2,0.001,PyTorch 2.9.0+cu128,100,0.5,8,0.1,False,13th Gen Intel(R) Core(TM) i9-13900K,0.01,65536,3,/data/d1/ts_archive/results/441869507881142858/151054dae20c4a8c9b0a3cc71b5d5847/artifacts,5,https://github.com/ANON2/TS_Archive.git,ANON1,unruly-perch-918,2ba81db4ea05c65817b596ef2f113e084de3fbd8,file:///home/ANON1/repos/TS_Archive-1#ts_archive_experiments,PROJECT,main.py,conda,local
184d3cf7b17f4f61a66c09b600e53666,441869507881142858,FINISHED,/data/d1/ts_archive/results/441869507881142858/184d3cf7b17f4f61a66c09b600e53666/artifacts,2025-12-22 14:19:19.718000+00:00,2025-12-22 14:22:27.818000+00:00,0.05841827644396118,,76657337.0,,0.5613975063595033,3178.42158476304,,0.5282081756963897,0.6709491251286576,682786.0,0.65648477180179,0.6893391282078444,14.6664124969393,38367.51578168436,0.6709491251286576,0.0002695635292041483,163.3876129919663,383.6751578168436,1.6338761299196631,,,,,,,,,,,,,,64,94626,,149034,-1,Hydrant,XRF,/data/d1/ts_archive/datasets,1234,WISDM2,20,6,9,200,0.0,entropy,8,100,2,0.001,PyTorch 2.9.0+cu128,100,0.5,8,0.1,False,13th Gen Intel(R) Core(TM) i9-13900K,0.01,65536,3,/data/d1/ts_archive/results/441869507881142858/184d3cf7b17f4f61a66c09b600e53666/artifacts,5,https://github.com/ANON2/TS_Archive.git,ANON1,fearless-fowl-512,2ba81db4ea05c65817b596ef2f113e084de3fbd8,file:///home/ANON1/repos/TS_Archive-1#ts_archive_experiments,PROJECT,main.py,conda,local
921409697f6d4722a88768d77716bb3b,441869507881142858,FINISHED,/data/d1/ts_archive/results/441869507881142858/921409697f6d4722a88768d77716bb3b/artifacts,2025-12-22 14:17:11.352000+00:00,2025-12-22 14:19:17.155000+00:00,0.015221450362768002,768.0,52980.0,4096.0,0.570911912737399,557.16596907876,10134.0,0.5642035992556911,0.797535788438422,10134.0,0.7977652680130849,0.8028359486454891,2.318300643004477,28575.467158035237,0.797535788438422,6.333462580604516e-05,113.47843560110778,285.75467158035235,1.1347843560110777,51734.0,,,,,,,,,,,,,64,112430,,149034,-1,Hydra,XRF,/data/d1/ts_archive/datasets,1234,WISDM2,20,6,9,200,0.8,entropy,8,100,1,0.001,PyTorch 2.9.0+cu128,100,0.5,8,0.1,False,13th Gen Intel(R) Core(TM) i9-13900K,0.01,32,3,/data/d1/ts_archive/results/441869507881142858/921409697f6d4722a88768d77716bb3b/artifacts,,https://github.com/ANON2/TS_Archive.git,ANON1,bold-quail-995,2ba81db4ea05c65817b596ef2f113e084de3fbd8,file:///home/ANON1/repos/TS_Archive-1#ts_archive_experiments,PROJECT,main.py,conda,local
54130f84d5d3410596ffee0050a4dfa2,441869507881142858,FINISHED,/data/d1/ts_archive/results/441869507881142858/54130f84d5d3410596ffee0050a4dfa2/artifacts,2025-12-22 14:15:14.214000+00:00,2025-12-22 14:17:09.803000+00:00,0.041132132876236474,,218573.0,,0.5801134868931453,1505.60059180176,,0.5671942518946259,0.7873456452846683,51734.0,0.8013776233560413,0.8231945677444907,5.457935342565179,25322.90875344756,0.7873456452846683,0.0001491076205487154,100.04782471433282,253.22908753447558,1.0004782471433282,,,,,,,,,,,,,,64,112430,,149034,-1,Hydra,XRF,/data/d1/ts_archive/datasets,1234,WISDM2,20,6,9,200,0.0,entropy,8,100,1,0.001,PyTorch 2.9.0+cu128,100,0.5,8,0.1,False,13th Gen Intel(R) Core(TM) i9-13900K,0.01,32,3,/data/d1/ts_archive/results/441869507881142858/54130f84d5d3410596ffee0050a4dfa2/artifacts,,https://github.com/ANON2/TS_Archive.git,ANON1,trusting-loon-299,2ba81db4ea05c65817b596ef2f113e084de3fbd8,file:///home/ANON1/repos/TS_Archive-1#ts_archive_experiments,PROJECT,main.py,conda,local
341e95554c514c0980078aaa42ca64e8,441869507881142858,FINISHED,/data/d1/ts_archive/results/441869507881142858/341e95554c514c0980078aaa42ca64e8/artifacts,2025-12-22 14:13:50.696000+00:00,2025-12-22 14:15:11.435000+00:00,0.0030263436172329353,,91287944.0,,0.5734577681245342,110.77628176519435,,0.538791105995686,0.8162769096273631,814130.0,0.8112180862889611,0.8222834037263402,0.49570291955024,16928.890293666238,0.8162769096273631,1.354231558163698e-05,69.99849494919181,169.28890293666237,0.6999849494919181,,3126.0,844566.0,814130.0,1155.0,,,,,,,,,64,112430,,149034,-1,Quant,XRF,/data/d1/ts_archive/datasets,1234,WISDM2,20,6,9,200,0.8,entropy,8,100,1,0.001,PyTorch 2.9.0+cu128,100,0.5,8,0.1,False,13th Gen Intel(R) Core(TM) i9-13900K,0.01,65536,3,/data/d1/ts_archive/results/441869507881142858/341e95554c514c0980078aaa42ca64e8/artifacts,,https://github.com/ANON2/TS_Archive.git,ANON1,rare-seal-630,2ba81db4ea05c65817b596ef2f113e084de3fbd8,file:///home/ANON1/repos/TS_Archive-1#ts_archive_experiments,PROJECT,main.py,conda,local
bb08d528828148bfa106e2ce73d670c0,441869507881142858,FINISHED,/data/d1/ts_archive/results/441869507881142858/bb08d528828148bfa106e2ce73d670c0/artifacts,2025-12-22 14:12:44.351000+00:00,2025-12-22 14:13:49.004000+00:00,0.006300293961765352,,88525913.0,,0.568519489736422,230.61596017645894,,0.5353571533415488,0.8135722871817288,789486.0,0.8084978810294402,0.8169235645151784,1.0571048706769943,12776.87052694368,0.8135722871817288,2.8879490511337405e-05,53.506448107771575,127.7687052694368,0.5350644810777158,,,,,,,,,,,,,,64,112430,,149034,-1,Quant,XRF,/data/d1/ts_archive/datasets,1234,WISDM2,20,6,9,200,0.0,entropy,8,100,1,0.001,PyTorch 2.9.0+cu128,100,0.5,8,0.1,False,13th Gen Intel(R) Core(TM) i9-13900K,0.01,65536,3,/data/d1/ts_archive/results/441869507881142858/bb08d528828148bfa106e2ce73d670c0/artifacts,,https://github.com/ANON2/TS_Archive.git,ANON1,peaceful-newt-735,2ba81db4ea05c65817b596ef2f113e084de3fbd8,file:///home/ANON1/repos/TS_Archive-1#ts_archive_experiments,PROJECT,main.py,conda,local
9b25328e8e0e4a0cb0405c3d5886bd8e,441869507881142858,FINISHED,/data/d1/ts_archive/results/441869507881142858/9b25328e8e0e4a0cb0405c3d5886bd8e/artifacts,2025-12-22 14:08:40.458000+00:00,2025-12-22 14:12:41.695000+00:00,0.017171272233543873,,97153039.0,,0.5784028876001411,628.53724883664,,0.5592666507935223,0.8308927986012458,866294.0,0.8189110042028698,0.8228574987043021,2.702545629814267,47216.8536721308,0.8308927986012458,7.383197546208794e-05,228.141495693475,472.168536721308,2.28141495693475,,,,,,3126.0,866294.0,768.0,725430.0,4096.0,1536.0,768.0,7222.0,64,112430,,149034,-1,Hydrant,XRF,/data/d1/ts_archive/datasets,1234,WISDM2,20,6,9,200,0.8,entropy,8,100,1,0.001,PyTorch 2.9.0+cu128,100,0.5,8,0.1,False,13th Gen Intel(R) Core(TM) i9-13900K,0.01,65536,3,/data/d1/ts_archive/results/441869507881142858/9b25328e8e0e4a0cb0405c3d5886bd8e/artifacts,5,https://github.com/ANON2/TS_Archive.git,ANON1,classy-frog-229,2ba81db4ea05c65817b596ef2f113e084de3fbd8,file:///home/ANON1/repos/TS_Archive-1#ts_archive_experiments,PROJECT,main.py,conda,local
5c69b4bb28654df5b7323d77e6fc47dc,441869507881142858,FINISHED,/data/d1/ts_archive/results/441869507881142858/5c69b4bb28654df5b7323d77e6fc47dc/artifacts,2025-12-22 14:05:33.599000+00:00,2025-12-22 14:08:38.831000+00:00,0.059506595529720256,,81433465.0,,0.5474264295903145,2178.17942276988,,0.5269757040666452,0.8015517429789094,725430.0,0.7930075322223109,0.7927099190136169,10.166336665861309,38607.1609091112,0.8015517429789094,0.0002777384074380207,164.7075027357787,386.07160909111195,1.647075027357787,,,,,,,,,,,,,,64,112430,,149034,-1,Hydrant,XRF,/data/d1/ts_archive/datasets,1234,WISDM2,20,6,9,200,0.0,entropy,8,100,1,0.001,PyTorch 2.9.0+cu128,100,0.5,8,0.1,False,13th Gen Intel(R) Core(TM) i9-13900K,0.01,65536,3,/data/d1/ts_archive/results/441869507881142858/5c69b4bb28654df5b7323d77e6fc47dc/artifacts,5,https://github.com/ANON2/TS_Archive.git,ANON1,hilarious-lamb-205,2ba81db4ea05c65817b596ef2f113e084de3fbd8,file:///home/ANON1/repos/TS_Archive-1#ts_archive_experiments,PROJECT,main.py,conda,local
d25caea6ea2e45d59a728e003850643a,441869507881142858,FINISHED,/data/d1/ts_archive/results/441869507881142858/d25caea6ea2e45d59a728e003850643a/artifacts,2025-12-22 14:03:32.106000+00:00,2025-12-22 14:05:31.012000+00:00,0.017101564527646645,768.0,52976.0,4096.0,0.5604371476944902,871.15369703832,10134.0,0.5266912676379488,0.6369454259913624,10134.0,0.633145375680205,0.6735740803095647,3.647512559778989,26155.0346930892,0.6369454259913624,7.160409422416547e-05,105.21157923340796,261.55034693089203,1.0521157923340796,51734.0,,,,,,,,,,,,,64,98094,,149034,-1,Hydra,XRF,/data/d1/ts_archive/datasets,1234,WISDM2,20,6,9,200,0.8,entropy,8,100,0,0.001,PyTorch 2.9.0+cu128,100,0.5,8,0.1,False,13th Gen Intel(R) Core(TM) i9-13900K,0.01,32,3,/data/d1/ts_archive/results/441869507881142858/d25caea6ea2e45d59a728e003850643a/artifacts,,https://github.com/ANON2/TS_Archive.git,ANON1,orderly-midge-452,2ba81db4ea05c65817b596ef2f113e084de3fbd8,file:///home/ANON1/repos/TS_Archive-1#ts_archive_experiments,PROJECT,main.py,conda,local
5a5a86de6cfc474db7f56d97de1445a6,441869507881142858,FINISHED,/data/d1/ts_archive/results/441869507881142858/5a5a86de6cfc474db7f56d97de1445a6/artifacts,2025-12-22 14:01:49.874000+00:00,2025-12-22 14:03:30.487000+00:00,0.044766414097363955,,218573.0,,0.5662176898777485,2280.4011341197197,,0.5256621390840478,0.6324303101688261,51734.0,0.6256540143789397,0.6678177324613137,8.75316628627479,20368.257303425038,0.6324303101688261,0.0001718328678106555,81.92342659365386,203.68257303425037,0.8192342659365386,,,,,,,,,,,,,,64,98094,,149034,-1,Hydra,XRF,/data/d1/ts_archive/datasets,1234,WISDM2,20,6,9,200,0.0,entropy,8,100,0,0.001,PyTorch 2.9.0+cu128,100,0.5,8,0.1,False,13th Gen Intel(R) Core(TM) i9-13900K,0.01,32,3,/data/d1/ts_archive/results/441869507881142858/5a5a86de6cfc474db7f56d97de1445a6/artifacts,,https://github.com/ANON2/TS_Archive.git,ANON1,fun-shark-262,2ba81db4ea05c65817b596ef2f113e084de3fbd8,file:///home/ANON1/repos/TS_Archive-1#ts_archive_experiments,PROJECT,main.py,conda,local
e0c57110ad7c4a8d8c0c951165280da9,441869507881142858,FINISHED,/data/d1/ts_archive/results/441869507881142858/e0c57110ad7c4a8d8c0c951165280da9/artifacts,2025-12-22 14:00:27.239000+00:00,2025-12-22 14:01:47.159000+00:00,0.003238305234884394,,93982664.0,,0.5788428729768761,164.95926866501102,,0.49853855858338053,0.6472909305064782,838190.0,0.6362671130946665,0.6549775123767406,0.7298652958124876,16709.76521472312,0.6472909305064782,1.432794063236136e-05,68.87333812564611,167.0976521472312,0.6887333812564611,,3126.0,843582.0,838190.0,1164.0,,,,,,,,,64,98094,,149034,-1,Quant,XRF,/data/d1/ts_archive/datasets,1234,WISDM2,20,6,9,200,0.8,entropy,8,100,0,0.001,PyTorch 2.9.0+cu128,100,0.5,8,0.1,False,13th Gen Intel(R) Core(TM) i9-13900K,0.01,65536,3,/data/d1/ts_archive/results/441869507881142858/e0c57110ad7c4a8d8c0c951165280da9/artifacts,,https://github.com/ANON2/TS_Archive.git,ANON1,popular-hare-229,2ba81db4ea05c65817b596ef2f113e084de3fbd8,file:///home/ANON1/repos/TS_Archive-1#ts_archive_experiments,PROJECT,main.py,conda,local
f29de60ac87a41f292e9f314d961e261,441869507881142858,FINISHED,/data/d1/ts_archive/results/441869507881142858/f29de60ac87a41f292e9f314d961e261/artifacts,2025-12-22 13:59:21.338000+00:00,2025-12-22 14:00:25.633000+00:00,0.005893992194655387,,90925625.0,,0.5711015632216292,300.2399623957454,,0.4905232188917807,0.6401256380054967,810912.0,0.6291434047967598,0.6489302193719265,1.2263862434774635,12553.39580839308,0.6401256380054967,2.4075112749852053e-05,52.59265352319926,125.5339580839308,0.5259265352319926,,,,,,,,,,,,,,64,98094,,149034,-1,Quant,XRF,/data/d1/ts_archive/datasets,1234,WISDM2,20,6,9,200,0.0,entropy,8,100,0,0.001,PyTorch 2.9.0+cu128,100,0.5,8,0.1,False,13th Gen Intel(R) Core(TM) i9-13900K,0.01,65536,3,/data/d1/ts_archive/results/441869507881142858/f29de60ac87a41f292e9f314d961e261/artifacts,,https://github.com/ANON2/TS_Archive.git,ANON1,thoughtful-cod-283,2ba81db4ea05c65817b596ef2f113e084de3fbd8,file:///home/ANON1/repos/TS_Archive-1#ts_archive_experiments,PROJECT,main.py,conda,local
cd683b0a820840b18667b0fd1611b97d,441869507881142858,FINISHED,/data/d1/ts_archive/results/441869507881142858/cd683b0a820840b18667b0fd1611b97d/artifacts,2025-12-22 13:55:19.822000+00:00,2025-12-22 13:59:18.680000+00:00,0.016829777174657244,,98195079.0,,0.5603040025897333,857.3088492770399,,0.4825292290760453,0.6409305064782097,875598.0,0.6280740149943639,0.6468208157902946,3.664119995199144,46395.11966272812,0.6409305064782097,7.193011376519717e-05,224.891760153696,463.95119662728115,2.24891760153696,,,,,,3126.0,875598.0,780.0,729154.0,4096.0,1548.0,768.0,7222.0,64,98094,,149034,-1,Hydrant,XRF,/data/d1/ts_archive/datasets,1234,WISDM2,20,6,9,200,0.8,entropy,8,100,0,0.001,PyTorch 2.9.0+cu128,100,0.5,8,0.1,False,13th Gen Intel(R) Core(TM) i9-13900K,0.01,65536,3,/data/d1/ts_archive/results/441869507881142858/cd683b0a820840b18667b0fd1611b97d/artifacts,5,https://github.com/ANON2/TS_Archive.git,ANON1,resilient-bass-238,2ba81db4ea05c65817b596ef2f113e084de3fbd8,file:///home/ANON1/repos/TS_Archive-1#ts_archive_experiments,PROJECT,main.py,conda,local
e8c8443164b64aa58eb41431d080cbfa,441869507881142858,FINISHED,/data/d1/ts_archive/results/441869507881142858/e8c8443164b64aa58eb41431d080cbfa/artifacts,2025-12-22 13:52:10.362000+00:00,2025-12-22 13:55:18.167000+00:00,0.05801940452254417,,81850553.0,,0.5780369767338649,2955.5084663784,,0.4970641699938511,0.6427169218688653,729154.0,0.6303452171153752,0.6476651481836984,13.786216157488523,38114.85278632104,0.6427169218688653,0.0002706363595894881,162.78148817364126,381.1485278632104,1.6278148817364126,,,,,,,,,,,,,,64,98094,,149034,-1,Hydrant,XRF,/data/d1/ts_archive/datasets,1234,WISDM2,20,6,9,200,0.0,entropy,8,100,0,0.001,PyTorch 2.9.0+cu128,100,0.5,8,0.1,False,13th Gen Intel(R) Core(TM) i9-13900K,0.01,65536,3,/data/d1/ts_archive/results/441869507881142858/e8c8443164b64aa58eb41431d080cbfa/artifacts,5,https://github.com/ANON2/TS_Archive.git,ANON1,unleashed-worm-850,2ba81db4ea05c65817b596ef2f113e084de3fbd8,file:///home/ANON1/repos/TS_Archive-1#ts_archive_experiments,PROJECT,main.py,conda,local
dc58fa7484724e8e86979ecfd702880e,441869507881142858,FINISHED,/data/d1/ts_archive/results/441869507881142858/dc58fa7484724e8e86979ecfd702880e/artifacts,2025-12-22 13:45:19.010000+00:00,2025-12-22 13:52:07.675000+00:00,0.0041910024393014235,384.0,32723.0,2048.0,0.5019473872753626,1224.58576674924,5465.0,0.4682536346711818,0.5017351485656789,5465.0,0.4680653806599163,0.46166830396474406,5.351188370957971,91292.24386404792,0.5017351485656789,1.8313820170701556e-05,392.5865822955966,912.9224386404792,3.925865822955966,27929.0,,,,,,,,,,,,,64,1168774,,1460968,-1,Hydra,XRF,/data/d1/ts_archive/datasets,1234,Traffic,20,7,9,200,0.8,entropy,8,24,2,0.001,PyTorch 2.9.0+cu128,100,0.5,8,0.1,False,13th Gen Intel(R) Core(TM) i9-13900K,0.01,32,1,/data/d1/ts_archive/results/441869507881142858/dc58fa7484724e8e86979ecfd702880e/artifacts,,https://github.com/ANON2/TS_Archive.git,ANON1,dazzling-auk-425,2ba81db4ea05c65817b596ef2f113e084de3fbd8,file:///home/ANON1/repos/TS_Archive-1#ts_archive_experiments,PROJECT,main.py,conda,local
095a510f3d8343e8b4804b58c067ff7d,441869507881142858,FINISHED,/data/d1/ts_archive/results/441869507881142858/095a510f3d8343e8b4804b58c067ff7d/artifacts,2025-12-22 13:39:52.852000+00:00,2025-12-22 13:45:17.434000+00:00,0.01387032027389392,,122317.0,,0.5485673669547115,4052.82436211016,,0.5202910384545817,0.5482658781494486,27929.0,0.5200635774483275,0.5132287070170878,17.076121082529426,70725.14792365105,0.5482658781494486,5.844103945505187e-05,298.3679116871208,707.2514792365105,2.983679116871208,,,,,,,,,,,,,,64,1168774,,1460968,-1,Hydra,XRF,/data/d1/ts_archive/datasets,1234,Traffic,20,7,9,200,0.0,entropy,8,24,2,0.001,PyTorch 2.9.0+cu128,100,0.5,8,0.1,False,13th Gen Intel(R) Core(TM) i9-13900K,0.01,32,1,/data/d1/ts_archive/results/441869507881142858/095a510f3d8343e8b4804b58c067ff7d/artifacts,,https://github.com/ANON2/TS_Archive.git,ANON1,adaptable-perch-563,2ba81db4ea05c65817b596ef2f113e084de3fbd8,file:///home/ANON1/repos/TS_Archive-1#ts_archive_experiments,PROJECT,main.py,conda,local
773966d102464db6b2fbd6c723ff38cd,441869507881142858,FINISHED,/data/d1/ts_archive/results/441869507881142858/773966d102464db6b2fbd6c723ff38cd/artifacts,2025-12-22 13:39:32.926000+00:00,2025-12-22 13:39:50.985000+00:00,0.00045165315403450433,,382273575.0,,0.5509777164291555,131.97034168995796,,0.5201413013492837,0.5503398427072425,3184824.0,0.5197448937215586,0.5147932583296797,0.7798746908083558,1451.6399928042001,0.5503398427072425,2.6690304756714916e-06,7.795931870117783,14.516399928042,0.07795931870117782,,212.0,9100090.0,3184824.0,37.0,,,,,,,,,64,1168774,,1460968,-1,Quant,XRF,/data/d1/ts_archive/datasets,1234,Traffic,20,7,9,200,0.8,entropy,8,24,2,0.001,PyTorch 2.9.0+cu128,100,0.5,8,0.1,False,13th Gen Intel(R) Core(TM) i9-13900K,0.01,65536,1,/data/d1/ts_archive/results/441869507881142858/773966d102464db6b2fbd6c723ff38cd/artifacts,,https://github.com/ANON2/TS_Archive.git,ANON1,luxuriant-auk-862,2ba81db4ea05c65817b596ef2f113e084de3fbd8,file:///home/ANON1/repos/TS_Archive-1#ts_archive_experiments,PROJECT,main.py,conda,local
b353b347ea624f3f9b2e639352b336d4,441869507881142858,FINISHED,/data/d1/ts_archive/results/441869507881142858/b353b347ea624f3f9b2e639352b336d4/artifacts,2025-12-22 13:39:14.019000+00:00,2025-12-22 13:39:32.077000+00:00,0.0010420628562656813,,633488109.0,,0.6023863883318575,304.4845142236945,,0.577030722855569,0.6016242633318959,5278284.0,0.5766132373664004,0.5750226472222895,1.5099642407149076,1058.16405884184,0.6016242633318959,5.1676770936942844e-06,5.68973184004426,10.5816405884184,0.0568973184004426,,,,,,,,,,,,,,64,1168774,,1460968,-1,Quant,XRF,/data/d1/ts_archive/datasets,1234,Traffic,20,7,9,200,0.0,entropy,8,24,2,0.001,PyTorch 2.9.0+cu128,100,0.5,8,0.1,False,13th Gen Intel(R) Core(TM) i9-13900K,0.01,65536,1,/data/d1/ts_archive/results/441869507881142858/b353b347ea624f3f9b2e639352b336d4/artifacts,,https://github.com/ANON2/TS_Archive.git,ANON1,abundant-fly-824,2ba81db4ea05c65817b596ef2f113e084de3fbd8,file:///home/ANON1/repos/TS_Archive-1#ts_archive_experiments,PROJECT,main.py,conda,local
e2bdc10681ed46e1a93f2afcd4ce6ec4,441869507881142858,FINISHED,/data/d1/ts_archive/results/441869507881142858/e2bdc10681ed46e1a93f2afcd4ce6ec4/artifacts,2025-12-22 13:36:47.752000+00:00,2025-12-22 13:39:11.291000+00:00,0.003359280502666174,,765844932.0,,0.5696062870996158,981.56160719604,,0.5497308052886691,0.569272469660568,6381114.0,0.549470337670084,0.542114961153053,4.3443586230278015,23812.28723504232,0.569272469660568,1.4868062393573453e-05,127.8391350293532,238.1228723504232,1.278391350293532,,,,,,212.0,6381114.0,44.0,6712448.0,2048.0,428.0,384.0,2260.0,64,1168774,,1460968,-1,Hydrant,XRF,/data/d1/ts_archive/datasets,1234,Traffic,20,7,9,200,0.8,entropy,8,24,2,0.001,PyTorch 2.9.0+cu128,100,0.5,8,0.1,False,13th Gen Intel(R) Core(TM) i9-13900K,0.01,65536,1,/data/d1/ts_archive/results/441869507881142858/e2bdc10681ed46e1a93f2afcd4ce6ec4/artifacts,1,https://github.com/ANON2/TS_Archive.git,ANON1,abrasive-mole-275,2ba81db4ea05c65817b596ef2f113e084de3fbd8,file:///home/ANON1/repos/TS_Archive-1#ts_archive_experiments,PROJECT,main.py,conda,local
61b537d54f8f4835bcfc25eedfcdb3a3,441869507881142858,FINISHED,/data/d1/ts_archive/results/441869507881142858/61b537d54f8f4835bcfc25eedfcdb3a3/artifacts,2025-12-22 13:34:43.328000+00:00,2025-12-22 13:36:46.153000+00:00,0.01149990568743424,,805630701.0,,0.5879007303418582,3360.20344243416,,0.5676228834764252,0.5875479989322163,6712448.0,0.5673461080451929,0.5603738988802679,15.165077889338136,19396.10495998728,0.5875479989322163,5.1900716268431713e-05,96.17159410379828,193.96104959987278,0.9617159410379829,,,,,,,,,,,,,,64,1168774,,1460968,-1,Hydrant,XRF,/data/d1/ts_archive/datasets,1234,Traffic,20,7,9,200,0.0,entropy,8,24,2,0.001,PyTorch 2.9.0+cu128,100,0.5,8,0.1,False,13th Gen Intel(R) Core(TM) i9-13900K,0.01,65536,1,/data/d1/ts_archive/results/441869507881142858/61b537d54f8f4835bcfc25eedfcdb3a3/artifacts,1,https://github.com/ANON2/TS_Archive.git,ANON1,skittish-dove-195,2ba81db4ea05c65817b596ef2f113e084de3fbd8,file:///home/ANON1/repos/TS_Archive-1#ts_archive_experiments,PROJECT,main.py,conda,local
d9c762622e9d42c798ab97239cdf18c7,441869507881142858,FINISHED,/data/d1/ts_archive/results/441869507881142858/d9c762622e9d42c798ab97239cdf18c7/artifacts,2025-12-22 13:27:53.927000+00:00,2025-12-22 13:34:40.682000+00:00,0.005592656196017988,384.0,32725.0,2048.0,0.5029277345830483,1634.1405845392799,5465.0,0.4682724348127585,0.5027207950881948,5465.0,0.46808090913518446,0.4617766897358653,7.760228736326098,90333.36192251915,0.5027207950881948,2.6558480791275996e-05,388.4972810754553,903.3336192251915,3.884972810754553,27929.0,,,,,,,,,,,,,64,1168774,,1460968,-1,Hydra,XRF,/data/d1/ts_archive/datasets,1234,Traffic,20,7,9,200,0.8,entropy,8,24,1,0.001,PyTorch 2.9.0+cu128,100,0.5,8,0.1,False,13th Gen Intel(R) Core(TM) i9-13900K,0.01,32,1,/data/d1/ts_archive/results/441869507881142858/d9c762622e9d42c798ab97239cdf18c7/artifacts,,https://github.com/ANON2/TS_Archive.git,ANON1,secretive-hound-514,2ba81db4ea05c65817b596ef2f113e084de3fbd8,file:///home/ANON1/repos/TS_Archive-1#ts_archive_experiments,PROJECT,main.py,conda,local
f31627623c8449aaa0b3a5b48b8d4272,441869507881142858,FINISHED,/data/d1/ts_archive/results/441869507881142858/f31627623c8449aaa0b3a5b48b8d4272/artifacts,2025-12-22 13:22:35.177000+00:00,2025-12-22 13:27:52.384000+00:00,0.01416836974073061,,122317.0,,0.5476955628587392,4139.91262802304,,0.5191977481977601,0.5474034374422473,27929.0,0.5189807223625306,0.5121042873979841,18.0728744501248,69335.76035084616,0.5474034374422473,6.185231199177533e-05,290.0558872092515,693.3576035084616,2.9005588720925153,,,,,,,,,,,,,,64,1168774,,1460968,-1,Hydra,XRF,/data/d1/ts_archive/datasets,1234,Traffic,20,7,9,200,0.0,entropy,8,24,1,0.001,PyTorch 2.9.0+cu128,100,0.5,8,0.1,False,13th Gen Intel(R) Core(TM) i9-13900K,0.01,32,1,/data/d1/ts_archive/results/441869507881142858/f31627623c8449aaa0b3a5b48b8d4272/artifacts,,https://github.com/ANON2/TS_Archive.git,ANON1,youthful-stoat-354,2ba81db4ea05c65817b596ef2f113e084de3fbd8,file:///home/ANON1/repos/TS_Archive-1#ts_archive_experiments,PROJECT,main.py,conda,local
74cf436e6ee0426c9a5d75bc183d2436,441869507881142858,FINISHED,/data/d1/ts_archive/results/441869507881142858/74cf436e6ee0426c9a5d75bc183d2436/artifacts,2025-12-22 13:22:15.124000+00:00,2025-12-22 13:22:33.342000+00:00,0.00046284505375373934,,383142134.0,,0.5561540907536501,135.24054763652012,,0.5252042858338768,0.555432349740241,3192062.0,0.524772626411836,0.5211468785437648,0.8022444965317845,1472.33749343112,0.555432349740241,2.7455885354654256e-06,8.037246451713145,14.7233749343112,0.08037246451713145,,212.0,9096908.0,3192062.0,37.0,,,,,,,,,64,1168774,,1460968,-1,Quant,XRF,/data/d1/ts_archive/datasets,1234,Traffic,20,7,9,200,0.8,entropy,8,24,1,0.001,PyTorch 2.9.0+cu128,100,0.5,8,0.1,False,13th Gen Intel(R) Core(TM) i9-13900K,0.01,65536,1,/data/d1/ts_archive/results/441869507881142858/74cf436e6ee0426c9a5d75bc183d2436/artifacts,,https://github.com/ANON2/TS_Archive.git,ANON1,delightful-hawk-584,2ba81db4ea05c65817b596ef2f113e084de3fbd8,file:///home/ANON1/repos/TS_Archive-1#ts_archive_experiments,PROJECT,main.py,conda,local
704fc5e8e73f46c7a988ab58f2612343,441869507881142858,FINISHED,/data/d1/ts_archive/results/441869507881142858/704fc5e8e73f46c7a988ab58f2612343/artifacts,2025-12-22 13:21:56.475000+00:00,2025-12-22 13:22:14.279000+00:00,0.0010735208600046121,,633494109.0,,0.6021146673978149,313.67635416818763,,0.5766970016284418,0.6013470502474384,5278334.0,0.57628834692,0.5751862348234141,1.5518511552363634,1084.4589442924798,0.6013470502474384,5.311030189656062e-06,5.4537301026284695,10.844589442924798,0.05453730102628469,,,,,,,,,,,,,,64,1168774,,1460968,-1,Quant,XRF,/data/d1/ts_archive/datasets,1234,Traffic,20,7,9,200,0.0,entropy,8,24,1,0.001,PyTorch 2.9.0+cu128,100,0.5,8,0.1,False,13th Gen Intel(R) Core(TM) i9-13900K,0.01,65536,1,/data/d1/ts_archive/results/441869507881142858/704fc5e8e73f46c7a988ab58f2612343/artifacts,,https://github.com/ANON2/TS_Archive.git,ANON1,aged-finch-433,2ba81db4ea05c65817b596ef2f113e084de3fbd8,file:///home/ANON1/repos/TS_Archive-1#ts_archive_experiments,PROJECT,main.py,conda,local
dc86cc8706274ae4a86675c5ce61548a,441869507881142858,FINISHED,/data/d1/ts_archive/results/441869507881142858/dc86cc8706274ae4a86675c5ce61548a/artifacts,2025-12-22 13:19:31.020000+00:00,2025-12-22 13:21:53.957000+00:00,0.0033757494547193984,,770640610.0,,0.5721965247888239,986.3737361722799,,0.5522451099055479,0.5718666365496896,6421078.0,0.5519826438905929,0.5453661192903001,4.361812693066895,23547.71500487784,0.5718666365496896,1.492779691939908e-05,127.2851436957717,235.47715004877838,1.2728514369577169,,,,,,212.0,6421078.0,44.0,6710754.0,2048.0,428.0,384.0,2260.0,64,1168774,,1460968,-1,Hydrant,XRF,/data/d1/ts_archive/datasets,1234,Traffic,20,7,9,200,0.8,entropy,8,24,1,0.001,PyTorch 2.9.0+cu128,100,0.5,8,0.1,False,13th Gen Intel(R) Core(TM) i9-13900K,0.01,65536,1,/data/d1/ts_archive/results/441869507881142858/dc86cc8706274ae4a86675c5ce61548a/artifacts,1,https://github.com/ANON2/TS_Archive.git,ANON1,inquisitive-loon-910,2ba81db4ea05c65817b596ef2f113e084de3fbd8,file:///home/ANON1/repos/TS_Archive-1#ts_archive_experiments,PROJECT,main.py,conda,local
43d23dd84541492bb7ed883c1fc155bd,441869507881142858,FINISHED,/data/d1/ts_archive/results/441869507881142858/43d23dd84541492bb7ed883c1fc155bd/artifacts,2025-12-22 13:17:26.140000+00:00,2025-12-22 13:19:29.356000+00:00,0.01144004308703382,,805427421.0,,0.5877894764707151,3342.71194977276,,0.5677046514647115,0.587421370733143,6710754.0,0.567430825707521,0.5604033158017157,15.241008688695729,19212.60446760996,0.587421370733143,5.216058060294095e-05,96.75219887774438,192.12604467609958,0.9675219887774438,,,,,,,,,,,,,,64,1168774,,1460968,-1,Hydrant,XRF,/data/d1/ts_archive/datasets,1234,Traffic,20,7,9,200,0.0,entropy,8,24,1,0.001,PyTorch 2.9.0+cu128,100,0.5,8,0.1,False,13th Gen Intel(R) Core(TM) i9-13900K,0.01,65536,1,/data/d1/ts_archive/results/441869507881142858/43d23dd84541492bb7ed883c1fc155bd/artifacts,1,https://github.com/ANON2/TS_Archive.git,ANON1,selective-flea-149,2ba81db4ea05c65817b596ef2f113e084de3fbd8,file:///home/ANON1/repos/TS_Archive-1#ts_archive_experiments,PROJECT,main.py,conda,local
77ea88eff95a4e29b78c575f102ca7c7,441869507881142858,FINISHED,/data/d1/ts_archive/results/441869507881142858/77ea88eff95a4e29b78c575f102ca7c7/artifacts,2025-12-22 13:10:32.308000+00:00,2025-12-22 13:17:23.691000+00:00,0.005161160534132939,384.0,32725.0,2048.0,0.5015784984951476,1508.0601411104399,5465.0,0.4669334555062775,0.5013552639684593,5465.0,0.46673999930670323,0.46028901077068074,6.796184375882149,91576.06690809024,0.5013552639684593,2.325915102939194e-05,394.1329317493364,915.7606690809024,3.941329317493364,27929.0,,,,,,,,,,,,,64,1168774,,1460968,-1,Hydra,XRF,/data/d1/ts_archive/datasets,1234,Traffic,20,7,9,200,0.8,entropy,8,24,0,0.001,PyTorch 2.9.0+cu128,100,0.5,8,0.1,False,13th Gen Intel(R) Core(TM) i9-13900K,0.01,32,1,/data/d1/ts_archive/results/441869507881142858/77ea88eff95a4e29b78c575f102ca7c7/artifacts,,https://github.com/ANON2/TS_Archive.git,ANON1,stately-asp-862,2ba81db4ea05c65817b596ef2f113e084de3fbd8,file:///home/ANON1/repos/TS_Archive-1#ts_archive_experiments,PROJECT,main.py,conda,local
a4e94eabcf394a848b9c627671e70712,441869507881142858,FINISHED,/data/d1/ts_archive/results/441869507881142858/a4e94eabcf394a848b9c627671e70712/artifacts,2025-12-22 13:05:16.623000+00:00,2025-12-22 13:10:30.608000+00:00,0.01252656905263845,,122317.0,,0.5483561555040554,3660.1883177666396,,0.5201940861041453,0.5480571127401658,27929.0,0.5199728597200509,0.5134489063995192,15.37358802370727,69020.84616761377,0.5480571127401658,5.2614317965828426e-05,289.4371229168028,690.2084616761376,2.894371229168028,,,,,,,,,,,,,,64,1168774,,1460968,-1,Hydra,XRF,/data/d1/ts_archive/datasets,1234,Traffic,20,7,9,200,0.0,entropy,8,24,0,0.001,PyTorch 2.9.0+cu128,100,0.5,8,0.1,False,13th Gen Intel(R) Core(TM) i9-13900K,0.01,32,1,/data/d1/ts_archive/results/441869507881142858/a4e94eabcf394a848b9c627671e70712/artifacts,,https://github.com/ANON2/TS_Archive.git,ANON1,clumsy-moose-232,2ba81db4ea05c65817b596ef2f113e084de3fbd8,file:///home/ANON1/repos/TS_Archive-1#ts_archive_experiments,PROJECT,main.py,conda,local
3f58c91b853d4f30bdb0292754ed442e,441869507881142858,FINISHED,/data/d1/ts_archive/results/441869507881142858/3f58c91b853d4f30bdb0292754ed442e/artifacts,2025-12-22 13:04:55.906000+00:00,2025-12-22 13:05:14.755000+00:00,0.00044142440927970225,,372739334.0,,0.5525107223546072,128.9815638450733,,0.5212992432657709,0.5518217348747749,3105372.0,0.5209041266577746,0.5177642443873915,0.8355976259335876,1468.4164448814,0.5518217348747749,2.859735743833164e-06,8.404004064388573,14.684164448813998,0.08404004064388573,,212.0,9095522.0,3105372.0,37.0,,,,,,,,,64,1168774,,1460968,-1,Quant,XRF,/data/d1/ts_archive/datasets,1234,Traffic,20,7,9,200,0.8,entropy,8,24,0,0.001,PyTorch 2.9.0+cu128,100,0.5,8,0.1,False,13th Gen Intel(R) Core(TM) i9-13900K,0.01,65536,1,/data/d1/ts_archive/results/441869507881142858/3f58c91b853d4f30bdb0292754ed442e/artifacts,,https://github.com/ANON2/TS_Archive.git,ANON1,mysterious-bee-29,2ba81db4ea05c65817b596ef2f113e084de3fbd8,file:///home/ANON1/repos/TS_Archive-1#ts_archive_experiments,PROJECT,main.py,conda,local
60baa1e251624839a5745eab74b861c4,441869507881142858,FINISHED,/data/d1/ts_archive/results/441869507881142858/60baa1e251624839a5745eab74b861c4/artifacts,2025-12-22 13:04:36.437000+00:00,2025-12-22 13:04:54.981000+00:00,0.00100444975092779,,624693789.0,,0.6033612227809099,293.49419052259464,,0.5782968369821171,0.6025893755518594,5204998.0,0.577902320604749,0.5770599303096574,1.470918727107346,1097.57400843276,0.6025893755518594,5.034048362072274e-06,5.691591989248991,10.9757400843276,0.05691591989248991,,,,,,,,,,,,,,64,1168774,,1460968,-1,Quant,XRF,/data/d1/ts_archive/datasets,1234,Traffic,20,7,9,200,0.0,entropy,8,24,0,0.001,PyTorch 2.9.0+cu128,100,0.5,8,0.1,False,13th Gen Intel(R) Core(TM) i9-13900K,0.01,65536,1,/data/d1/ts_archive/results/441869507881142858/60baa1e251624839a5745eab74b861c4/artifacts,,https://github.com/ANON2/TS_Archive.git,ANON1,illustrious-newt-724,2ba81db4ea05c65817b596ef2f113e084de3fbd8,file:///home/ANON1/repos/TS_Archive-1#ts_archive_experiments,PROJECT,main.py,conda,local
ce88f19100dd45b5a03f634f380f2ba4,441869507881142858,FINISHED,/data/d1/ts_archive/results/441869507881142858/ce88f19100dd45b5a03f634f380f2ba4/artifacts,2025-12-22 13:02:09.585000+00:00,2025-12-22 13:04:33.783000+00:00,0.0033230028833339496,,775689490.0,,0.5745020013127223,970.9615044928801,,0.5545878004570015,0.5742075470406648,6463152.0,0.5543555044686338,0.5474472785597077,4.437975090928376,23934.6453166344,0.5742075470406648,1.5188453872866575e-05,128.34364071581513,239.346453166344,1.2834364071581512,,,,,,212.0,6463152.0,46.0,6709156.0,2048.0,430.0,384.0,2260.0,64,1168774,,1460968,-1,Hydrant,XRF,/data/d1/ts_archive/datasets,1234,Traffic,20,7,9,200,0.8,entropy,8,24,0,0.001,PyTorch 2.9.0+cu128,100,0.5,8,0.1,False,13th Gen Intel(R) Core(TM) i9-13900K,0.01,65536,1,/data/d1/ts_archive/results/441869507881142858/ce88f19100dd45b5a03f634f380f2ba4/artifacts,1,https://github.com/ANON2/TS_Archive.git,ANON1,languid-lamb-142,2ba81db4ea05c65817b596ef2f113e084de3fbd8,file:///home/ANON1/repos/TS_Archive-1#ts_archive_experiments,PROJECT,main.py,conda,local
1b5621f532474c8a80321e09a1c18f41,441869507881142858,FINISHED,/data/d1/ts_archive/results/441869507881142858/1b5621f532474c8a80321e09a1c18f41/artifacts,2025-12-22 13:00:04.515000+00:00,2025-12-22 13:02:07.831000+00:00,0.011507070258710035,,805235661.0,,0.5863996282921294,3362.29688717352,,0.5665311825852147,0.5860284605433377,6709156.0,0.5662586198991011,0.5590999130851291,15.251231378875673,19077.84167793336,0.5860284605433377,5.2195566571783376e-05,96.6515934811905,190.7784167793336,0.966515934811905,,,,,,,,,,,,,,64,1168774,,1460968,-1,Hydrant,XRF,/data/d1/ts_archive/datasets,1234,Traffic,20,7,9,200,0.0,entropy,8,24,0,0.001,PyTorch 2.9.0+cu128,100,0.5,8,0.1,False,13th Gen Intel(R) Core(TM) i9-13900K,0.01,65536,1,/data/d1/ts_archive/results/441869507881142858/1b5621f532474c8a80321e09a1c18f41/artifacts,1,https://github.com/ANON2/TS_Archive.git,ANON1,rare-bear-81,2ba81db4ea05c65817b596ef2f113e084de3fbd8,file:///home/ANON1/repos/TS_Archive-1#ts_archive_experiments,PROJECT,main.py,conda,local
5846e6456d3147389879604a35182e9d,441869507881142858,FINISHED,/data/d1/ts_archive/results/441869507881142858/5846e6456d3147389879604a35182e9d/artifacts,2025-12-22 12:59:07.817000+00:00,2025-12-22 13:00:01.751000+00:00,0.011067512845633346,768.0,73170.0,4096.0,0.48377223324597884,124.23283169223431,15016.0,0.47920383505625047,0.47723830734966594,15016.0,0.4673060458174707,0.4833922589835491,0.5291173020377755,11377.2832705854,0.47723830734966594,4.713739884523613e-05,44.51302147936076,113.772832705854,0.4451302147936076,76584.0,,,,,,,,,,,,,64,45003,,56228,-1,Hydra,XRF,/data/d1/ts_archive/datasets,1234,USCActivity,20,12,9,200,0.8,entropy,8,100,2,0.001,PyTorch 2.9.0+cu128,100,0.5,8,0.1,False,13th Gen Intel(R) Core(TM) i9-13900K,0.01,32,6,/data/d1/ts_archive/results/441869507881142858/5846e6456d3147389879604a35182e9d/artifacts,,https://github.com/ANON2/TS_Archive.git,ANON1,kindly-panda-688,2ba81db4ea05c65817b596ef2f113e084de3fbd8,file:///home/ANON1/repos/TS_Archive-1#ts_archive_experiments,PROJECT,main.py,conda,local
c34ba3c705e54081a73cbf0df4e3c4ff,441869507881142858,FINISHED,/data/d1/ts_archive/results/441869507881142858/c34ba3c705e54081a73cbf0df4e3c4ff/artifacts,2025-12-22 12:58:14.960000+00:00,2025-12-22 12:59:06.906000+00:00,0.039205648375632965,,318925.0,,0.6886619004557298,440.08340301648,,0.6823873744576291,0.6935412026726058,76584.0,0.6872394730280279,0.7126035069939509,1.6848945338279009,10153.19788218576,0.6935412026726058,0.0001501019629245346,40.11736686807126,101.53197882185759,0.4011736686807126,,,,,,,,,,,,,,64,45003,,56228,-1,Hydra,XRF,/data/d1/ts_archive/datasets,1234,USCActivity,20,12,9,200,0.0,entropy,8,100,2,0.001,PyTorch 2.9.0+cu128,100,0.5,8,0.1,False,13th Gen Intel(R) Core(TM) i9-13900K,0.01,32,6,/data/d1/ts_archive/results/441869507881142858/c34ba3c705e54081a73cbf0df4e3c4ff/artifacts,,https://github.com/ANON2/TS_Archive.git,ANON1,rumbling-hen-558,2ba81db4ea05c65817b596ef2f113e084de3fbd8,file:///home/ANON1/repos/TS_Archive-1#ts_archive_experiments,PROJECT,main.py,conda,local
8797dc01540446ae9a7ba2d004ed2776,441869507881142858,FINISHED,/data/d1/ts_archive/results/441869507881142858/8797dc01540446ae9a7ba2d004ed2776/artifacts,2025-12-22 12:56:36.569000+00:00,2025-12-22 12:58:12.476000+00:00,0.005221920177779305,,226036811.0,,0.7611707058096937,58.6160539955727,,0.7526209998527847,0.7785300668151448,1411972.0,0.7767103735934362,0.8049928168275499,0.2903232118114829,21318.86095975584,0.7785300668151448,2.5863983234875984e-05,85.19825173635036,213.18860959755838,0.8519825173635036,,6252.0,1520712.0,1411972.0,1944.0,,,,,,,,,64,45003,,56228,-1,Quant,XRF,/data/d1/ts_archive/datasets,1234,USCActivity,20,12,9,200,0.8,entropy,8,100,2,0.001,PyTorch 2.9.0+cu128,100,0.5,8,0.1,False,13th Gen Intel(R) Core(TM) i9-13900K,0.01,65536,6,/data/d1/ts_archive/results/441869507881142858/8797dc01540446ae9a7ba2d004ed2776/artifacts,,https://github.com/ANON2/TS_Archive.git,ANON1,hilarious-perch-974,2ba81db4ea05c65817b596ef2f113e084de3fbd8,file:///home/ANON1/repos/TS_Archive-1#ts_archive_experiments,PROJECT,main.py,conda,local
c0b40404436b43efadcb5046c0baa847,441869507881142858,FINISHED,/data/d1/ts_archive/results/441869507881142858/c0b40404436b43efadcb5046c0baa847/artifacts,2025-12-22 12:55:15.147000+00:00,2025-12-22 12:56:34.991000+00:00,0.011945865898027676,,213285789.0,,0.7610949744026018,134.09234470536066,,0.7535441683118812,0.7778173719376392,1332290.0,0.7767059205250839,0.8025315093771095,0.5714299865067005,17139.30029101188,0.7778173719376392,5.0906903029550154e-05,68.88486705161631,171.3930029101188,0.6888486705161632,,,,,,,,,,,,,,64,45003,,56228,-1,Quant,XRF,/data/d1/ts_archive/datasets,1234,USCActivity,20,12,9,200,0.0,entropy,8,100,2,0.001,PyTorch 2.9.0+cu128,100,0.5,8,0.1,False,13th Gen Intel(R) Core(TM) i9-13900K,0.01,65536,6,/data/d1/ts_archive/results/441869507881142858/c0b40404436b43efadcb5046c0baa847/artifacts,,https://github.com/ANON2/TS_Archive.git,ANON1,bold-shad-934,2ba81db4ea05c65817b596ef2f113e084de3fbd8,file:///home/ANON1/repos/TS_Archive-1#ts_archive_experiments,PROJECT,main.py,conda,local
cfafa30e573e451aa346a4b73fcf3529,441869507881142858,FINISHED,/data/d1/ts_archive/results/441869507881142858/cfafa30e573e451aa346a4b73fcf3529/artifacts,2025-12-22 12:51:56.517000+00:00,2025-12-22 12:55:12.478000+00:00,0.0160470841749524,,241604947.0,,0.7591865227009529,180.12851986384067,,0.7516071917437236,0.7771937639198219,1509118.0,0.7767347089134273,0.8015360108099578,0.7615648210048676,38512.53527503464,0.7771937639198219,6.784541835232672e-05,184.81975403614345,385.12535275034645,1.8481975403614346,,,,,,6252.0,1509118.0,1254.0,1423850.0,4096.0,2022.0,768.0,10348.0,64,45003,,56228,-1,Hydrant,XRF,/data/d1/ts_archive/datasets,1234,USCActivity,20,12,9,200,0.8,entropy,8,100,2,0.001,PyTorch 2.9.0+cu128,100,0.5,8,0.1,False,13th Gen Intel(R) Core(TM) i9-13900K,0.01,65536,6,/data/d1/ts_archive/results/441869507881142858/cfafa30e573e451aa346a4b73fcf3529/artifacts,10,https://github.com/ANON2/TS_Archive.git,ANON1,adventurous-mule-641,2ba81db4ea05c65817b596ef2f113e084de3fbd8,file:///home/ANON1/repos/TS_Archive-1#ts_archive_experiments,PROJECT,main.py,conda,local
9e78cc7468ca4bdcbd06120361e1d995,441869507881142858,FINISHED,/data/d1/ts_archive/results/441869507881142858/9e78cc7468ca4bdcbd06120361e1d995/artifacts,2025-12-22 12:49:31.090000+00:00,2025-12-22 12:51:54.906000+00:00,0.06590940143870645,,228019261.0,,0.7625344050352657,739.83303114948,,0.7547790655486596,0.778173719376392,1423850.0,0.7774570835741801,0.8053690995969889,3.018976907245815,32193.62122641768,0.778173719376392,0.00026895117213771177,130.01326911337674,321.9362122641768,1.3001326911337674,,,,,,,,,,,,,,64,45003,,56228,-1,Hydrant,XRF,/data/d1/ts_archive/datasets,1234,USCActivity,20,12,9,200,0.0,entropy,8,100,2,0.001,PyTorch 2.9.0+cu128,100,0.5,8,0.1,False,13th Gen Intel(R) Core(TM) i9-13900K,0.01,65536,6,/data/d1/ts_archive/results/441869507881142858/9e78cc7468ca4bdcbd06120361e1d995/artifacts,10,https://github.com/ANON2/TS_Archive.git,ANON1,fearless-mule-448,2ba81db4ea05c65817b596ef2f113e084de3fbd8,file:///home/ANON1/repos/TS_Archive-1#ts_archive_experiments,PROJECT,main.py,conda,local
65f4e2d4f43f4c60b0f9c15a5d24c5f7,441869507881142858,FINISHED,/data/d1/ts_archive/results/441869507881142858/65f4e2d4f43f4c60b0f9c15a5d24c5f7/artifacts,2025-12-22 12:48:38.717000+00:00,2025-12-22 12:49:28.526000+00:00,0.010928000996143149,768.0,73166.0,4096.0,0.45143426341020065,155.72401419503987,15016.0,0.43486335888207783,0.4345263157894737,15016.0,0.4224637511205182,0.4467269042110668,0.6444288725033402,10278.91382061744,0.4345263157894737,4.522307877216423e-05,40.180988430045545,102.7891382061744,0.40180988430045544,76584.0,,,,,,,,,,,,,64,41978,,56228,-1,Hydra,XRF,/data/d1/ts_archive/datasets,1234,USCActivity,20,12,9,200,0.8,entropy,8,100,1,0.001,PyTorch 2.9.0+cu128,100,0.5,8,0.1,False,13th Gen Intel(R) Core(TM) i9-13900K,0.01,32,6,/data/d1/ts_archive/results/441869507881142858/65f4e2d4f43f4c60b0f9c15a5d24c5f7/artifacts,,https://github.com/ANON2/TS_Archive.git,ANON1,likeable-hound-327,2ba81db4ea05c65817b596ef2f113e084de3fbd8,file:///home/ANON1/repos/TS_Archive-1#ts_archive_experiments,PROJECT,main.py,conda,local
b46e25003dc14ae396ef01406e221651,441869507881142858,FINISHED,/data/d1/ts_archive/results/441869507881142858/b46e25003dc14ae396ef01406e221651/artifacts,2025-12-22 12:47:47.658000+00:00,2025-12-22 12:48:37.787000+00:00,0.040585190833187366,,318925.0,,0.6400897585597558,578.33896937292,,0.6260910032435325,0.6263157894736842,76584.0,0.6225563802389755,0.6642477993101231,2.201629695482552,9673.38616304952,0.6263157894736842,0.0001545003295075475,37.889388361014426,96.7338616304952,0.37889388361014426,,,,,,,,,,,,,,64,41978,,56228,-1,Hydra,XRF,/data/d1/ts_archive/datasets,1234,USCActivity,20,12,9,200,0.0,entropy,8,100,1,0.001,PyTorch 2.9.0+cu128,100,0.5,8,0.1,False,13th Gen Intel(R) Core(TM) i9-13900K,0.01,32,6,/data/d1/ts_archive/results/441869507881142858/b46e25003dc14ae396ef01406e221651/artifacts,,https://github.com/ANON2/TS_Archive.git,ANON1,omniscient-kite-592,2ba81db4ea05c65817b596ef2f113e084de3fbd8,file:///home/ANON1/repos/TS_Archive-1#ts_archive_experiments,PROJECT,main.py,conda,local
8fb255a9e64f4e95a9dd6638320058ba,441869507881142858,FINISHED,/data/d1/ts_archive/results/441869507881142858/8fb255a9e64f4e95a9dd6638320058ba/artifacts,2025-12-22 12:46:15.994000+00:00,2025-12-22 12:47:45.047000+00:00,0.005039101471668824,,216215691.0,,0.7632968786789092,71.80719597128073,,0.7576843546285206,0.7916491228070175,1350590.0,0.7902759832882479,0.7964296243612418,0.3357100300490856,19166.14385188776,0.7916491228070175,2.355859859993583e-05,78.37574058491737,191.6614385188776,0.7837574058491736,,6252.0,1456382.0,1350590.0,1956.0,,,,,,,,,64,41978,,56228,-1,Quant,XRF,/data/d1/ts_archive/datasets,1234,USCActivity,20,12,9,200,0.8,entropy,8,100,1,0.001,PyTorch 2.9.0+cu128,100,0.5,8,0.1,False,13th Gen Intel(R) Core(TM) i9-13900K,0.01,65536,6,/data/d1/ts_archive/results/441869507881142858/8fb255a9e64f4e95a9dd6638320058ba/artifacts,,https://github.com/ANON2/TS_Archive.git,ANON1,capricious-bee-207,2ba81db4ea05c65817b596ef2f113e084de3fbd8,file:///home/ANON1/repos/TS_Archive-1#ts_archive_experiments,PROJECT,main.py,conda,local
a73f4dc989804cdb8568c43d1e186824,441869507881142858,FINISHED,/data/d1/ts_archive/results/441869507881142858/a73f4dc989804cdb8568c43d1e186824/artifacts,2025-12-22 12:45:01.313000+00:00,2025-12-22 12:46:14.321000+00:00,0.011535592162859177,,203592669.0,,0.7647759361186947,164.38218832074327,,0.7590662911157658,0.7929824561403509,1271708.0,0.7914732628382762,0.7983757745240049,0.6762650040909648,15500.144744407078,0.7929824561403509,4.745719326954139e-05,62.152105851098895,155.00144744407078,0.6215210585109889,,,,,,,,,,,,,,64,41978,,56228,-1,Quant,XRF,/data/d1/ts_archive/datasets,1234,USCActivity,20,12,9,200,0.0,entropy,8,100,1,0.001,PyTorch 2.9.0+cu128,100,0.5,8,0.1,False,13th Gen Intel(R) Core(TM) i9-13900K,0.01,65536,6,/data/d1/ts_archive/results/441869507881142858/a73f4dc989804cdb8568c43d1e186824/artifacts,,https://github.com/ANON2/TS_Archive.git,ANON1,flawless-cub-663,2ba81db4ea05c65817b596ef2f113e084de3fbd8,file:///home/ANON1/repos/TS_Archive-1#ts_archive_experiments,PROJECT,main.py,conda,local
b21860a5ddc949a8b8b2f45eb073f09c,441869507881142858,FINISHED,/data/d1/ts_archive/results/441869507881142858/b21860a5ddc949a8b8b2f45eb073f09c/artifacts,2025-12-22 12:41:55.377000+00:00,2025-12-22 12:44:58.744000+00:00,0.016634219984086145,,231923663.0,,0.748277414407886,237.03763477322758,,0.7424374177656058,0.775438596491228,1448610.0,0.7740524670205866,0.7853431886835636,0.948088682256639,34630.00312003164,0.775438596491228,6.653253910572906e-05,172.00300456676632,346.30003120031637,1.7200300456676632,,,,,,6252.0,1448610.0,1266.0,1375178.0,4096.0,2034.0,768.0,10348.0,64,41978,,56228,-1,Hydrant,XRF,/data/d1/ts_archive/datasets,1234,USCActivity,20,12,9,200,0.8,entropy,8,100,1,0.001,PyTorch 2.9.0+cu128,100,0.5,8,0.1,False,13th Gen Intel(R) Core(TM) i9-13900K,0.01,65536,6,/data/d1/ts_archive/results/441869507881142858/b21860a5ddc949a8b8b2f45eb073f09c/artifacts,10,https://github.com/ANON2/TS_Archive.git,ANON1,adorable-asp-699,2ba81db4ea05c65817b596ef2f113e084de3fbd8,file:///home/ANON1/repos/TS_Archive-1#ts_archive_experiments,PROJECT,main.py,conda,local
da939d67693d442d8ccc1d674218033d,441869507881142858,FINISHED,/data/d1/ts_archive/results/441869507881142858/da939d67693d442d8ccc1d674218033d/artifacts,2025-12-22 12:39:39.133000+00:00,2025-12-22 12:41:53.611000+00:00,0.0700340340942821,,220231741.0,,0.7853500623500486,997.98498584352,,0.7796479938477813,0.8124210526315789,1375178.0,0.8109225769650228,0.8143805781080542,4.175208763219416,29336.56713925992,0.8124210526315789,0.0002929971061908362,119.90551194548608,293.3656713925992,1.1990551194548609,,,,,,,,,,,,,,64,41978,,56228,-1,Hydrant,XRF,/data/d1/ts_archive/datasets,1234,USCActivity,20,12,9,200,0.0,entropy,8,100,1,0.001,PyTorch 2.9.0+cu128,100,0.5,8,0.1,False,13th Gen Intel(R) Core(TM) i9-13900K,0.01,65536,6,/data/d1/ts_archive/results/441869507881142858/da939d67693d442d8ccc1d674218033d/artifacts,10,https://github.com/ANON2/TS_Archive.git,ANON1,sneaky-goose-692,2ba81db4ea05c65817b596ef2f113e084de3fbd8,file:///home/ANON1/repos/TS_Archive-1#ts_archive_experiments,PROJECT,main.py,conda,local
afc8577ce9d7448ca523529ac1ba30f4,441869507881142858,FINISHED,/data/d1/ts_archive/results/441869507881142858/afc8577ce9d7448ca523529ac1ba30f4/artifacts,2025-12-22 12:38:43.411000+00:00,2025-12-22 12:39:36.506000+00:00,0.01739769691503479,768.0,73476.0,4096.0,0.604674924006493,229.09287297717813,15016.0,0.5987903327992165,0.5977369380315918,15016.0,0.5894349426705142,0.5964869292779472,1.0003550304099915,10874.49535679616,0.5977369380315918,7.596863839687055e-05,43.332411664538085,108.7449535679616,0.43332411664538084,76584.0,,,,,,,,,,,,,64,43060,,56228,-1,Hydra,XRF,/data/d1/ts_archive/datasets,1234,USCActivity,20,12,9,200,0.8,entropy,8,100,0,0.001,PyTorch 2.9.0+cu128,100,0.5,8,0.1,False,13th Gen Intel(R) Core(TM) i9-13900K,0.01,32,6,/data/d1/ts_archive/results/441869507881142858/afc8577ce9d7448ca523529ac1ba30f4/artifacts,,https://github.com/ANON2/TS_Archive.git,ANON1,charming-moth-905,2ba81db4ea05c65817b596ef2f113e084de3fbd8,file:///home/ANON1/repos/TS_Archive-1#ts_archive_experiments,PROJECT,main.py,conda,local
72c915226c824fe299ea5b8c34df5812,441869507881142858,FINISHED,/data/d1/ts_archive/results/441869507881142858/72c915226c824fe299ea5b8c34df5812/artifacts,2025-12-22 12:37:53.232000+00:00,2025-12-22 12:38:42.509000+00:00,0.041168302354684085,,318925.0,,0.7197913518605475,542.10420540648,,0.7088014335913209,0.7058778857837181,76584.0,0.6963873152268553,0.7008284493415785,2.1409611385315657,9268.53998764176,0.7058778857837181,0.00016258817880707515,37.11820211540908,92.68539987641759,0.3711820211540908,,,,,,,,,,,,,,64,43060,,56228,-1,Hydra,XRF,/data/d1/ts_archive/datasets,1234,USCActivity,20,12,9,200,0.0,entropy,8,100,0,0.001,PyTorch 2.9.0+cu128,100,0.5,8,0.1,False,13th Gen Intel(R) Core(TM) i9-13900K,0.01,32,6,/data/d1/ts_archive/results/441869507881142858/72c915226c824fe299ea5b8c34df5812/artifacts,,https://github.com/ANON2/TS_Archive.git,ANON1,unique-slug-853,2ba81db4ea05c65817b596ef2f113e084de3fbd8,file:///home/ANON1/repos/TS_Archive-1#ts_archive_experiments,PROJECT,main.py,conda,local
e570f1dbb9004385839b230922edf10b,441869507881142858,FINISHED,/data/d1/ts_archive/results/441869507881142858/e570f1dbb9004385839b230922edf10b/artifacts,2025-12-22 12:36:21.520000+00:00,2025-12-22 12:37:50.546000+00:00,0.0048210715551519545,,231715540.0,,0.7198188546806912,63.48387023824093,,0.7185172074836341,0.7362545565006076,1447464.0,0.7345020680043809,0.7392298488445269,0.2973291054368019,19238.1962288382,0.7362545565006076,2.2579670826002574e-05,78.20132094994187,192.38196228838197,0.7820132094994188,,6252.0,1508712.0,1447464.0,1938.0,,,,,,,,,64,43060,,56228,-1,Quant,XRF,/data/d1/ts_archive/datasets,1234,USCActivity,20,12,9,200,0.8,entropy,8,100,0,0.001,PyTorch 2.9.0+cu128,100,0.5,8,0.1,False,13th Gen Intel(R) Core(TM) i9-13900K,0.01,65536,6,/data/d1/ts_archive/results/441869507881142858/e570f1dbb9004385839b230922edf10b/artifacts,,https://github.com/ANON2/TS_Archive.git,ANON1,welcoming-roo-880,2ba81db4ea05c65817b596ef2f113e084de3fbd8,file:///home/ANON1/repos/TS_Archive-1#ts_archive_experiments,PROJECT,main.py,conda,local
b036299c5a9844b9afe6cb7f9c90eb15,441869507881142858,FINISHED,/data/d1/ts_archive/results/441869507881142858/b036299c5a9844b9afe6cb7f9c90eb15/artifacts,2025-12-22 12:35:05.482000+00:00,2025-12-22 12:36:19.839000+00:00,0.011371759397549629,,219720669.0,,0.7181277903792392,149.74332774693352,,0.716602867122503,0.7360267314702309,1372508.0,0.7334923893483457,0.7380449498729843,0.6140123279765248,15537.1755632058,0.7360267314702309,4.6629125757634026e-05,63.28066119644791,155.37175563205798,0.6328066119644791,,,,,,,,,,,,,,64,43060,,56228,-1,Quant,XRF,/data/d1/ts_archive/datasets,1234,USCActivity,20,12,9,200,0.0,entropy,8,100,0,0.001,PyTorch 2.9.0+cu128,100,0.5,8,0.1,False,13th Gen Intel(R) Core(TM) i9-13900K,0.01,65536,6,/data/d1/ts_archive/results/441869507881142858/b036299c5a9844b9afe6cb7f9c90eb15/artifacts,,https://github.com/ANON2/TS_Archive.git,ANON1,carefree-snail-465,2ba81db4ea05c65817b596ef2f113e084de3fbd8,file:///home/ANON1/repos/TS_Archive-1#ts_archive_experiments,PROJECT,main.py,conda,local
a5389e45255f4367a735c42c4f050007,441869507881142858,FINISHED,/data/d1/ts_archive/results/441869507881142858/a5389e45255f4367a735c42c4f050007/artifacts,2025-12-22 12:31:55.166000+00:00,2025-12-22 12:35:02.744000+00:00,0.015450409997219057,,247912783.0,,0.7284757978691697,203.45099884338055,,0.7251864501240969,0.7415704738760632,1548542.0,0.7387962528088557,0.746159420778355,0.8370442138984799,35698.95207053244,0.7415704738760632,6.356654115267922e-05,176.06345226522535,356.98952070532437,1.7606345226522535,,,,,,6252.0,1548542.0,1284.0,1416294.0,4096.0,2052.0,768.0,10348.0,64,43060,,56228,-1,Hydrant,XRF,/data/d1/ts_archive/datasets,1234,USCActivity,20,12,9,200,0.8,entropy,8,100,0,0.001,PyTorch 2.9.0+cu128,100,0.5,8,0.1,False,13th Gen Intel(R) Core(TM) i9-13900K,0.01,65536,6,/data/d1/ts_archive/results/441869507881142858/a5389e45255f4367a735c42c4f050007/artifacts,10,https://github.com/ANON2/TS_Archive.git,ANON1,secretive-whale-954,2ba81db4ea05c65817b596ef2f113e084de3fbd8,file:///home/ANON1/repos/TS_Archive-1#ts_archive_experiments,PROJECT,main.py,conda,local
512a215c68094df0aaf15ec74c31f411,441869507881142858,FINISHED,/data/d1/ts_archive/results/441869507881142858/512a215c68094df0aaf15ec74c31f411/artifacts,2025-12-22 12:29:36.955000+00:00,2025-12-22 12:31:53.410000+00:00,0.06811825162893681,,226810301.0,,0.732341439976777,896.9811374498399,,0.7297511201916316,0.7487849331713244,1416294.0,0.7459514244306118,0.7521895490888217,3.5921806702390318,29489.509893389397,0.7487849331713244,0.0002727962234385656,121.6822180300951,294.89509893389396,1.216822180300951,,,,,,,,,,,,,,64,43060,,56228,-1,Hydrant,XRF,/data/d1/ts_archive/datasets,1234,USCActivity,20,12,9,200,0.0,entropy,8,100,0,0.001,PyTorch 2.9.0+cu128,100,0.5,8,0.1,False,13th Gen Intel(R) Core(TM) i9-13900K,0.01,65536,6,/data/d1/ts_archive/results/441869507881142858/512a215c68094df0aaf15ec74c31f411/artifacts,10,https://github.com/ANON2/TS_Archive.git,ANON1,dazzling-lynx-804,2ba81db4ea05c65817b596ef2f113e084de3fbd8,file:///home/ANON1/repos/TS_Archive-1#ts_archive_experiments,PROJECT,main.py,conda,local
6b8deaeb29634697ae7d54edcd710f62,441869507881142858,FINISHED,/data/d1/ts_archive/results/441869507881142858/6b8deaeb29634697ae7d54edcd710f62/artifacts,2025-12-22 12:25:59.745000+00:00,2025-12-22 12:29:34.520000+00:00,0.06262323675274799,1344.0,106409.0,7168.0,0.7642,626.2323675274799,23106.0,0.7625014719244467,0.7642,23106.0,0.7625014719244467,0.7623235940225126,2.048222990706563,51785.20301555556,0.7642,0.0002048222990706563,202.57812193408608,517.8520301555557,2.025781219340861,119202.0,,,,,,,,,,,,,64,40000,,50000,-1,Hydra,XRF,/data/d1/ts_archive/datasets,1234,InsectSound,20,10,9,200,0.8,entropy,8,600,2,0.001,PyTorch 2.9.0+cu128,100,0.5,8,0.1,False,13th Gen Intel(R) Core(TM) i9-13900K,0.01,32,1,/data/d1/ts_archive/results/441869507881142858/6b8deaeb29634697ae7d54edcd710f62/artifacts,,https://github.com/ANON2/TS_Archive.git,ANON1,rambunctious-yak-896,2ba81db4ea05c65817b596ef2f113e084de3fbd8,file:///home/ANON1/repos/TS_Archive-1#ts_archive_experiments,PROJECT,main.py,conda,local
abf752a2f98c4af99134fdcba8d859d9,441869507881142858,FINISHED,/data/d1/ts_archive/results/441869507881142858/abf752a2f98c4af99134fdcba8d859d9/artifacts,2025-12-22 12:22:27.437000+00:00,2025-12-22 12:25:58.044000+00:00,0.43428603011706,,489933.0,,0.8026,4342.8603011706,,0.8022635101202006,0.8026,119202.0,0.8022635101202006,0.8022671949625764,16.078982553444803,48034.77193743804,0.8026,0.0016078982553444803,184.3076062873006,480.3477193743804,1.8430760628730058,,,,,,,,,,,,,,64,40000,,50000,-1,Hydra,XRF,/data/d1/ts_archive/datasets,1234,InsectSound,20,10,9,200,0.0,entropy,8,600,2,0.001,PyTorch 2.9.0+cu128,100,0.5,8,0.1,False,13th Gen Intel(R) Core(TM) i9-13900K,0.01,32,1,/data/d1/ts_archive/results/441869507881142858/abf752a2f98c4af99134fdcba8d859d9/artifacts,,https://github.com/ANON2/TS_Archive.git,ANON1,resilient-fox-730,2ba81db4ea05c65817b596ef2f113e084de3fbd8,file:///home/ANON1/repos/TS_Archive-1#ts_archive_experiments,PROJECT,main.py,conda,local
2bf1084198f54aada341059f4b18f822,441869507881142858,FINISHED,/data/d1/ts_archive/results/441869507881142858/2bf1084198f54aada341059f4b18f822/artifacts,2025-12-22 12:21:15.738000+00:00,2025-12-22 12:22:24.793000+00:00,0.0034067324376798533,,514877625.0,,0.7482999999999999,34.06732437679853,,0.746465926873779,0.7483,3574730.0,0.746465926873779,0.7470218618700235,0.1664740368723869,14188.03602207876,0.7483,1.6647403687238692e-05,58.23180493246764,141.8803602207876,0.5823180493246763,,5470.0,3254094.0,3574730.0,736.0,,,,,,,,,64,40000,,50000,-1,Quant,XRF,/data/d1/ts_archive/datasets,1234,InsectSound,20,10,9,200,0.8,entropy,8,600,2,0.001,PyTorch 2.9.0+cu128,100,0.5,8,0.1,False,13th Gen Intel(R) Core(TM) i9-13900K,0.01,65536,1,/data/d1/ts_archive/results/441869507881142858/2bf1084198f54aada341059f4b18f822/artifacts,,https://github.com/ANON2/TS_Archive.git,ANON1,delicate-bat-112,2ba81db4ea05c65817b596ef2f113e084de3fbd8,file:///home/ANON1/repos/TS_Archive-1#ts_archive_experiments,PROJECT,main.py,conda,local
a63805f83c7045a18b5db9e68e935d8e,441869507881142858,FINISHED,/data/d1/ts_archive/results/441869507881142858/a63805f83c7045a18b5db9e68e935d8e/artifacts,2025-12-22 12:20:08.853000+00:00,2025-12-22 12:21:14.093000+00:00,0.015505072995009675,,436979503.0,,0.7773000000000001,155.05072995009675,,0.7758251583184537,0.7773,3033784.0,0.7758251583184537,0.7759169283360011,0.6280666356906295,13245.37729328844,0.7773,6.280666356906295e-05,53.76157062314451,132.4537729328844,0.5376157062314451,,,,,,,,,,,,,,64,40000,,50000,-1,Quant,XRF,/data/d1/ts_archive/datasets,1234,InsectSound,20,10,9,200,0.0,entropy,8,600,2,0.001,PyTorch 2.9.0+cu128,100,0.5,8,0.1,False,13th Gen Intel(R) Core(TM) i9-13900K,0.01,65536,1,/data/d1/ts_archive/results/441869507881142858/a63805f83c7045a18b5db9e68e935d8e/artifacts,,https://github.com/ANON2/TS_Archive.git,ANON1,worried-squirrel-618,2ba81db4ea05c65817b596ef2f113e084de3fbd8,file:///home/ANON1/repos/TS_Archive-1#ts_archive_experiments,PROJECT,main.py,conda,local
f16968cce263459089268f78a312ef7f,441869507881142858,FINISHED,/data/d1/ts_archive/results/441869507881142858/f16968cce263459089268f78a312ef7f/artifacts,2025-12-22 12:14:41.057000+00:00,2025-12-22 12:20:06.204000+00:00,0.123490973833164,,520681926.0,,0.7565000000000001,1234.90973833164,,0.7550706995440724,0.7565,3614786.0,0.7550706995440724,0.7549115384097873,5.212260198779404,63623.03924452932,0.7565,0.0005212260198779404,308.5645467489958,636.2303924452932,3.085645467489958,,,,,,5470.0,3614786.0,1383.0,2599464.0,7168.0,2727.0,1344.0,12638.0,64,40000,,50000,-1,Hydrant,XRF,/data/d1/ts_archive/datasets,1234,InsectSound,20,10,9,200,0.8,entropy,8,600,2,0.001,PyTorch 2.9.0+cu128,100,0.5,8,0.1,False,13th Gen Intel(R) Core(TM) i9-13900K,0.01,65536,1,/data/d1/ts_archive/results/441869507881142858/f16968cce263459089268f78a312ef7f/artifacts,10,https://github.com/ANON2/TS_Archive.git,ANON1,dashing-jay-136,2ba81db4ea05c65817b596ef2f113e084de3fbd8,file:///home/ANON1/repos/TS_Archive-1#ts_archive_experiments,PROJECT,main.py,conda,local
7a7d5809b5134f0ebab03eea9c9fdcf9,441869507881142858,FINISHED,/data/d1/ts_archive/results/441869507881142858/7a7d5809b5134f0ebab03eea9c9fdcf9/artifacts,2025-12-22 12:10:14.505000+00:00,2025-12-22 12:14:39.358000+00:00,0.5328904993744681,,374577615.0,,0.7896,5328.904993744681,,0.7882938577248245,0.7896,2599464.0,0.7882938577248246,0.7881464317324415,23.38117790222168,51960.94750610316,0.7896,0.002338117790222168,230.6394589412957,519.6094750610316,2.3063945894129567,,,,,,,,,,,,,,64,40000,,50000,-1,Hydrant,XRF,/data/d1/ts_archive/datasets,1234,InsectSound,20,10,9,200,0.0,entropy,8,600,2,0.001,PyTorch 2.9.0+cu128,100,0.5,8,0.1,False,13th Gen Intel(R) Core(TM) i9-13900K,0.01,65536,1,/data/d1/ts_archive/results/441869507881142858/7a7d5809b5134f0ebab03eea9c9fdcf9/artifacts,10,https://github.com/ANON2/TS_Archive.git,ANON1,legendary-sheep-665,2ba81db4ea05c65817b596ef2f113e084de3fbd8,file:///home/ANON1/repos/TS_Archive-1#ts_archive_experiments,PROJECT,main.py,conda,local
feea6207495d4038afd6166104483b33,441869507881142858,FINISHED,/data/d1/ts_archive/results/441869507881142858/feea6207495d4038afd6166104483b33/artifacts,2025-12-22 12:06:39.595000+00:00,2025-12-22 12:10:11.883000+00:00,0.061651884379644,1344.0,106409.0,7168.0,0.7657,616.51884379644,23106.0,0.7643741401639359,0.7657,23106.0,0.7643741401639358,0.7643343814115724,1.9498447300866248,51670.57198569192,0.7657,0.00019498447300866247,199.8763273507357,516.7057198569191,1.9987632735073568,119202.0,,,,,,,,,,,,,64,40000,,50000,-1,Hydra,XRF,/data/d1/ts_archive/datasets,1234,InsectSound,20,10,9,200,0.8,entropy,8,600,1,0.001,PyTorch 2.9.0+cu128,100,0.5,8,0.1,False,13th Gen Intel(R) Core(TM) i9-13900K,0.01,32,1,/data/d1/ts_archive/results/441869507881142858/feea6207495d4038afd6166104483b33/artifacts,,https://github.com/ANON2/TS_Archive.git,ANON1,intrigued-shark-236,2ba81db4ea05c65817b596ef2f113e084de3fbd8,file:///home/ANON1/repos/TS_Archive-1#ts_archive_experiments,PROJECT,main.py,conda,local
e03be8236fdd45d99a0a8724086bb1a4,441869507881142858,FINISHED,/data/d1/ts_archive/results/441869507881142858/e03be8236fdd45d99a0a8724086bb1a4/artifacts,2025-12-22 12:03:12.046000+00:00,2025-12-22 12:06:37.824000+00:00,0.387396319687524,,489933.0,,0.7961,3873.96319687524,,0.7958164005235844,0.7961,119202.0,0.7958164005235845,0.7957503321115769,14.555989004671574,47334.20897990556,0.7961,0.0014555989004671574,181.2198005123064,473.3420897990556,1.812198005123064,,,,,,,,,,,,,,64,40000,,50000,-1,Hydra,XRF,/data/d1/ts_archive/datasets,1234,InsectSound,20,10,9,200,0.0,entropy,8,600,1,0.001,PyTorch 2.9.0+cu128,100,0.5,8,0.1,False,13th Gen Intel(R) Core(TM) i9-13900K,0.01,32,1,/data/d1/ts_archive/results/441869507881142858/e03be8236fdd45d99a0a8724086bb1a4/artifacts,,https://github.com/ANON2/TS_Archive.git,ANON1,unique-skink-34,2ba81db4ea05c65817b596ef2f113e084de3fbd8,file:///home/ANON1/repos/TS_Archive-1#ts_archive_experiments,PROJECT,main.py,conda,local
d50858325ceb40e0bb30e7beb830bef4,441869507881142858,FINISHED,/data/d1/ts_archive/results/441869507881142858/d50858325ceb40e0bb30e7beb830bef4/artifacts,2025-12-22 12:01:59.824000+00:00,2025-12-22 12:03:09.436000+00:00,0.003579759524339891,,514912185.0,,0.7447999999999999,35.79759524339891,,0.7433160945547272,0.7448,3574970.0,0.7433160945547271,0.7438373413527026,0.1825589593499899,14425.028628969241,0.7448,1.8255895934998988e-05,58.20703662931919,144.2502862896924,0.5820703662931919,,5470.0,3247794.0,3574970.0,743.0,,,,,,,,,64,40000,,50000,-1,Quant,XRF,/data/d1/ts_archive/datasets,1234,InsectSound,20,10,9,200,0.8,entropy,8,600,1,0.001,PyTorch 2.9.0+cu128,100,0.5,8,0.1,False,13th Gen Intel(R) Core(TM) i9-13900K,0.01,65536,1,/data/d1/ts_archive/results/441869507881142858/d50858325ceb40e0bb30e7beb830bef4/artifacts,,https://github.com/ANON2/TS_Archive.git,ANON1,skittish-mouse-59,2ba81db4ea05c65817b596ef2f113e084de3fbd8,file:///home/ANON1/repos/TS_Archive-1#ts_archive_experiments,PROJECT,main.py,conda,local
c885d98a03364d29a2943b72202f0daa,441869507881142858,FINISHED,/data/d1/ts_archive/results/441869507881142858/c885d98a03364d29a2943b72202f0daa/artifacts,2025-12-22 12:00:52.421000+00:00,2025-12-22 12:01:58.011000+00:00,0.01566516380386379,,435678895.0,,0.7703,156.6516380386379,,0.7690156044754761,0.7703,3024752.0,0.7690156044754761,0.7693886898443322,0.637588907033205,13018.642902169919,0.7703,6.37588907033205e-05,54.17184035573155,130.18642902169918,0.5417184035573155,,,,,,,,,,,,,,64,40000,,50000,-1,Quant,XRF,/data/d1/ts_archive/datasets,1234,InsectSound,20,10,9,200,0.0,entropy,8,600,1,0.001,PyTorch 2.9.0+cu128,100,0.5,8,0.1,False,13th Gen Intel(R) Core(TM) i9-13900K,0.01,65536,1,/data/d1/ts_archive/results/441869507881142858/c885d98a03364d29a2943b72202f0daa/artifacts,,https://github.com/ANON2/TS_Archive.git,ANON1,valuable-grouse-907,2ba81db4ea05c65817b596ef2f113e084de3fbd8,file:///home/ANON1/repos/TS_Archive-1#ts_archive_experiments,PROJECT,main.py,conda,local
55ffe6e31c1c41c7bd5edd24714c314b,441869507881142858,FINISHED,/data/d1/ts_archive/results/441869507881142858/55ffe6e31c1c41c7bd5edd24714c314b/artifacts,2025-12-22 11:55:22.494000+00:00,2025-12-22 12:00:49.735000+00:00,0.125369315060976,,520028742.0,,0.7436999999999999,1253.69315060976,,0.7420184164189415,0.7437,3610250.0,0.7420184164189414,0.7421157912574563,5.332255095243454,63012.3817200498,0.7437,0.0005332255095243454,310.9802333507687,630.123817200498,3.109802333507687,,,,,,5470.0,3610250.0,1357.0,2587526.0,7168.0,2701.0,1344.0,12638.0,64,40000,,50000,-1,Hydrant,XRF,/data/d1/ts_archive/datasets,1234,InsectSound,20,10,9,200,0.8,entropy,8,600,1,0.001,PyTorch 2.9.0+cu128,100,0.5,8,0.1,False,13th Gen Intel(R) Core(TM) i9-13900K,0.01,65536,1,/data/d1/ts_archive/results/441869507881142858/55ffe6e31c1c41c7bd5edd24714c314b/artifacts,10,https://github.com/ANON2/TS_Archive.git,ANON1,learned-flea-539,2ba81db4ea05c65817b596ef2f113e084de3fbd8,file:///home/ANON1/repos/TS_Archive-1#ts_archive_experiments,PROJECT,main.py,conda,local
f20e537a7a764f2e981773a3bddf987e,441869507881142858,FINISHED,/data/d1/ts_archive/results/441869507881142858/f20e537a7a764f2e981773a3bddf987e/artifacts,2025-12-22 11:50:54.911000+00:00,2025-12-22 11:55:20.823000+00:00,0.5357231481047761,,372858543.0,,0.7882000000000001,5357.23148104776,,0.7870774754732193,0.7882,2587526.0,0.7870774754732194,0.7869406737409517,23.78504724893719,51737.13087381504,0.7882,0.002378504724893719,230.5474848859012,517.3713087381504,2.305474848859012,,,,,,,,,,,,,,64,40000,,50000,-1,Hydrant,XRF,/data/d1/ts_archive/datasets,1234,InsectSound,20,10,9,200,0.0,entropy,8,600,1,0.001,PyTorch 2.9.0+cu128,100,0.5,8,0.1,False,13th Gen Intel(R) Core(TM) i9-13900K,0.01,65536,1,/data/d1/ts_archive/results/441869507881142858/f20e537a7a764f2e981773a3bddf987e/artifacts,10,https://github.com/ANON2/TS_Archive.git,ANON1,rare-toad-186,2ba81db4ea05c65817b596ef2f113e084de3fbd8,file:///home/ANON1/repos/TS_Archive-1#ts_archive_experiments,PROJECT,main.py,conda,local
d14075d4adf645bc8dd63ccbcdeb9389,441869507881142858,FINISHED,/data/d1/ts_archive/results/441869507881142858/d14075d4adf645bc8dd63ccbcdeb9389/artifacts,2025-12-22 11:47:27.227000+00:00,2025-12-22 11:50:52.262000+00:00,0.06430023062953201,1344.0,106423.0,7168.0,0.7758999999999999,643.0023062953201,23106.0,0.7743171849140864,0.7759,23106.0,0.7743171849140863,0.7739670919670744,2.5842844136059284,49647.70911510072,0.7759,0.0002584284413605928,192.3084918707609,496.4770911510072,1.923084918707609,119202.0,,,,,,,,,,,,,64,40000,,50000,-1,Hydra,XRF,/data/d1/ts_archive/datasets,1234,InsectSound,20,10,9,200,0.8,entropy,8,600,0,0.001,PyTorch 2.9.0+cu128,100,0.5,8,0.1,False,13th Gen Intel(R) Core(TM) i9-13900K,0.01,32,1,/data/d1/ts_archive/results/441869507881142858/d14075d4adf645bc8dd63ccbcdeb9389/artifacts,,https://github.com/ANON2/TS_Archive.git,ANON1,languid-hawk-2,2ba81db4ea05c65817b596ef2f113e084de3fbd8,file:///home/ANON1/repos/TS_Archive-1#ts_archive_experiments,PROJECT,main.py,conda,local
e225f49d4fe2495cbc26b7f5ace2a6dc,441869507881142858,FINISHED,/data/d1/ts_archive/results/441869507881142858/e225f49d4fe2495cbc26b7f5ace2a6dc/artifacts,2025-12-22 11:44:09.034000+00:00,2025-12-22 11:47:25.465000+00:00,0.358256109116736,,489933.0,,0.8106,3582.5610911673602,,0.8104020574229175,0.8106,119202.0,0.8104020574229176,0.8103970523567241,13.276452557183802,45373.59010209744,0.8106,0.0013276452557183802,173.03298944048584,453.73590102097444,1.7303298944048584,,,,,,,,,,,,,,64,40000,,50000,-1,Hydra,XRF,/data/d1/ts_archive/datasets,1234,InsectSound,20,10,9,200,0.0,entropy,8,600,0,0.001,PyTorch 2.9.0+cu128,100,0.5,8,0.1,False,13th Gen Intel(R) Core(TM) i9-13900K,0.01,32,1,/data/d1/ts_archive/results/441869507881142858/e225f49d4fe2495cbc26b7f5ace2a6dc/artifacts,,https://github.com/ANON2/TS_Archive.git,ANON1,respected-pug-654,2ba81db4ea05c65817b596ef2f113e084de3fbd8,file:///home/ANON1/repos/TS_Archive-1#ts_archive_experiments,PROJECT,main.py,conda,local
ff915d191c094cfdbdb27efd31709442,441869507881142858,FINISHED,/data/d1/ts_archive/results/441869507881142858/ff915d191c094cfdbdb27efd31709442/artifacts,2025-12-22 11:42:57.230000+00:00,2025-12-22 11:44:06.446000+00:00,0.0031572058870760283,,515816505.0,,0.749,31.572058870760284,,0.7474651653852129,0.749,3581250.0,0.7474651653852128,0.7482208364465408,0.1763852275907993,14128.795710753478,0.749,1.763852275907993e-05,58.24510803259909,141.2879571075348,0.5824510803259909,,5470.0,3268106.0,3581250.0,738.0,,,,,,,,,64,40000,,50000,-1,Quant,XRF,/data/d1/ts_archive/datasets,1234,InsectSound,20,10,9,200,0.8,entropy,8,600,0,0.001,PyTorch 2.9.0+cu128,100,0.5,8,0.1,False,13th Gen Intel(R) Core(TM) i9-13900K,0.01,65536,1,/data/d1/ts_archive/results/441869507881142858/ff915d191c094cfdbdb27efd31709442/artifacts,,https://github.com/ANON2/TS_Archive.git,ANON1,glamorous-hen-719,2ba81db4ea05c65817b596ef2f113e084de3fbd8,file:///home/ANON1/repos/TS_Archive-1#ts_archive_experiments,PROJECT,main.py,conda,local
d4f3acc94b7f410db943a96d70fbda3f,441869507881142858,FINISHED,/data/d1/ts_archive/results/441869507881142858/d4f3acc94b7f410db943a96d70fbda3f/artifacts,2025-12-22 11:41:49.891000+00:00,2025-12-22 11:42:55.463000+00:00,0.015423314400067173,,438913711.0,,0.7773,154.23314400067173,,0.7758176209281376,0.7773,3047216.0,0.7758176209281373,0.776194793155797,0.6548528671264648,13711.333941286919,0.7773,6.548528671264649e-05,54.02852969616652,137.11333941286918,0.5402852969616653,,,,,,,,,,,,,,64,40000,,50000,-1,Quant,XRF,/data/d1/ts_archive/datasets,1234,InsectSound,20,10,9,200,0.0,entropy,8,600,0,0.001,PyTorch 2.9.0+cu128,100,0.5,8,0.1,False,13th Gen Intel(R) Core(TM) i9-13900K,0.01,65536,1,/data/d1/ts_archive/results/441869507881142858/d4f3acc94b7f410db943a96d70fbda3f/artifacts,,https://github.com/ANON2/TS_Archive.git,ANON1,powerful-fish-713,2ba81db4ea05c65817b596ef2f113e084de3fbd8,file:///home/ANON1/repos/TS_Archive-1#ts_archive_experiments,PROJECT,main.py,conda,local
81864f2e4638493dba0cff14513d7019,441869507881142858,FINISHED,/data/d1/ts_archive/results/441869507881142858/81864f2e4638493dba0cff14513d7019/artifacts,2025-12-22 11:36:24.265000+00:00,2025-12-22 11:41:47.320000+00:00,0.12401148151274399,,523432031.0,,0.7582000000000001,1240.11481512744,,0.7568024535182365,0.7582,3633884.0,0.7568024535182365,0.7565438608434272,5.234049113467336,63296.876732590434,0.7582,0.0005234049113467335,306.99462062492967,632.9687673259043,3.0699462062492966,,,,,,5470.0,3633884.0,1327.0,2613598.0,7168.0,2671.0,1344.0,12638.0,64,40000,,50000,-1,Hydrant,XRF,/data/d1/ts_archive/datasets,1234,InsectSound,20,10,9,200,0.8,entropy,8,600,0,0.001,PyTorch 2.9.0+cu128,100,0.5,8,0.1,False,13th Gen Intel(R) Core(TM) i9-13900K,0.01,65536,1,/data/d1/ts_archive/results/441869507881142858/81864f2e4638493dba0cff14513d7019/artifacts,10,https://github.com/ANON2/TS_Archive.git,ANON1,amazing-slug-890,2ba81db4ea05c65817b596ef2f113e084de3fbd8,file:///home/ANON1/repos/TS_Archive-1#ts_archive_experiments,PROJECT,main.py,conda,local
a4846c4c7b2b482bab040ebfcbea5399,441869507881142858,FINISHED,/data/d1/ts_archive/results/441869507881142858/a4846c4c7b2b482bab040ebfcbea5399/artifacts,2025-12-22 11:31:58.755000+00:00,2025-12-22 11:36:22.494000+00:00,0.53799770922948,,376612911.0,,0.7937,5379.9770922948,,0.7921918399124814,0.7937,2613598.0,0.7921918399124814,0.7918699332953595,23.73862489685416,52560.55326516444,0.7937,0.002373862489685416,229.44618178717792,525.6055326516444,2.2944618178717793,,,,,,,,,,,,,,64,40000,,50000,-1,Hydrant,XRF,/data/d1/ts_archive/datasets,1234,InsectSound,20,10,9,200,0.0,entropy,8,600,0,0.001,PyTorch 2.9.0+cu128,100,0.5,8,0.1,False,13th Gen Intel(R) Core(TM) i9-13900K,0.01,65536,1,/data/d1/ts_archive/results/441869507881142858/a4846c4c7b2b482bab040ebfcbea5399/artifacts,10,https://github.com/ANON2/TS_Archive.git,ANON1,gentle-croc-917,2ba81db4ea05c65817b596ef2f113e084de3fbd8,file:///home/ANON1/repos/TS_Archive-1#ts_archive_experiments,PROJECT,main.py,conda,local
24f581652bbb4436a76bebb0daeeba34,441869507881142858,FINISHED,/data/d1/ts_archive/results/441869507881142858/24f581652bbb4436a76bebb0daeeba34/artifacts,2025-12-22 11:31:21.563000+00:00,2025-12-22 11:31:56.233000+00:00,0.005356604955407096,384.0,39014.0,2048.0,0.5546801978572748,106.08756114183754,6623.0,0.543161546007059,0.7077000757384498,6623.0,0.6946381115345829,0.7091625249984396,0.5034593110904098,5858.6959381734005,0.7077000757384498,2.5420818535239067e-05,25.456442713737488,58.586959381734005,0.25456442713737487,32415.0,,,,,,,,,,,,,64,79882,,99687,-1,Hydra,XRF,/data/d1/ts_archive/datasets,1234,Tiselac,20,9,9,200,0.8,entropy,8,23,2,0.001,PyTorch 2.9.0+cu128,100,0.5,8,0.1,False,13th Gen Intel(R) Core(TM) i9-13900K,0.01,32,10,/data/d1/ts_archive/results/441869507881142858/24f581652bbb4436a76bebb0daeeba34/artifacts,,https://github.com/ANON2/TS_Archive.git,ANON1,lyrical-bear-62,2ba81db4ea05c65817b596ef2f113e084de3fbd8,file:///home/ANON1/repos/TS_Archive-1#ts_archive_experiments,PROJECT,main.py,conda,local
a3b3cc026fec4806bcae6c0b66aca13f,441869507881142858,FINISHED,/data/d1/ts_archive/results/441869507881142858/a3b3cc026fec4806bcae6c0b66aca13f/artifacts,2025-12-22 11:30:48.912000+00:00,2025-12-22 11:31:20.707000+00:00,0.011074361273442536,,141773.0,,0.5900291914856693,219.3277250205294,,0.5834056308118687,0.7341075485988386,32415.0,0.725894539559648,0.7332406621892543,0.919861895032227,4911.7414494834,0.7341075485988386,4.64459426928668e-05,21.04040422290564,49.117414494834,0.2104040422290564,,,,,,,,,,,,,,64,79882,,99687,-1,Hydra,XRF,/data/d1/ts_archive/datasets,1234,Tiselac,20,9,9,200,0.0,entropy,8,23,2,0.001,PyTorch 2.9.0+cu128,100,0.5,8,0.1,False,13th Gen Intel(R) Core(TM) i9-13900K,0.01,32,10,/data/d1/ts_archive/results/441869507881142858/a3b3cc026fec4806bcae6c0b66aca13f/artifacts,,https://github.com/ANON2/TS_Archive.git,ANON1,crawling-wren-665,2ba81db4ea05c65817b596ef2f113e084de3fbd8,file:///home/ANON1/repos/TS_Archive-1#ts_archive_experiments,PROJECT,main.py,conda,local
fae3feccfe744ca88bccef6c46b9f948,441869507881142858,FINISHED,/data/d1/ts_archive/results/441869507881142858/fae3feccfe744ca88bccef6c46b9f948/artifacts,2025-12-22 11:30:01.462000+00:00,2025-12-22 11:30:46.523000+00:00,0.001242818419582997,,474424407.0,,0.6125607340176416,24.614018799841254,,0.6004127018952068,0.76137339055794,3487646.0,0.7404748209793891,0.754940233085574,0.1593183390796184,8572.10067955836,0.76137339055794,8.044349360243291e-06,35.39948898367584,85.7210067955836,0.35399488983675836,,2040.0,2790026.0,3487646.0,400.0,,,,,,,,,64,79882,,99687,-1,Quant,XRF,/data/d1/ts_archive/datasets,1234,Tiselac,20,9,9,200,0.8,entropy,8,23,2,0.001,PyTorch 2.9.0+cu128,100,0.5,8,0.1,False,13th Gen Intel(R) Core(TM) i9-13900K,0.01,65536,10,/data/d1/ts_archive/results/441869507881142858/fae3feccfe744ca88bccef6c46b9f948/artifacts,,https://github.com/ANON2/TS_Archive.git,ANON1,exultant-goat-387,2ba81db4ea05c65817b596ef2f113e084de3fbd8,file:///home/ANON1/repos/TS_Archive-1#ts_archive_experiments,PROJECT,main.py,conda,local
ad6c9127fe4c4af28ff12b51a9a54d22,441869507881142858,FINISHED,/data/d1/ts_archive/results/441869507881142858/ad6c9127fe4c4af28ff12b51a9a54d22/artifacts,2025-12-22 11:29:17.835000+00:00,2025-12-22 11:30:00.468000+00:00,0.0033848097023126064,,363469813.0,,0.6068938256381889,67.03615615430117,,0.6069324686374862,0.7690482201464277,2671808.0,0.7431932139116963,0.7702446137690226,0.2961495714262128,7915.2183790164,0.7690482201464277,1.4953272982893854e-05,31.36770745832473,79.152183790164,0.3136770745832473,,,,,,,,,,,,,,64,79882,,99687,-1,Quant,XRF,/data/d1/ts_archive/datasets,1234,Tiselac,20,9,9,200,0.0,entropy,8,23,2,0.001,PyTorch 2.9.0+cu128,100,0.5,8,0.1,False,13th Gen Intel(R) Core(TM) i9-13900K,0.01,65536,10,/data/d1/ts_archive/results/441869507881142858/ad6c9127fe4c4af28ff12b51a9a54d22/artifacts,,https://github.com/ANON2/TS_Archive.git,ANON1,aged-moth-621,2ba81db4ea05c65817b596ef2f113e084de3fbd8,file:///home/ANON1/repos/TS_Archive-1#ts_archive_experiments,PROJECT,main.py,conda,local
e1f02f97da1f4219b65490ae1a9d3555,441869507881142858,FINISHED,/data/d1/ts_archive/results/441869507881142858/e1f02f97da1f4219b65490ae1a9d3555/artifacts,2025-12-22 11:27:25.070000+00:00,2025-12-22 11:29:15.230000+00:00,0.004453934897440548,,429343532.0,,0.5923453454319956,88.21018064381005,,0.5857174713544575,0.7528401918707397,3156048.0,0.7196554887698593,0.7635813818805521,0.3866565348580479,22447.71653997348,0.7528401918707397,1.9523177725728244e-05,99.06556015554816,224.47716539973482,0.9906556015554816,,,,,,2040.0,3156048.0,470.0,2575602.0,2048.0,854.0,384.0,4088.0,64,79882,,99687,-1,Hydrant,XRF,/data/d1/ts_archive/datasets,1234,Tiselac,20,9,9,200,0.8,entropy,8,23,2,0.001,PyTorch 2.9.0+cu128,100,0.5,8,0.1,False,13th Gen Intel(R) Core(TM) i9-13900K,0.01,65536,10,/data/d1/ts_archive/results/441869507881142858/e1f02f97da1f4219b65490ae1a9d3555/artifacts,4,https://github.com/ANON2/TS_Archive.git,ANON1,thoughtful-robin-815,2ba81db4ea05c65817b596ef2f113e084de3fbd8,file:///home/ANON1/repos/TS_Archive-1#ts_archive_experiments,PROJECT,main.py,conda,local
71bd20f7a8b946208dd4713aadaa7698,441869507881142858,FINISHED,/data/d1/ts_archive/results/441869507881142858/71bd20f7a8b946208dd4713aadaa7698/artifacts,2025-12-22 11:25:53.663000+00:00,2025-12-22 11:27:23.287000+00:00,0.013452198533777963,,350428597.0,,0.5993333759701187,266.42079196147256,,0.5959189798819245,0.7606664983590002,2575602.0,0.7331047693820215,0.7614304295320904,1.1410180972889066,18900.096411285,0.7606664983590002,5.7612627987321714e-05,77.67625865153968,189.00096411285003,0.7767625865153969,,,,,,,,,,,,,,64,79882,,99687,-1,Hydrant,XRF,/data/d1/ts_archive/datasets,1234,Tiselac,20,9,9,200,0.0,entropy,8,23,2,0.001,PyTorch 2.9.0+cu128,100,0.5,8,0.1,False,13th Gen Intel(R) Core(TM) i9-13900K,0.01,65536,10,/data/d1/ts_archive/results/441869507881142858/71bd20f7a8b946208dd4713aadaa7698/artifacts,4,https://github.com/ANON2/TS_Archive.git,ANON1,intelligent-goose-70,2ba81db4ea05c65817b596ef2f113e084de3fbd8,file:///home/ANON1/repos/TS_Archive-1#ts_archive_experiments,PROJECT,main.py,conda,local
2319f3a9192d4825a3e52e53e183da2c,441869507881142858,FINISHED,/data/d1/ts_archive/results/441869507881142858/2319f3a9192d4825a3e52e53e183da2c/artifacts,2025-12-22 11:25:16.002000+00:00,2025-12-22 11:25:51.053000+00:00,0.0039012051254056464,384.0,38863.0,2048.0,0.5291567412055789,78.96429294333569,6623.0,0.5146051644903523,0.669482733066548,6623.0,0.6402277783984998,0.6722768667919937,0.368142913095653,5872.66952921784,0.669482733066548,1.8187980489879602e-05,25.768718750216067,58.7266952921784,0.2576871875021607,32415.0,,,,,,,,,,,,,64,79446,,99687,-1,Hydra,XRF,/data/d1/ts_archive/datasets,1234,Tiselac,20,9,9,200,0.8,entropy,8,23,1,0.001,PyTorch 2.9.0+cu128,100,0.5,8,0.1,False,13th Gen Intel(R) Core(TM) i9-13900K,0.01,32,10,/data/d1/ts_archive/results/441869507881142858/2319f3a9192d4825a3e52e53e183da2c/artifacts,,https://github.com/ANON2/TS_Archive.git,ANON1,bright-fowl-904,2ba81db4ea05c65817b596ef2f113e084de3fbd8,file:///home/ANON1/repos/TS_Archive-1#ts_archive_experiments,PROJECT,main.py,conda,local
3a51f83046b549b6a1d7af6808b539c8,441869507881142858,FINISHED,/data/d1/ts_archive/results/441869507881142858/3a51f83046b549b6a1d7af6808b539c8/artifacts,2025-12-22 11:24:44.804000+00:00,2025-12-22 11:25:15.093000+00:00,0.011426113998910928,,141773.0,,0.5590759358776041,231.27597345195608,,0.5441700174266308,0.7045106467071784,32415.0,0.686119527030481,0.7170352413809427,0.9917114712297916,4604.20623883944,0.7045106467071784,4.899518162293324e-05,19.40915737207979,46.0420623883944,0.19409157372079788,,,,,,,,,,,,,,64,79446,,99687,-1,Hydra,XRF,/data/d1/ts_archive/datasets,1234,Tiselac,20,9,9,200,0.0,entropy,8,23,1,0.001,PyTorch 2.9.0+cu128,100,0.5,8,0.1,False,13th Gen Intel(R) Core(TM) i9-13900K,0.01,32,10,/data/d1/ts_archive/results/441869507881142858/3a51f83046b549b6a1d7af6808b539c8/artifacts,,https://github.com/ANON2/TS_Archive.git,ANON1,languid-shad-570,2ba81db4ea05c65817b596ef2f113e084de3fbd8,file:///home/ANON1/repos/TS_Archive-1#ts_archive_experiments,PROJECT,main.py,conda,local
4b0cc53f560846898943bfe2244c4bcf,441869507881142858,FINISHED,/data/d1/ts_archive/results/441869507881142858/4b0cc53f560846898943bfe2244c4bcf/artifacts,2025-12-22 11:23:57.673000+00:00,2025-12-22 11:24:42.306000+00:00,0.0011338482117944527,,499026807.0,,0.5939921549134932,22.950221654931514,,0.5776133123673559,0.7259028704115409,3668546.0,0.6995534920932551,0.7398001402231461,0.1288579534739256,8499.10609439568,0.7259028704115409,6.366185142726426e-06,34.84031089395285,84.9910609439568,0.34840310893952847,,2040.0,2812978.0,3668546.0,330.0,,,,,,,,,64,79446,,99687,-1,Quant,XRF,/data/d1/ts_archive/datasets,1234,Tiselac,20,9,9,200,0.8,entropy,8,23,1,0.001,PyTorch 2.9.0+cu128,100,0.5,8,0.1,False,13th Gen Intel(R) Core(TM) i9-13900K,0.01,65536,10,/data/d1/ts_archive/results/441869507881142858/4b0cc53f560846898943bfe2244c4bcf/artifacts,,https://github.com/ANON2/TS_Archive.git,ANON1,upset-asp-453,2ba81db4ea05c65817b596ef2f113e084de3fbd8,file:///home/ANON1/repos/TS_Archive-1#ts_archive_experiments,PROJECT,main.py,conda,local
a33df562e1084f0095e0f1807f513265,441869507881142858,FINISHED,/data/d1/ts_archive/results/441869507881142858/a33df562e1084f0095e0f1807f513265/artifacts,2025-12-22 11:23:13.794000+00:00,2025-12-22 11:23:56.784000+00:00,0.0032008881188802813,,366846693.0,,0.5925924312607388,64.78917641425578,,0.5837200880641317,0.7324736920112642,2696638.0,0.7047316171127667,0.7455018340173674,0.2956182202324271,7843.41396592848,0.7324736920112642,1.46049217050752e-05,32.024585355073214,78.4341396592848,0.32024585355073215,,,,,,,,,,,,,,64,79446,,99687,-1,Quant,XRF,/data/d1/ts_archive/datasets,1234,Tiselac,20,9,9,200,0.0,entropy,8,23,1,0.001,PyTorch 2.9.0+cu128,100,0.5,8,0.1,False,13th Gen Intel(R) Core(TM) i9-13900K,0.01,65536,10,/data/d1/ts_archive/results/441869507881142858/a33df562e1084f0095e0f1807f513265/artifacts,,https://github.com/ANON2/TS_Archive.git,ANON1,rambunctious-bat-92,2ba81db4ea05c65817b596ef2f113e084de3fbd8,file:///home/ANON1/repos/TS_Archive-1#ts_archive_experiments,PROJECT,main.py,conda,local
b0680202a9714fe194c156789027e4c8,441869507881142858,FINISHED,/data/d1/ts_archive/results/441869507881142858/b0680202a9714fe194c156789027e4c8/artifacts,2025-12-22 11:21:20.440000+00:00,2025-12-22 11:23:11.176000+00:00,0.004537580875839945,,439182854.0,,0.5725941412972686,91.84517450787632,,0.5638923238174889,0.7201225235907317,3228396.0,0.6890507915734781,0.7335119423479317,0.4026628537103534,22467.20096234412,0.7201225235907317,1.989342689147539e-05,99.62914041429758,224.6720096234412,0.9962914041429758,,,,,,2040.0,3228396.0,470.0,2602332.0,2048.0,854.0,384.0,4088.0,64,79446,,99687,-1,Hydrant,XRF,/data/d1/ts_archive/datasets,1234,Tiselac,20,9,9,200,0.8,entropy,8,23,1,0.001,PyTorch 2.9.0+cu128,100,0.5,8,0.1,False,13th Gen Intel(R) Core(TM) i9-13900K,0.01,65536,10,/data/d1/ts_archive/results/441869507881142858/b0680202a9714fe194c156789027e4c8/artifacts,4,https://github.com/ANON2/TS_Archive.git,ANON1,victorious-stoat-984,2ba81db4ea05c65817b596ef2f113e084de3fbd8,file:///home/ANON1/repos/TS_Archive-1#ts_archive_experiments,PROJECT,main.py,conda,local
40ca26cf57034fd696fd00aa2aaa79ba,441869507881142858,FINISHED,/data/d1/ts_archive/results/441869507881142858/40ca26cf57034fd696fd00aa2aaa79ba/artifacts,2025-12-22 11:19:48.901000+00:00,2025-12-22 11:21:18.802000+00:00,0.013823893472781575,,354063877.0,,0.5869700528329366,279.80942778257185,,0.5793049817048969,0.7276814386640976,2602332.0,0.7001950478211875,0.7432729651448666,1.2248504338786006,18998.91014097708,0.7276814386640976,6.051333599518801e-05,78.14534268341959,189.9891014097708,0.7814534268341958,,,,,,,,,,,,,,64,79446,,99687,-1,Hydrant,XRF,/data/d1/ts_archive/datasets,1234,Tiselac,20,9,9,200,0.0,entropy,8,23,1,0.001,PyTorch 2.9.0+cu128,100,0.5,8,0.1,False,13th Gen Intel(R) Core(TM) i9-13900K,0.01,65536,10,/data/d1/ts_archive/results/441869507881142858/40ca26cf57034fd696fd00aa2aaa79ba/artifacts,4,https://github.com/ANON2/TS_Archive.git,ANON1,bold-lamb-738,2ba81db4ea05c65817b596ef2f113e084de3fbd8,file:///home/ANON1/repos/TS_Archive-1#ts_archive_experiments,PROJECT,main.py,conda,local
f6a95843a8bf4c8fbda51016ee4b0b67,441869507881142858,FINISHED,/data/d1/ts_archive/results/441869507881142858/f6a95843a8bf4c8fbda51016ee4b0b67/artifacts,2025-12-22 11:19:13.541000+00:00,2025-12-22 11:19:46.502000+00:00,0.005316047168451152,384.0,39014.0,2048.0,0.5819115050497801,105.1514129919638,6623.0,0.5742284957783534,0.8049544994944389,6623.0,0.7940724094388076,0.7985442214441918,0.5006658537313342,5521.80809978424,0.8049544994944389,2.5311721624435502e-05,23.694197746925056,55.2180809978424,0.23694197746925055,32415.0,,,,,,,,,,,,,64,79907,,99687,-1,Hydra,XRF,/data/d1/ts_archive/datasets,1234,Tiselac,20,9,9,200,0.8,entropy,8,23,0,0.001,PyTorch 2.9.0+cu128,100,0.5,8,0.1,False,13th Gen Intel(R) Core(TM) i9-13900K,0.01,32,10,/data/d1/ts_archive/results/441869507881142858/f6a95843a8bf4c8fbda51016ee4b0b67/artifacts,,https://github.com/ANON2/TS_Archive.git,ANON1,rare-mule-562,2ba81db4ea05c65817b596ef2f113e084de3fbd8,file:///home/ANON1/repos/TS_Archive-1#ts_archive_experiments,PROJECT,main.py,conda,local
65147e2c571e4d5dae7a4616c16f6366,441869507881142858,FINISHED,/data/d1/ts_archive/results/441869507881142858/65147e2c571e4d5dae7a4616c16f6366/artifacts,2025-12-22 11:18:43.261000+00:00,2025-12-22 11:19:12.674000+00:00,0.01207606279576476,,141773.0,,0.5885029508514017,238.86452210022694,,0.584398908071451,0.7928210313447928,32415.0,0.7813685775297139,0.7911869035428933,1.0243666218593717,4461.966785032199,0.7928210313447928,5.1787999082880266e-05,18.596964423544705,44.619667850321996,0.18596964423544704,,,,,,,,,,,,,,64,79907,,99687,-1,Hydra,XRF,/data/d1/ts_archive/datasets,1234,Tiselac,20,9,9,200,0.0,entropy,8,23,0,0.001,PyTorch 2.9.0+cu128,100,0.5,8,0.1,False,13th Gen Intel(R) Core(TM) i9-13900K,0.01,32,10,/data/d1/ts_archive/results/441869507881142858/65147e2c571e4d5dae7a4616c16f6366/artifacts,,https://github.com/ANON2/TS_Archive.git,ANON1,smiling-goose-117,2ba81db4ea05c65817b596ef2f113e084de3fbd8,file:///home/ANON1/repos/TS_Archive-1#ts_archive_experiments,PROJECT,main.py,conda,local
c22be74af38043a8921540a9fe2ffe31,441869507881142858,FINISHED,/data/d1/ts_archive/results/441869507881142858/c22be74af38043a8921540a9fe2ffe31/artifacts,2025-12-22 11:17:56.688000+00:00,2025-12-22 11:18:40.697000+00:00,0.0011337359804710298,,503882279.0,,0.62026605754945,22.42529769371697,,0.6099395942726299,0.8211324570273003,3704248.0,0.808396646605235,0.8136219852949993,0.1311486633494496,8213.13656379576,0.8211324570273003,6.630367206746694e-06,34.58843535743654,82.1313656379576,0.34588435357436537,,2040.0,2938250.0,3704248.0,360.0,,,,,,,,,64,79907,,99687,-1,Quant,XRF,/data/d1/ts_archive/datasets,1234,Tiselac,20,9,9,200,0.8,entropy,8,23,0,0.001,PyTorch 2.9.0+cu128,100,0.5,8,0.1,False,13th Gen Intel(R) Core(TM) i9-13900K,0.01,65536,10,/data/d1/ts_archive/results/441869507881142858/c22be74af38043a8921540a9fe2ffe31/artifacts,,https://github.com/ANON2/TS_Archive.git,ANON1,orderly-robin-109,2ba81db4ea05c65817b596ef2f113e084de3fbd8,file:///home/ANON1/repos/TS_Archive-1#ts_archive_experiments,PROJECT,main.py,conda,local
cab3105c0ad843a38e3bd4ee10502660,441869507881142858,FINISHED,/data/d1/ts_archive/results/441869507881142858/cab3105c0ad843a38e3bd4ee10502660/artifacts,2025-12-22 11:17:13.476000+00:00,2025-12-22 11:17:55.815000+00:00,0.0032758095906914512,,380361013.0,,0.6332768530714659,64.7955137038769,,0.6287786913293983,0.8334681496461072,2796008.0,0.8207317169555813,0.8312358248387489,0.302735460922122,7821.509528531159,0.8334681496461072,1.530512947027917e-05,31.4252206357196,78.21509528531159,0.31425220635719603,,,,,,,,,,,,,,64,79907,,99687,-1,Quant,XRF,/data/d1/ts_archive/datasets,1234,Tiselac,20,9,9,200,0.0,entropy,8,23,0,0.001,PyTorch 2.9.0+cu128,100,0.5,8,0.1,False,13th Gen Intel(R) Core(TM) i9-13900K,0.01,65536,10,/data/d1/ts_archive/results/441869507881142858/cab3105c0ad843a38e3bd4ee10502660/artifacts,,https://github.com/ANON2/TS_Archive.git,ANON1,zealous-worm-411,2ba81db4ea05c65817b596ef2f113e084de3fbd8,file:///home/ANON1/repos/TS_Archive-1#ts_archive_experiments,PROJECT,main.py,conda,local
b7dacffb5b3249369890a2f81cdaba9f,441869507881142858,FINISHED,/data/d1/ts_archive/results/441869507881142858/b7dacffb5b3249369890a2f81cdaba9f/artifacts,2025-12-22 11:15:20.056000+00:00,2025-12-22 11:17:10.912000+00:00,0.004409817087143327,,447788932.0,,0.6250877551528461,87.22618198369501,,0.616248627523926,0.833417593528817,3291676.0,0.8203459801312107,0.8398134100700575,0.3962300401180982,22230.64707482736,0.833417593528817,2.0031852382108098e-05,99.91254948917776,222.3064707482736,0.9991254948917776,,,,,,2040.0,3291676.0,460.0,2724724.0,2048.0,844.0,384.0,4088.0,64,79907,,99687,-1,Hydrant,XRF,/data/d1/ts_archive/datasets,1234,Tiselac,20,9,9,200,0.8,entropy,8,23,0,0.001,PyTorch 2.9.0+cu128,100,0.5,8,0.1,False,13th Gen Intel(R) Core(TM) i9-13900K,0.01,65536,10,/data/d1/ts_archive/results/441869507881142858/b7dacffb5b3249369890a2f81cdaba9f/artifacts,4,https://github.com/ANON2/TS_Archive.git,ANON1,brawny-horse-741,2ba81db4ea05c65817b596ef2f113e084de3fbd8,file:///home/ANON1/repos/TS_Archive-1#ts_archive_experiments,PROJECT,main.py,conda,local
5fad464a16154ccaafdcc3e3b91c10dc,441869507881142858,FINISHED,/data/d1/ts_archive/results/441869507881142858/5fad464a16154ccaafdcc3e3b91c10dc/artifacts,2025-12-22 11:13:47.471000+00:00,2025-12-22 11:15:18.341000+00:00,0.014044840757666514,,370709189.0,,0.6296858826198747,277.80695018664363,,0.6249013852044096,0.836046511627907,2724724.0,0.8231436431359886,0.8310779834480467,1.2028626697137952,19372.85217788832,0.836046511627907,6.0812066214044244e-05,78.6159676713869,193.7285217788832,0.786159676713869,,,,,,,,,,,,,,64,79907,,99687,-1,Hydrant,XRF,/data/d1/ts_archive/datasets,1234,Tiselac,20,9,9,200,0.0,entropy,8,23,0,0.001,PyTorch 2.9.0+cu128,100,0.5,8,0.1,False,13th Gen Intel(R) Core(TM) i9-13900K,0.01,65536,10,/data/d1/ts_archive/results/441869507881142858/5fad464a16154ccaafdcc3e3b91c10dc/artifacts,4,https://github.com/ANON2/TS_Archive.git,ANON1,dashing-crab-661,2ba81db4ea05c65817b596ef2f113e084de3fbd8,file:///home/ANON1/repos/TS_Archive-1#ts_archive_experiments,PROJECT,main.py,conda,local
3a63af9db5164c7d9db7246d1d89c22d,441869507881142858,FINISHED,/data/d1/ts_archive/results/441869507881142858/3a63af9db5164c7d9db7246d1d89c22d/artifacts,2025-12-22 11:10:50.935000+00:00,2025-12-22 11:13:44.785000+00:00,0.022187752651169554,960.0,52288.0,5120.0,0.9703404362673042,573.68653254864,9773.0,0.9694770903762272,0.9725015470297029,9773.0,0.972522001953835,0.9725909477293737,2.2139515103772283,40091.54778287712,0.9725015470297029,8.56262186872381e-05,161.56350080668926,400.9154778287712,1.6156350080668926,49293.0,,,,,,,,,,,,,64,103424,,129280,-1,Hydra,XRF,/data/d1/ts_archive/datasets,1234,LakeIce,20,3,9,200,0.8,entropy,8,161,2,0.001,PyTorch 2.9.0+cu128,100,0.5,8,0.1,False,13th Gen Intel(R) Core(TM) i9-13900K,0.01,32,1,/data/d1/ts_archive/results/441869507881142858/3a63af9db5164c7d9db7246d1d89c22d/artifacts,,https://github.com/ANON2/TS_Archive.git,ANON1,capricious-vole-872,2ba81db4ea05c65817b596ef2f113e084de3fbd8,file:///home/ANON1/repos/TS_Archive-1#ts_archive_experiments,PROJECT,main.py,conda,local
b6ed18cf82084bb496bedbbf48a901d9,441869507881142858,FINISHED,/data/d1/ts_archive/results/441869507881142858/b6ed18cf82084bb496bedbbf48a901d9/artifacts,2025-12-22 11:08:11.099000+00:00,2025-12-22 11:10:49.258000+00:00,0.06196750572443224,,209357.0,,0.9864011810354381,1602.23182801092,,0.9858264321722586,0.9871983292079208,49293.0,0.9872075543505066,0.9872339769143536,5.61963228136301,35360.00703319284,0.9871983292079208,0.00021734345147598276,142.38728079013526,353.60007033192835,1.4238728079013527,,,,,,,,,,,,,,64,103424,,129280,-1,Hydra,XRF,/data/d1/ts_archive/datasets,1234,LakeIce,20,3,9,200,0.0,entropy,8,161,2,0.001,PyTorch 2.9.0+cu128,100,0.5,8,0.1,False,13th Gen Intel(R) Core(TM) i9-13900K,0.01,32,1,/data/d1/ts_archive/results/441869507881142858/b6ed18cf82084bb496bedbbf48a901d9/artifacts,,https://github.com/ANON2/TS_Archive.git,ANON1,respected-ram-707,2ba81db4ea05c65817b596ef2f113e084de3fbd8,file:///home/ANON1/repos/TS_Archive-1#ts_archive_experiments,PROJECT,main.py,conda,local
9b5ee304371d44f7b6aaa7bafe199057,441869507881142858,FINISHED,/data/d1/ts_archive/results/441869507881142858/9b5ee304371d44f7b6aaa7bafe199057/artifacts,2025-12-22 11:07:36.244000+00:00,2025-12-22 11:08:08.592000+00:00,0.001096488369938694,,66157304.0,,0.9933743148879207,28.350803293134877,,0.9928419931207508,0.993541150990099,750642.0,0.9935463755651197,0.993560212185078,0.1589682511985302,5607.0060842484,0.993541150990099,6.148215160834243e-06,23.051679510623217,56.070060842484,0.23051679510623216,,1652.0,445114.0,750642.0,326.0,,,,,,,,,64,103424,,129280,-1,Quant,XRF,/data/d1/ts_archive/datasets,1234,LakeIce,20,3,9,200,0.8,entropy,8,161,2,0.001,PyTorch 2.9.0+cu128,100,0.5,8,0.1,False,13th Gen Intel(R) Core(TM) i9-13900K,0.01,65536,1,/data/d1/ts_archive/results/441869507881142858/9b5ee304371d44f7b6aaa7bafe199057/artifacts,,https://github.com/ANON2/TS_Archive.git,ANON1,sneaky-smelt-265,2ba81db4ea05c65817b596ef2f113e084de3fbd8,file:///home/ANON1/repos/TS_Archive-1#ts_archive_experiments,PROJECT,main.py,conda,local
4c124cbfb96d418cb89ba60d311a1c1c,441869507881142858,FINISHED,/data/d1/ts_archive/results/441869507881142858/4c124cbfb96d418cb89ba60d311a1c1c/artifacts,2025-12-22 11:07:04.041000+00:00,2025-12-22 11:07:35.362000+00:00,0.004347912770811536,,39095757.0,,0.9976454702888634,112.41963260210306,,0.9974497630446604,0.9976407797029703,443146.0,0.997641446084246,0.9976433302067387,0.508212810382247,4947.38482733496,0.9976407797029703,1.9655507827283684e-05,20.46852324809879,49.4738482733496,0.2046852324809879,,,,,,,,,,,,,,64,103424,,129280,-1,Quant,XRF,/data/d1/ts_archive/datasets,1234,LakeIce,20,3,9,200,0.0,entropy,8,161,2,0.001,PyTorch 2.9.0+cu128,100,0.5,8,0.1,False,13th Gen Intel(R) Core(TM) i9-13900K,0.01,65536,1,/data/d1/ts_archive/results/441869507881142858/4c124cbfb96d418cb89ba60d311a1c1c/artifacts,,https://github.com/ANON2/TS_Archive.git,ANON1,stylish-wasp-910,2ba81db4ea05c65817b596ef2f113e084de3fbd8,file:///home/ANON1/repos/TS_Archive-1#ts_archive_experiments,PROJECT,main.py,conda,local
b892dc4b01fb48d5b84b7539d867a5c8,441869507881142858,FINISHED,/data/d1/ts_archive/results/441869507881142858/b892dc4b01fb48d5b84b7539d867a5c8/artifacts,2025-12-22 11:03:02.728000+00:00,2025-12-22 11:07:01.395000+00:00,0.030311285803398823,,51168761.0,,0.995951126629148,783.72860573268,,0.9957690321804229,0.9961324257425742,580006.0,0.9961334853056116,0.9961371158238055,3.7100930400192738,44199.30052895508,0.9961324257425742,0.0001434906033423296,224.46694672852755,441.9930052895508,2.2446694672852754,,,,,,1652.0,580006.0,561.0,368158.0,5120.0,1521.0,960.0,6772.0,64,103424,,129280,-1,Hydrant,XRF,/data/d1/ts_archive/datasets,1234,LakeIce,20,3,9,200,0.8,entropy,8,161,2,0.001,PyTorch 2.9.0+cu128,100,0.5,8,0.1,False,13th Gen Intel(R) Core(TM) i9-13900K,0.01,65536,1,/data/d1/ts_archive/results/441869507881142858/b892dc4b01fb48d5b84b7539d867a5c8/artifacts,3,https://github.com/ANON2/TS_Archive.git,ANON1,abundant-cow-898,2ba81db4ea05c65817b596ef2f113e084de3fbd8,file:///home/ANON1/repos/TS_Archive-1#ts_archive_experiments,PROJECT,main.py,conda,local
542761abcb1e4471b3d8e537cdc58708,441869507881142858,FINISHED,/data/d1/ts_archive/results/441869507881142858/542761abcb1e4471b3d8e537cdc58708/artifacts,2025-12-22 11:00:00.781000+00:00,2025-12-22 11:03:01.096000+00:00,0.10051723978032641,,32594909.0,,0.9970478273275002,2598.9737517601197,,0.9968792659446857,0.997137995049505,368158.0,0.9971386263256958,0.997140046523614,13.00032775197178,35183.234262438724,0.997137995049505,0.0005027973295162353,156.73716407921165,351.83234262438725,1.5673716407921165,,,,,,,,,,,,,,64,103424,,129280,-1,Hydrant,XRF,/data/d1/ts_archive/datasets,1234,LakeIce,20,3,9,200,0.0,entropy,8,161,2,0.001,PyTorch 2.9.0+cu128,100,0.5,8,0.1,False,13th Gen Intel(R) Core(TM) i9-13900K,0.01,65536,1,/data/d1/ts_archive/results/441869507881142858/542761abcb1e4471b3d8e537cdc58708/artifacts,3,https://github.com/ANON2/TS_Archive.git,ANON1,delightful-koi-997,2ba81db4ea05c65817b596ef2f113e084de3fbd8,file:///home/ANON1/repos/TS_Archive-1#ts_archive_experiments,PROJECT,main.py,conda,local
a5a276f9464441cbb273c56ca80ff0ff,441869507881142858,FINISHED,/data/d1/ts_archive/results/441869507881142858/a5a276f9464441cbb273c56ca80ff0ff/artifacts,2025-12-22 10:56:59.372000+00:00,2025-12-22 10:59:58.232000+00:00,0.02583570642613552,960.0,52288.0,5120.0,0.9740157189524181,668.0080253541599,9773.0,0.9733458658298481,0.9759823638613861,9773.0,0.9759987860812686,0.9760522947923389,2.832330404780805,42079.24910384172,0.9759823638613861,0.00010954248162054476,165.8082246258855,420.7924910384172,1.658082246258855,49293.0,,,,,,,,,,,,,64,103424,,129280,-1,Hydra,XRF,/data/d1/ts_archive/datasets,1234,LakeIce,20,3,9,200,0.8,entropy,8,161,1,0.001,PyTorch 2.9.0+cu128,100,0.5,8,0.1,False,13th Gen Intel(R) Core(TM) i9-13900K,0.01,32,1,/data/d1/ts_archive/results/441869507881142858/a5a276f9464441cbb273c56ca80ff0ff/artifacts,,https://github.com/ANON2/TS_Archive.git,ANON1,bemused-slug-313,2ba81db4ea05c65817b596ef2f113e084de3fbd8,file:///home/ANON1/repos/TS_Archive-1#ts_archive_experiments,PROJECT,main.py,conda,local
94347e71a8314a909fe5f9ff46fc8f2f,441869507881142858,FINISHED,/data/d1/ts_archive/results/441869507881142858/94347e71a8314a909fe5f9ff46fc8f2f/artifacts,2025-12-22 10:54:19.932000+00:00,2025-12-22 10:56:57.690000+00:00,0.06896858322657642,,209357.0,,0.9876498729538015,1783.25168790636,,0.9871509341485868,0.9884359529702971,49293.0,0.9884448313423718,0.9884691737805877,6.381432116031647,35469.27676611432,0.9884359529702971,0.0002468066257747388,141.43675831332803,354.69276766114325,1.4143675831332803,,,,,,,,,,,,,,64,103424,,129280,-1,Hydra,XRF,/data/d1/ts_archive/datasets,1234,LakeIce,20,3,9,200,0.0,entropy,8,161,1,0.001,PyTorch 2.9.0+cu128,100,0.5,8,0.1,False,13th Gen Intel(R) Core(TM) i9-13900K,0.01,32,1,/data/d1/ts_archive/results/441869507881142858/94347e71a8314a909fe5f9ff46fc8f2f/artifacts,,https://github.com/ANON2/TS_Archive.git,ANON1,peaceful-boar-1,2ba81db4ea05c65817b596ef2f113e084de3fbd8,file:///home/ANON1/repos/TS_Archive-1#ts_archive_experiments,PROJECT,main.py,conda,local
e28d6e973926421d86c8e524e59c4d34,441869507881142858,FINISHED,/data/d1/ts_archive/results/441869507881142858/e28d6e973926421d86c8e524e59c4d34/artifacts,2025-12-22 10:53:45.364000+00:00,2025-12-22 10:54:17.450000+00:00,0.001323499071143455,,66001544.0,,0.9938777462984145,34.22039198348517,,0.9932200502149758,0.9938118811881188,748872.0,0.9938175713126153,0.9938355122038756,0.1707824766635894,5598.029805390361,0.9938118811881188,6.605139103635109e-06,23.188757326453924,55.98029805390361,0.23188757326453924,,1652.0,443782.0,748872.0,321.0,,,,,,,,,64,103424,,129280,-1,Quant,XRF,/data/d1/ts_archive/datasets,1234,LakeIce,20,3,9,200,0.8,entropy,8,161,1,0.001,PyTorch 2.9.0+cu128,100,0.5,8,0.1,False,13th Gen Intel(R) Core(TM) i9-13900K,0.01,65536,1,/data/d1/ts_archive/results/441869507881142858/e28d6e973926421d86c8e524e59c4d34/artifacts,,https://github.com/ANON2/TS_Archive.git,ANON1,treasured-ox-927,2ba81db4ea05c65817b596ef2f113e084de3fbd8,file:///home/ANON1/repos/TS_Archive-1#ts_archive_experiments,PROJECT,main.py,conda,local
08c3f3d6bc9a409cad34906a67108ae8,441869507881142858,FINISHED,/data/d1/ts_archive/results/441869507881142858/08c3f3d6bc9a409cad34906a67108ae8/artifacts,2025-12-22 10:53:12.883000+00:00,2025-12-22 10:53:44.419000+00:00,0.004341898516551721,,38946157.0,,0.9969963585253998,112.2641280439613,,0.9967634274219789,0.9969832920792079,441446.0,0.9969841569470071,0.996986598850655,0.4909103978425264,4939.359153281281,0.9969832920792079,1.8986324173983848e-05,20.63560638204217,49.393591532812806,0.2063560638204217,,,,,,,,,,,,,,64,103424,,129280,-1,Quant,XRF,/data/d1/ts_archive/datasets,1234,LakeIce,20,3,9,200,0.0,entropy,8,161,1,0.001,PyTorch 2.9.0+cu128,100,0.5,8,0.1,False,13th Gen Intel(R) Core(TM) i9-13900K,0.01,65536,1,/data/d1/ts_archive/results/441869507881142858/08c3f3d6bc9a409cad34906a67108ae8/artifacts,,https://github.com/ANON2/TS_Archive.git,ANON1,enthused-yak-897,2ba81db4ea05c65817b596ef2f113e084de3fbd8,file:///home/ANON1/repos/TS_Archive-1#ts_archive_experiments,PROJECT,main.py,conda,local
2bd89c25238f41478b63cb12d8e733a9,441869507881142858,FINISHED,/data/d1/ts_archive/results/441869507881142858/2bd89c25238f41478b63cb12d8e733a9/artifacts,2025-12-22 10:49:12.540000+00:00,2025-12-22 10:53:10.311000+00:00,0.030421520557379334,,50222052.0,,0.9956152926083105,786.5788355316,,0.9953403783006355,0.9957069925742574,569248.0,0.9957086618738312,0.9957129443501642,3.687618462368846,44043.22486753668,0.9957069925742574,0.00014262138236265649,223.66009335499257,440.4322486753668,2.2366009335499255,,,,,,1652.0,569248.0,546.0,367636.0,5120.0,1506.0,960.0,6772.0,64,103424,,129280,-1,Hydrant,XRF,/data/d1/ts_archive/datasets,1234,LakeIce,20,3,9,200,0.8,entropy,8,161,1,0.001,PyTorch 2.9.0+cu128,100,0.5,8,0.1,False,13th Gen Intel(R) Core(TM) i9-13900K,0.01,65536,1,/data/d1/ts_archive/results/441869507881142858/2bd89c25238f41478b63cb12d8e733a9/artifacts,3,https://github.com/ANON2/TS_Archive.git,ANON1,stylish-conch-151,2ba81db4ea05c65817b596ef2f113e084de3fbd8,file:///home/ANON1/repos/TS_Archive-1#ts_archive_experiments,PROJECT,main.py,conda,local
133a2f1a7408416dadeffccf894f8d90,441869507881142858,FINISHED,/data/d1/ts_archive/results/441869507881142858/133a2f1a7408416dadeffccf894f8d90/artifacts,2025-12-22 10:46:09.566000+00:00,2025-12-22 10:49:10.773000+00:00,0.09842852203034035,,32548973.0,,0.9965645025985088,2544.96786561648,,0.9962970789374146,0.9965578589108911,367636.0,0.9965588531896918,0.9965618063799442,13.023812418803573,34973.123168443315,0.9965578589108911,0.000503705616445064,157.68756251502782,349.73123168443317,1.5768756251502782,,,,,,,,,,,,,,64,103424,,129280,-1,Hydrant,XRF,/data/d1/ts_archive/datasets,1234,LakeIce,20,3,9,200,0.0,entropy,8,161,1,0.001,PyTorch 2.9.0+cu128,100,0.5,8,0.1,False,13th Gen Intel(R) Core(TM) i9-13900K,0.01,65536,1,/data/d1/ts_archive/results/441869507881142858/133a2f1a7408416dadeffccf894f8d90/artifacts,3,https://github.com/ANON2/TS_Archive.git,ANON1,industrious-ant-196,2ba81db4ea05c65817b596ef2f113e084de3fbd8,file:///home/ANON1/repos/TS_Archive-1#ts_archive_experiments,PROJECT,main.py,conda,local
766429a0ab484ebb8a20b333d1607206,441869507881142858,FINISHED,/data/d1/ts_archive/results/441869507881142858/766429a0ab484ebb8a20b333d1607206/artifacts,2025-12-22 10:43:06.032000+00:00,2025-12-22 10:46:06.860000+00:00,0.021510162567470605,960.0,52288.0,5120.0,0.9744293678501937,556.16676334452,9773.0,0.9731480736339094,0.9759436881188119,9773.0,0.9759855356658557,0.9760914128922967,2.2217328501865268,42418.72261403172,0.9759436881188119,8.592716778258534e-05,168.1645627822727,424.1872261403172,1.681645627822727,49293.0,,,,,,,,,,,,,64,103424,,129280,-1,Hydra,XRF,/data/d1/ts_archive/datasets,1234,LakeIce,20,3,9,200,0.8,entropy,8,161,0,0.001,PyTorch 2.9.0+cu128,100,0.5,8,0.1,False,13th Gen Intel(R) Core(TM) i9-13900K,0.01,32,1,/data/d1/ts_archive/results/441869507881142858/766429a0ab484ebb8a20b333d1607206/artifacts,,https://github.com/ANON2/TS_Archive.git,ANON1,casual-smelt-660,2ba81db4ea05c65817b596ef2f113e084de3fbd8,file:///home/ANON1/repos/TS_Archive-1#ts_archive_experiments,PROJECT,main.py,conda,local
ed04566cdc9140279fadb83fe1862a73,441869507881142858,FINISHED,/data/d1/ts_archive/results/441869507881142858/ed04566cdc9140279fadb83fe1862a73/artifacts,2025-12-22 10:40:18.060000+00:00,2025-12-22 10:43:04.325000+00:00,0.06841280605082303,,209357.0,,0.9895493806310504,1768.8815132500802,,0.988766722683447,0.9897122524752475,49293.0,0.9897213933025469,0.9897525506173379,6.398945841938257,36929.13861276576,0.9897122524752475,0.00024748398212941897,149.76552838087082,369.29138612765763,1.4976552838087083,,,,,,,,,,,,,,64,103424,,129280,-1,Hydra,XRF,/data/d1/ts_archive/datasets,1234,LakeIce,20,3,9,200,0.0,entropy,8,161,0,0.001,PyTorch 2.9.0+cu128,100,0.5,8,0.1,False,13th Gen Intel(R) Core(TM) i9-13900K,0.01,32,1,/data/d1/ts_archive/results/441869507881142858/ed04566cdc9140279fadb83fe1862a73/artifacts,,https://github.com/ANON2/TS_Archive.git,ANON1,intrigued-donkey-474,2ba81db4ea05c65817b596ef2f113e084de3fbd8,file:///home/ANON1/repos/TS_Archive-1#ts_archive_experiments,PROJECT,main.py,conda,local
9412f94e528947fb9f4389a9b04af103,441869507881142858,FINISHED,/data/d1/ts_archive/results/441869507881142858/9412f94e528947fb9f4389a9b04af103/artifacts,2025-12-22 10:39:43.339000+00:00,2025-12-22 10:40:15.566000+00:00,0.0013716082057680969,,66534120.0,,0.993379728593664,35.464301768339915,,0.9927657879289852,0.9934637995049505,754924.0,0.9934699810794905,0.9934867879623193,0.1899554738774895,5605.2259044559205,0.9934637995049505,7.346669008256865e-06,22.91223618015647,56.05225904455921,0.2291223618015647,,1652.0,446530.0,754924.0,322.0,,,,,,,,,64,103424,,129280,-1,Quant,XRF,/data/d1/ts_archive/datasets,1234,LakeIce,20,3,9,200,0.8,entropy,8,161,0,0.001,PyTorch 2.9.0+cu128,100,0.5,8,0.1,False,13th Gen Intel(R) Core(TM) i9-13900K,0.01,65536,1,/data/d1/ts_archive/results/441869507881142858/9412f94e528947fb9f4389a9b04af103/artifacts,,https://github.com/ANON2/TS_Archive.git,ANON1,burly-koi-113,2ba81db4ea05c65817b596ef2f113e084de3fbd8,file:///home/ANON1/repos/TS_Archive-1#ts_archive_experiments,PROJECT,main.py,conda,local
86aed005668342719b08d3ad4ddd7952,441869507881142858,FINISHED,/data/d1/ts_archive/results/441869507881142858/86aed005668342719b08d3ad4ddd7952/artifacts,2025-12-22 10:39:10.762000+00:00,2025-12-22 10:39:42.464000+00:00,0.004009296848619716,,39195725.0,,0.9972201848361827,103.66437931791137,,0.9968590270857196,0.997137995049505,444282.0,0.9971395784450038,0.9971448907835787,0.4553464269265532,4979.33919616248,0.997137995049505,1.7610861189919292e-05,20.706239990890023,49.7933919616248,0.2070623999089002,,,,,,,,,,,,,,64,103424,,129280,-1,Quant,XRF,/data/d1/ts_archive/datasets,1234,LakeIce,20,3,9,200,0.0,entropy,8,161,0,0.001,PyTorch 2.9.0+cu128,100,0.5,8,0.1,False,13th Gen Intel(R) Core(TM) i9-13900K,0.01,65536,1,/data/d1/ts_archive/results/441869507881142858/86aed005668342719b08d3ad4ddd7952/artifacts,,https://github.com/ANON2/TS_Archive.git,ANON1,inquisitive-koi-198,2ba81db4ea05c65817b596ef2f113e084de3fbd8,file:///home/ANON1/repos/TS_Archive-1#ts_archive_experiments,PROJECT,main.py,conda,local
df6c88cdc6a14e06ad77df35b6b65d6f,441869507881142858,FINISHED,/data/d1/ts_archive/results/441869507881142858/df6c88cdc6a14e06ad77df35b6b65d6f/artifacts,2025-12-22 10:35:11.038000+00:00,2025-12-22 10:39:08.019000+00:00,0.03007043306540532,,53644025.0,,0.9963453036484603,777.50111733912,,0.9959201240922942,0.9961711014851485,608134.0,0.9961725687559491,0.996178962245319,3.5979767935350537,43803.31535334936,0.9961711014851485,0.0001391544242549139,222.8659702567384,438.0331535334936,2.2286597025673838,,,,,,1652.0,608134.0,546.0,370602.0,5120.0,1506.0,960.0,6772.0,64,103424,,129280,-1,Hydrant,XRF,/data/d1/ts_archive/datasets,1234,LakeIce,20,3,9,200,0.8,entropy,8,161,0,0.001,PyTorch 2.9.0+cu128,100,0.5,8,0.1,False,13th Gen Intel(R) Core(TM) i9-13900K,0.01,65536,1,/data/d1/ts_archive/results/441869507881142858/df6c88cdc6a14e06ad77df35b6b65d6f/artifacts,3,https://github.com/ANON2/TS_Archive.git,ANON1,awesome-sow-374,2ba81db4ea05c65817b596ef2f113e084de3fbd8,file:///home/ANON1/repos/TS_Archive-1#ts_archive_experiments,PROJECT,main.py,conda,local
491a4368631843c389b8bd07a28a1614,441869507881142858,FINISHED,/data/d1/ts_archive/results/441869507881142858/491a4368631843c389b8bd07a28a1614/artifacts,2025-12-22 10:32:09.679000+00:00,2025-12-22 10:35:09.308000+00:00,0.09798109239748143,,32809981.0,,0.9970386255267196,2533.3991250292797,,0.9966265970683135,0.9968672648514851,370602.0,0.9968686345209947,0.9968746274694815,12.95288163702935,34650.11614254084,0.9968672648514851,0.0005009623157885732,157.0092071061954,346.50116142540844,1.570092071061954,,,,,,,,,,,,,,64,103424,,129280,-1,Hydrant,XRF,/data/d1/ts_archive/datasets,1234,LakeIce,20,3,9,200,0.0,entropy,8,161,0,0.001,PyTorch 2.9.0+cu128,100,0.5,8,0.1,False,13th Gen Intel(R) Core(TM) i9-13900K,0.01,65536,1,/data/d1/ts_archive/results/441869507881142858/491a4368631843c389b8bd07a28a1614/artifacts,3,https://github.com/ANON2/TS_Archive.git,ANON1,rumbling-carp-450,2ba81db4ea05c65817b596ef2f113e084de3fbd8,file:///home/ANON1/repos/TS_Archive-1#ts_archive_experiments,PROJECT,main.py,conda,local
7462ffe01cb94fada82ceaec095bbe59,441869507881142858,FINISHED,/data/d1/ts_archive/results/441869507881142858/7462ffe01cb94fada82ceaec095bbe59/artifacts,2025-12-22 10:31:43.903000+00:00,2025-12-22 10:32:07.914000+00:00,0.01292241266868019,768.0,56766.0,4096.0,0.8170774016758049,30.47104907274789,10646.0,0.8152811960869468,0.8032230703986429,10646.0,0.8020090210237086,0.8054172959854056,0.1315394528210163,3542.33726689392,0.8032230703986429,5.578433113698741e-05,13.911802575923502,35.4233726689392,0.13911802575923501,52246.0,,,,,,,,,,,,,64,7941,,10299,-1,Hydra,XRF,/data/d1/ts_archive/datasets,1234,UCIActivity,20,6,9,200,0.8,entropy,8,128,2,0.001,PyTorch 2.9.0+cu128,100,0.5,8,0.1,False,13th Gen Intel(R) Core(TM) i9-13900K,0.01,32,9,/data/d1/ts_archive/results/441869507881142858/7462ffe01cb94fada82ceaec095bbe59/artifacts,,https://github.com/ANON2/TS_Archive.git,ANON1,adorable-ox-773,2ba81db4ea05c65817b596ef2f113e084de3fbd8,file:///home/ANON1/repos/TS_Archive-1#ts_archive_experiments,PROJECT,main.py,conda,local
6da01281b0034961afb34435a9f792bb,441869507881142858,FINISHED,/data/d1/ts_archive/results/441869507881142858/6da01281b0034961afb34435a9f792bb/artifacts,2025-12-22 10:31:20.682000+00:00,2025-12-22 10:31:42.342000+00:00,0.04299399549508022,,222669.0,,0.926101392818587,101.37984137739916,,0.9294024592345798,0.9274809160305344,52246.0,0.9291679018640754,0.9332901219486679,0.4081635205075145,3251.34209655792,0.9274809160305344,0.00017309733694126993,12.51251464895904,32.5134209655792,0.12512514648959042,,,,,,,,,,,,,,64,7941,,10299,-1,Hydra,XRF,/data/d1/ts_archive/datasets,1234,UCIActivity,20,6,9,200,0.0,entropy,8,128,2,0.001,PyTorch 2.9.0+cu128,100,0.5,8,0.1,False,13th Gen Intel(R) Core(TM) i9-13900K,0.01,32,9,/data/d1/ts_archive/results/441869507881142858/6da01281b0034961afb34435a9f792bb/artifacts,,https://github.com/ANON2/TS_Archive.git,ANON1,mysterious-smelt-389,2ba81db4ea05c65817b596ef2f113e084de3fbd8,file:///home/ANON1/repos/TS_Archive-1#ts_archive_experiments,PROJECT,main.py,conda,local
b759d534b77048d886d641ef91d97a28,441869507881142858,FINISHED,/data/d1/ts_archive/results/441869507881142858/b759d534b77048d886d641ef91d97a28/artifacts,2025-12-22 10:30:56.682000+00:00,2025-12-22 10:31:18.803000+00:00,0.010205115000210492,,15301411.0,,0.9710552330820094,24.063661170496342,,0.9705575438643539,0.9707379134860051,135548.0,0.970773514831936,0.9713755975643796,0.1194621324539184,3246.69255559056,0.9707379134860051,5.06624819567084e-05,13.085227376781404,32.4669255559056,0.13085227376781405,,10440.0,128436.0,135548.0,3645.0,,,,,,,,,64,7941,,10299,-1,Quant,XRF,/data/d1/ts_archive/datasets,1234,UCIActivity,20,6,9,200,0.8,entropy,8,128,2,0.001,PyTorch 2.9.0+cu128,100,0.5,8,0.1,False,13th Gen Intel(R) Core(TM) i9-13900K,0.01,65536,9,/data/d1/ts_archive/results/441869507881142858/b759d534b77048d886d641ef91d97a28/artifacts,,https://github.com/ANON2/TS_Archive.git,ANON1,bemused-wolf-611,2ba81db4ea05c65817b596ef2f113e084de3fbd8,file:///home/ANON1/repos/TS_Archive-1#ts_archive_experiments,PROJECT,main.py,conda,local
6022830f8b404787ad949f4859a9467f,441869507881142858,FINISHED,/data/d1/ts_archive/results/441869507881142858/6022830f8b404787ad949f4859a9467f/artifacts,2025-12-22 10:30:34.364000+00:00,2025-12-22 10:30:55.773000+00:00,0.03642429905832969,,14503627.0,,0.96967571097078,85.8884971795414,,0.9692246194045456,0.9694656488549618,128442.0,0.9694997637915244,0.970083542904693,0.423787223175168,2604.20489609832,0.9694656488549618,0.0001797231650446005,10.661415185779331,26.0420489609832,0.10661415185779331,,,,,,,,,,,,,,64,7941,,10299,-1,Quant,XRF,/data/d1/ts_archive/datasets,1234,UCIActivity,20,6,9,200,0.0,entropy,8,128,2,0.001,PyTorch 2.9.0+cu128,100,0.5,8,0.1,False,13th Gen Intel(R) Core(TM) i9-13900K,0.01,65536,9,/data/d1/ts_archive/results/441869507881142858/6022830f8b404787ad949f4859a9467f/artifacts,,https://github.com/ANON2/TS_Archive.git,ANON1,clumsy-robin-354,2ba81db4ea05c65817b596ef2f113e084de3fbd8,file:///home/ANON1/repos/TS_Archive-1#ts_archive_experiments,PROJECT,main.py,conda,local
9873be12fd5b4f4e909728b8831fb326,441869507881142858,FINISHED,/data/d1/ts_archive/results/441869507881142858/9873be12fd5b4f4e909728b8831fb326/artifacts,2025-12-22 10:29:26.158000+00:00,2025-12-22 10:30:31.871000+00:00,0.019030244886983388,,16493616.0,,0.9731791155704199,44.87331744350683,,0.9725854392844044,0.972434266327396,145956.0,0.972443239150883,0.9728088250789908,0.2172010112553835,6276.06209670768,0.972434266327396,9.21123881490176e-05,56.19921230617911,62.760620967076804,0.5619921230617911,,,,,,10440.0,145956.0,2403.0,107606.0,4096.0,3171.0,768.0,14536.0,64,7941,,10299,-1,Hydrant,XRF,/data/d1/ts_archive/datasets,1234,UCIActivity,20,6,9,200,0.8,entropy,8,128,2,0.001,PyTorch 2.9.0+cu128,100,0.5,8,0.1,False,13th Gen Intel(R) Core(TM) i9-13900K,0.01,65536,9,/data/d1/ts_archive/results/441869507881142858/9873be12fd5b4f4e909728b8831fb326/artifacts,18,https://github.com/ANON2/TS_Archive.git,ANON1,indecisive-shad-135,2ba81db4ea05c65817b596ef2f113e084de3fbd8,file:///home/ANON1/repos/TS_Archive-1#ts_archive_experiments,PROJECT,main.py,conda,local
365bf617e32a48a38f14140a93ea49a9,441869507881142858,FINISHED,/data/d1/ts_archive/results/441869507881142858/365bf617e32a48a38f14140a93ea49a9/artifacts,2025-12-22 10:28:57.718000+00:00,2025-12-22 10:29:25.233000+00:00,0.07012325481797006,,12255915.0,,0.9839545171650156,165.3506348607734,,0.9838242944475452,0.9834605597964376,107606.0,0.9834625411433979,0.9835218864039827,0.6684869937598705,4390.3416348972,0.9834605597964376,0.0002834974528243726,17.89931621402502,43.903416348971994,0.1789931621402502,,,,,,,,,,,,,,64,7941,,10299,-1,Hydrant,XRF,/data/d1/ts_archive/datasets,1234,UCIActivity,20,6,9,200,0.0,entropy,8,128,2,0.001,PyTorch 2.9.0+cu128,100,0.5,8,0.1,False,13th Gen Intel(R) Core(TM) i9-13900K,0.01,65536,9,/data/d1/ts_archive/results/441869507881142858/365bf617e32a48a38f14140a93ea49a9/artifacts,18,https://github.com/ANON2/TS_Archive.git,ANON1,redolent-shad-58,2ba81db4ea05c65817b596ef2f113e084de3fbd8,file:///home/ANON1/repos/TS_Archive-1#ts_archive_experiments,PROJECT,main.py,conda,local
f8f2ef55c3314ac08edbe8607888eaf5,441869507881142858,FINISHED,/data/d1/ts_archive/results/441869507881142858/f8f2ef55c3314ac08edbe8607888eaf5/artifacts,2025-12-22 10:28:31.685000+00:00,2025-12-22 10:28:55.946000+00:00,0.012817572425594611,768.0,56774.0,4096.0,0.8056505397180156,30.454552083212796,10646.0,0.8073360003753066,0.7954545454545454,10646.0,0.7973644331177887,0.8001984963756816,0.1342437416315078,3571.56505252584,0.7954545454545454,5.64998912590521e-05,14.19460152834654,35.715650525258404,0.1419460152834654,52246.0,,,,,,,,,,,,,64,7923,,10299,-1,Hydra,XRF,/data/d1/ts_archive/datasets,1234,UCIActivity,20,6,9,200,0.8,entropy,8,128,1,0.001,PyTorch 2.9.0+cu128,100,0.5,8,0.1,False,13th Gen Intel(R) Core(TM) i9-13900K,0.01,32,9,/data/d1/ts_archive/results/441869507881142858/f8f2ef55c3314ac08edbe8607888eaf5/artifacts,,https://github.com/ANON2/TS_Archive.git,ANON1,secretive-elk-723,2ba81db4ea05c65817b596ef2f113e084de3fbd8,file:///home/ANON1/repos/TS_Archive-1#ts_archive_experiments,PROJECT,main.py,conda,local
594c5bd5af6d403bb8d43c07ba15eee0,441869507881142858,FINISHED,/data/d1/ts_archive/results/441869507881142858/594c5bd5af6d403bb8d43c07ba15eee0/artifacts,2025-12-22 10:28:08.310000+00:00,2025-12-22 10:28:30.072000+00:00,0.044390767129208066,,222669.0,,0.9064417348005382,105.47246269899836,,0.9105526270471686,0.906986531986532,52246.0,0.9093740547569893,0.9144642556121777,0.4144083615392446,3203.23125607128,0.906986531986532,0.00017441429357712316,12.534786961972712,32.032312560712796,0.1253478696197271,,,,,,,,,,,,,,64,7923,,10299,-1,Hydra,XRF,/data/d1/ts_archive/datasets,1234,UCIActivity,20,6,9,200,0.0,entropy,8,128,1,0.001,PyTorch 2.9.0+cu128,100,0.5,8,0.1,False,13th Gen Intel(R) Core(TM) i9-13900K,0.01,32,9,/data/d1/ts_archive/results/441869507881142858/594c5bd5af6d403bb8d43c07ba15eee0/artifacts,,https://github.com/ANON2/TS_Archive.git,ANON1,respected-crane-296,2ba81db4ea05c65817b596ef2f113e084de3fbd8,file:///home/ANON1/repos/TS_Archive-1#ts_archive_experiments,PROJECT,main.py,conda,local
6e77e4edd7cb4a55b81b08a243c36f49,441869507881142858,FINISHED,/data/d1/ts_archive/results/441869507881142858/6e77e4edd7cb4a55b81b08a243c36f49/artifacts,2025-12-22 10:27:44.774000+00:00,2025-12-22 10:28:06.488000+00:00,0.010443849871724191,,14439010.0,,0.8942776373271477,24.81458729521668,,0.8947092886753277,0.8964646464646465,127848.0,0.8962068316367383,0.8977161809124875,0.1381012061610818,3091.50634722516,0.8964646464646465,5.812340326644857e-05,12.69159810524434,30.9150634722516,0.1269159810524434,,10440.0,119620.0,127848.0,3312.0,,,,,,,,,64,7923,,10299,-1,Quant,XRF,/data/d1/ts_archive/datasets,1234,UCIActivity,20,6,9,200,0.8,entropy,8,128,1,0.001,PyTorch 2.9.0+cu128,100,0.5,8,0.1,False,13th Gen Intel(R) Core(TM) i9-13900K,0.01,65536,9,/data/d1/ts_archive/results/441869507881142858/6e77e4edd7cb4a55b81b08a243c36f49/artifacts,,https://github.com/ANON2/TS_Archive.git,ANON1,victorious-pig-416,2ba81db4ea05c65817b596ef2f113e084de3fbd8,file:///home/ANON1/repos/TS_Archive-1#ts_archive_experiments,PROJECT,main.py,conda,local
cad2853e6fdb4c8ebaf2963ac520ad81,441869507881142858,FINISHED,/data/d1/ts_archive/results/441869507881142858/cad2853e6fdb4c8ebaf2963ac520ad81/artifacts,2025-12-22 10:27:22.693000+00:00,2025-12-22 10:27:43.908000+00:00,0.023942870448686156,,13515563.0,,0.8952234374764297,56.888260186078305,,0.8957868363839495,0.8973063973063973,119620.0,0.8969964734218643,0.8993909710137943,0.263705370016396,2616.247470339,0.8973063973063973,0.00011098710859275926,10.535006186924877,26.16247470339,0.10535006186924877,,,,,,,,,,,,,,64,7923,,10299,-1,Quant,XRF,/data/d1/ts_archive/datasets,1234,UCIActivity,20,6,9,200,0.0,entropy,8,128,1,0.001,PyTorch 2.9.0+cu128,100,0.5,8,0.1,False,13th Gen Intel(R) Core(TM) i9-13900K,0.01,65536,9,/data/d1/ts_archive/results/441869507881142858/cad2853e6fdb4c8ebaf2963ac520ad81/artifacts,,https://github.com/ANON2/TS_Archive.git,ANON1,bemused-foal-675,2ba81db4ea05c65817b596ef2f113e084de3fbd8,file:///home/ANON1/repos/TS_Archive-1#ts_archive_experiments,PROJECT,main.py,conda,local
42d5b4d38b174839b485158ad9ce06fa,441869507881142858,FINISHED,/data/d1/ts_archive/results/441869507881142858/42d5b4d38b174839b485158ad9ce06fa/artifacts,2025-12-22 10:26:14.809000+00:00,2025-12-22 10:27:20.141000+00:00,0.01667943610315483,,14783160.0,,0.9187404653883803,39.63034018109588,,0.9187983607691385,0.9183501683501684,130684.0,0.9179523938280618,0.9197960443929173,0.1823913296684622,6274.91704095036,0.9183501683501684,7.676402763824167e-05,56.22468318417668,62.749170409503606,0.5622468318417668,,,,,,10440.0,130684.0,2475.0,99872.0,4096.0,3243.0,768.0,14536.0,64,7923,,10299,-1,Hydrant,XRF,/data/d1/ts_archive/datasets,1234,UCIActivity,20,6,9,200,0.8,entropy,8,128,1,0.001,PyTorch 2.9.0+cu128,100,0.5,8,0.1,False,13th Gen Intel(R) Core(TM) i9-13900K,0.01,65536,9,/data/d1/ts_archive/results/441869507881142858/42d5b4d38b174839b485158ad9ce06fa/artifacts,18,https://github.com/ANON2/TS_Archive.git,ANON1,big-flea-856,2ba81db4ea05c65817b596ef2f113e084de3fbd8,file:///home/ANON1/repos/TS_Archive-1#ts_archive_experiments,PROJECT,main.py,conda,local
d4d9c89c2d2340699812f8567bbfe1ec,441869507881142858,FINISHED,/data/d1/ts_archive/results/441869507881142858/d4d9c89c2d2340699812f8567bbfe1ec/artifacts,2025-12-22 10:25:46.337000+00:00,2025-12-22 10:26:13.932000+00:00,0.07598626411449598,,11389707.0,,0.9228255004914864,180.54336353604245,,0.923232463544673,0.922979797979798,99872.0,0.9227249625074132,0.9237872538855607,0.7494989335536957,4373.35868351196,0.922979797979798,0.00031544567910509076,17.783826116472483,43.7335868351196,0.17783826116472481,,,,,,,,,,,,,,64,7923,,10299,-1,Hydrant,XRF,/data/d1/ts_archive/datasets,1234,UCIActivity,20,6,9,200,0.0,entropy,8,128,1,0.001,PyTorch 2.9.0+cu128,100,0.5,8,0.1,False,13th Gen Intel(R) Core(TM) i9-13900K,0.01,65536,9,/data/d1/ts_archive/results/441869507881142858/d4d9c89c2d2340699812f8567bbfe1ec/artifacts,18,https://github.com/ANON2/TS_Archive.git,ANON1,charming-snail-682,2ba81db4ea05c65817b596ef2f113e084de3fbd8,file:///home/ANON1/repos/TS_Archive-1#ts_archive_experiments,PROJECT,main.py,conda,local
2371cd0327ee4856a929a377053474ad,441869507881142858,FINISHED,/data/d1/ts_archive/results/441869507881142858/2371cd0327ee4856a929a377053474ad/artifacts,2025-12-22 10:25:20.885000+00:00,2025-12-22 10:25:44.518000+00:00,0.014027417150179893,768.0,56770.0,4096.0,0.7992805821181109,33.67982857758192,10646.0,0.7952711301124449,0.7830070803831737,10646.0,0.7794347736455803,0.7865058751511517,0.1556444652378559,3491.2008755881197,0.7830070803831737,6.482485016153933e-05,13.705864379182458,34.912008755881196,0.13705864379182459,52246.0,,,,,,,,,,,,,64,7898,,10299,-1,Hydra,XRF,/data/d1/ts_archive/datasets,1234,UCIActivity,20,6,9,200,0.8,entropy,8,128,0,0.001,PyTorch 2.9.0+cu128,100,0.5,8,0.1,False,13th Gen Intel(R) Core(TM) i9-13900K,0.01,32,9,/data/d1/ts_archive/results/441869507881142858/2371cd0327ee4856a929a377053474ad/artifacts,,https://github.com/ANON2/TS_Archive.git,ANON1,kindly-calf-451,2ba81db4ea05c65817b596ef2f113e084de3fbd8,file:///home/ANON1/repos/TS_Archive-1#ts_archive_experiments,PROJECT,main.py,conda,local
ecedf78b355a4b949df367c2dbe4c48d,441869507881142858,FINISHED,/data/d1/ts_archive/results/441869507881142858/ecedf78b355a4b949df367c2dbe4c48d/artifacts,2025-12-22 10:24:57.478000+00:00,2025-12-22 10:25:19.267000+00:00,0.04444577184313351,,222669.0,,0.9233067709275814,106.71429819536355,,0.9273063194459518,0.9250312369845898,52246.0,0.9264189490684427,0.9324646159208669,0.423928496427834,3213.5227012065598,0.9250312369845898,0.00017656330546765263,12.475125825963914,32.1352270120656,0.12475125825963915,,,,,,,,,,,,,,64,7898,,10299,-1,Hydra,XRF,/data/d1/ts_archive/datasets,1234,UCIActivity,20,6,9,200,0.0,entropy,8,128,0,0.001,PyTorch 2.9.0+cu128,100,0.5,8,0.1,False,13th Gen Intel(R) Core(TM) i9-13900K,0.01,32,9,/data/d1/ts_archive/results/441869507881142858/ecedf78b355a4b949df367c2dbe4c48d/artifacts,,https://github.com/ANON2/TS_Archive.git,ANON1,classy-mule-536,2ba81db4ea05c65817b596ef2f113e084de3fbd8,file:///home/ANON1/repos/TS_Archive-1#ts_archive_experiments,PROJECT,main.py,conda,local
e02044b9b1854fb4a81886a876a4929e,441869507881142858,FINISHED,/data/d1/ts_archive/results/441869507881142858/e02044b9b1854fb4a81886a876a4929e/artifacts,2025-12-22 10:24:33.576000+00:00,2025-12-22 10:24:55.635000+00:00,0.010427088183762107,,15593731.0,,0.9601791886789868,25.03543872921282,,0.957988746184376,0.9596001665972511,138158.0,0.9597593043188951,0.9625530430264374,0.1306047011166811,3269.12688528444,0.9596001665972511,5.439596048174973e-05,12.986189194954932,32.6912688528444,0.1298618919495493,,10440.0,130996.0,138158.0,3681.0,,,,,,,,,64,7898,,10299,-1,Quant,XRF,/data/d1/ts_archive/datasets,1234,UCIActivity,20,6,9,200,0.8,entropy,8,128,0,0.001,PyTorch 2.9.0+cu128,100,0.5,8,0.1,False,13th Gen Intel(R) Core(TM) i9-13900K,0.01,65536,9,/data/d1/ts_archive/results/441869507881142858/e02044b9b1854fb4a81886a876a4929e/artifacts,,https://github.com/ANON2/TS_Archive.git,ANON1,efficient-shrike-91,2ba81db4ea05c65817b596ef2f113e084de3fbd8,file:///home/ANON1/repos/TS_Archive-1#ts_archive_experiments,PROJECT,main.py,conda,local
dc6b2a9e570c4394a10dd2e8b61d5e14,441869507881142858,FINISHED,/data/d1/ts_archive/results/441869507881142858/dc6b2a9e570c4394a10dd2e8b61d5e14/artifacts,2025-12-22 10:24:11.491000+00:00,2025-12-22 10:24:32.627000+00:00,0.027340259781030534,,14789675.0,,0.9671458086789895,65.64396373425431,,0.9648432268350012,0.9666805497709288,130996.0,0.9668469856358717,0.9691874498155182,0.3109219865873456,2622.4457883228,0.9666805497709288,0.00012949687071526264,10.598418756388128,26.224457883228002,0.10598418756388128,,,,,,,,,,,,,,64,7898,,10299,-1,Quant,XRF,/data/d1/ts_archive/datasets,1234,UCIActivity,20,6,9,200,0.0,entropy,8,128,0,0.001,PyTorch 2.9.0+cu128,100,0.5,8,0.1,False,13th Gen Intel(R) Core(TM) i9-13900K,0.01,65536,9,/data/d1/ts_archive/results/441869507881142858/dc6b2a9e570c4394a10dd2e8b61d5e14/artifacts,,https://github.com/ANON2/TS_Archive.git,ANON1,indecisive-cat-442,2ba81db4ea05c65817b596ef2f113e084de3fbd8,file:///home/ANON1/repos/TS_Archive-1#ts_archive_experiments,PROJECT,main.py,conda,local
02effaf8714d402086fb875e5fcf8530,441869507881142858,FINISHED,/data/d1/ts_archive/results/441869507881142858/02effaf8714d402086fb875e5fcf8530/artifacts,2025-12-22 10:23:02.876000+00:00,2025-12-22 10:24:08.982000+00:00,0.02085131355199425,,16499297.0,,0.9747158739317845,50.064003838338195,,0.9725069077753504,0.9741774260724698,146004.0,0.974378281779572,0.9767602850639694,0.2345077320933342,6479.14114382616,0.9741774260724698,9.76708588477027e-05,56.81620140466839,64.7914114382616,0.5681620140466839,,,,,,10440.0,146004.0,2790.0,110724.0,4096.0,3558.0,768.0,14536.0,64,7898,,10299,-1,Hydrant,XRF,/data/d1/ts_archive/datasets,1234,UCIActivity,20,6,9,200,0.8,entropy,8,128,0,0.001,PyTorch 2.9.0+cu128,100,0.5,8,0.1,False,13th Gen Intel(R) Core(TM) i9-13900K,0.01,65536,9,/data/d1/ts_archive/results/441869507881142858/02effaf8714d402086fb875e5fcf8530/artifacts,18,https://github.com/ANON2/TS_Archive.git,ANON1,zealous-swan-109,2ba81db4ea05c65817b596ef2f113e084de3fbd8,file:///home/ANON1/repos/TS_Archive-1#ts_archive_experiments,PROJECT,main.py,conda,local
d5b18ff0cbca4c18b17291e6d06a422d,441869507881142858,FINISHED,/data/d1/ts_archive/results/441869507881142858/d5b18ff0cbca4c18b17291e6d06a422d/artifacts,2025-12-22 10:22:32.264000+00:00,2025-12-22 10:23:01.878000+00:00,0.07450168402967146,,12605131.0,,0.9827750297194368,178.87854335524116,,0.9813082983547939,0.9820907955018742,110724.0,0.9821377161045299,0.9831165710889856,0.7055783094838262,4469.323707646559,0.9820907955018742,0.00029386851706948193,18.184733209200203,44.69323707646559,0.18184733209200205,,,,,,,,,,,,,,64,7898,,10299,-1,Hydrant,XRF,/data/d1/ts_archive/datasets,1234,UCIActivity,20,6,9,200,0.0,entropy,8,128,0,0.001,PyTorch 2.9.0+cu128,100,0.5,8,0.1,False,13th Gen Intel(R) Core(TM) i9-13900K,0.01,65536,9,/data/d1/ts_archive/results/441869507881142858/d5b18ff0cbca4c18b17291e6d06a422d/artifacts,18,https://github.com/ANON2/TS_Archive.git,ANON1,powerful-shoat-49,2ba81db4ea05c65817b596ef2f113e084de3fbd8,file:///home/ANON1/repos/TS_Archive-1#ts_archive_experiments,PROJECT,main.py,conda,local
4df9e96e83dd45d39453c63ee058f3fb,441869507881142858,FINISHED,/data/d1/ts_archive/results/441869507881142858/4df9e96e83dd45d39453c63ee058f3fb/artifacts,2025-12-22 10:21:32.148000+00:00,2025-12-22 10:22:29.893000+00:00,0.0038195181841989135,384.0,148241.0,2048.0,0.2629986294742214,144.8514076175596,34490.0,0.20638434952278226,0.4241113806560489,34490.0,0.34566813757136367,0.48562742146084303,0.6625695060938597,10917.8115754734,0.4241113806560489,1.7470981597243426e-05,47.24050622805953,109.17811575473401,0.4724050622805953,181754.0,,,,,,,,,,,,,64,151697,,189621,-1,Hydra,XRF,/data/d1/ts_archive/datasets,1234,Pedestrian,20,82,9,200,0.8,entropy,8,24,2,0.001,PyTorch 2.9.0+cu128,100,0.5,8,0.1,False,13th Gen Intel(R) Core(TM) i9-13900K,0.01,32,1,/data/d1/ts_archive/results/441869507881142858/4df9e96e83dd45d39453c63ee058f3fb/artifacts,,https://github.com/ANON2/TS_Archive.git,ANON1,abrasive-goat-944,2ba81db4ea05c65817b596ef2f113e084de3fbd8,file:///home/ANON1/repos/TS_Archive-1#ts_archive_experiments,PROJECT,main.py,conda,local
08be72426f9449e1ab0e318cc873b74c,441869507881142858,FINISHED,/data/d1/ts_archive/results/441869507881142858/08be72426f9449e1ab0e318cc873b74c/artifacts,2025-12-22 10:20:43.475000+00:00,2025-12-22 10:21:30.534000+00:00,0.011553373687530852,,737037.0,,0.2962051060091274,438.15014372592003,,0.23472872556060068,0.48032907921105367,181754.0,0.3921607267304779,0.537771500245749,2.0958877755329013,8488.01151853668,0.48032907921105367,5.526547240620455e-05,35.605274501256645,84.88011518536679,0.35605274501256645,,,,,,,,,,,,,,64,151697,,189621,-1,Hydra,XRF,/data/d1/ts_archive/datasets,1234,Pedestrian,20,82,9,200,0.0,entropy,8,24,2,0.001,PyTorch 2.9.0+cu128,100,0.5,8,0.1,False,13th Gen Intel(R) Core(TM) i9-13900K,0.01,32,1,/data/d1/ts_archive/results/441869507881142858/08be72426f9449e1ab0e318cc873b74c/artifacts,,https://github.com/ANON2/TS_Archive.git,ANON1,efficient-panda-135,2ba81db4ea05c65817b596ef2f113e084de3fbd8,file:///home/ANON1/repos/TS_Archive-1#ts_archive_experiments,PROJECT,main.py,conda,local
c486f3cbbad341b5905f3cf6e848611d,441869507881142858,FINISHED,/data/d1/ts_archive/results/441869507881142858/c486f3cbbad341b5905f3cf6e848611d/artifacts,2025-12-22 10:20:25.949000+00:00,2025-12-22 10:20:41.684000+00:00,0.0015750396679098913,,2925523439.0,,0.4352864163199493,59.73180436581472,,0.4527527768297673,0.5830081215061702,4062928.0,0.5689980391885157,0.6634175429416467,0.8029374647885561,1001.63003223636,0.5830081215061702,2.117227783958855e-05,3.77646491676569,10.0163003223636,0.0377646491676569,,212.0,8507652.0,4062928.0,35.0,,,,,,,,,64,151697,,189621,-1,Quant,XRF,/data/d1/ts_archive/datasets,1234,Pedestrian,20,82,9,200,0.8,entropy,8,24,2,0.001,PyTorch 2.9.0+cu128,100,0.5,8,0.1,False,13th Gen Intel(R) Core(TM) i9-13900K,0.01,65536,1,/data/d1/ts_archive/results/441869507881142858/c486f3cbbad341b5905f3cf6e848611d/artifacts,,https://github.com/ANON2/TS_Archive.git,ANON1,rebellious-wasp-319,2ba81db4ea05c65817b596ef2f113e084de3fbd8,file:///home/ANON1/repos/TS_Archive-1#ts_archive_experiments,PROJECT,main.py,conda,local
79b4a7f195e0472a94cd17ec609a9822,441869507881142858,FINISHED,/data/d1/ts_archive/results/441869507881142858/79b4a7f195e0472a94cd17ec609a9822/artifacts,2025-12-22 10:20:06.475000+00:00,2025-12-22 10:20:25.036000+00:00,0.0023833487195009024,,5023247093.0,,0.5560262480440008,90.38611683835222,,0.5903102752835339,0.6865309566501424,6976434.0,0.6800416305608235,0.738304263143685,0.8767007142305374,625.68913992948,0.6865309566501424,2.31173060391978e-05,3.120557908900082,6.2568913992948,0.03120557908900082,,,,,,,,,,,,,,64,151697,,189621,-1,Quant,XRF,/data/d1/ts_archive/datasets,1234,Pedestrian,20,82,9,200,0.0,entropy,8,24,2,0.001,PyTorch 2.9.0+cu128,100,0.5,8,0.1,False,13th Gen Intel(R) Core(TM) i9-13900K,0.01,65536,1,/data/d1/ts_archive/results/441869507881142858/79b4a7f195e0472a94cd17ec609a9822/artifacts,,https://github.com/ANON2/TS_Archive.git,ANON1,invincible-asp-819,2ba81db4ea05c65817b596ef2f113e084de3fbd8,file:///home/ANON1/repos/TS_Archive-1#ts_archive_experiments,PROJECT,main.py,conda,local
7cb2718e4b464321ab11bbb5651aa7e1,441869507881142858,FINISHED,/data/d1/ts_archive/results/441869507881142858/7cb2718e4b464321ab11bbb5651aa7e1/artifacts,2025-12-22 10:18:41.222000+00:00,2025-12-22 10:20:03.750000+00:00,0.004550764776352064,,6830720182.0,,0.42828530684288235,172.58320337837566,,0.4455617300200103,0.5872007172239215,9486794.0,0.5742179134944136,0.6719805418010862,1.2442793119698763,12309.941565385201,0.5872007172239215,3.28098120443486e-05,61.45721605978906,123.099415653852,0.6145721605978907,,,,,,212.0,9486794.0,47.0,6743084.0,2048.0,431.0,384.0,2260.0,64,151697,,189621,-1,Hydrant,XRF,/data/d1/ts_archive/datasets,1234,Pedestrian,20,82,9,200,0.8,entropy,8,24,2,0.001,PyTorch 2.9.0+cu128,100,0.5,8,0.1,False,13th Gen Intel(R) Core(TM) i9-13900K,0.01,65536,1,/data/d1/ts_archive/results/441869507881142858/7cb2718e4b464321ab11bbb5651aa7e1/artifacts,1,https://github.com/ANON2/TS_Archive.git,ANON1,unequaled-jay-258,2ba81db4ea05c65817b596ef2f113e084de3fbd8,file:///home/ANON1/repos/TS_Archive-1#ts_archive_experiments,PROJECT,main.py,conda,local
c823620e880e43af93ae4f6d33b082aa,441869507881142858,FINISHED,/data/d1/ts_archive/results/441869507881142858/c823620e880e43af93ae4f6d33b082aa/artifacts,2025-12-22 10:17:38.004000+00:00,2025-12-22 10:18:39.452000+00:00,0.01284284836304293,,4855278005.0,,0.5463116523568552,487.05218132004006,,0.5788636665100599,0.6822592553528108,6743084.0,0.6747524255052961,0.7339549898822542,2.766636559739709,9753.99713465544,0.6822592553528108,7.29521295153388e-05,43.26414907723665,97.5399713465544,0.4326414907723665,,,,,,,,,,,,,,64,151697,,189621,-1,Hydrant,XRF,/data/d1/ts_archive/datasets,1234,Pedestrian,20,82,9,200,0.0,entropy,8,24,2,0.001,PyTorch 2.9.0+cu128,100,0.5,8,0.1,False,13th Gen Intel(R) Core(TM) i9-13900K,0.01,65536,1,/data/d1/ts_archive/results/441869507881142858/c823620e880e43af93ae4f6d33b082aa/artifacts,1,https://github.com/ANON2/TS_Archive.git,ANON1,valuable-donkey-566,2ba81db4ea05c65817b596ef2f113e084de3fbd8,file:///home/ANON1/repos/TS_Archive-1#ts_archive_experiments,PROJECT,main.py,conda,local
f6538254546846baa2c36be510275eb7,441869507881142858,FINISHED,/data/d1/ts_archive/results/441869507881142858/f6538254546846baa2c36be510275eb7/artifacts,2025-12-22 10:16:35.089000+00:00,2025-12-22 10:17:35.447000+00:00,0.005138232775943897,384.0,148243.0,2048.0,0.2638218674455968,194.86233979489637,34490.0,0.20698419927618655,0.4255616496150195,34490.0,0.34647392609232547,0.484243483820969,0.9509012773633004,11353.29411583404,0.4255616496150195,2.5073865556462938e-05,49.40013106260449,113.5329411583404,0.49400131062604485,181754.0,,,,,,,,,,,,,64,151697,,189621,-1,Hydra,XRF,/data/d1/ts_archive/datasets,1234,Pedestrian,20,82,9,200,0.8,entropy,8,24,1,0.001,PyTorch 2.9.0+cu128,100,0.5,8,0.1,False,13th Gen Intel(R) Core(TM) i9-13900K,0.01,32,1,/data/d1/ts_archive/results/441869507881142858/f6538254546846baa2c36be510275eb7/artifacts,,https://github.com/ANON2/TS_Archive.git,ANON1,blushing-hound-693,2ba81db4ea05c65817b596ef2f113e084de3fbd8,file:///home/ANON1/repos/TS_Archive-1#ts_archive_experiments,PROJECT,main.py,conda,local
c2b3732d049144bd81c8c75d95c6ea6b,441869507881142858,FINISHED,/data/d1/ts_archive/results/441869507881142858/c2b3732d049144bd81c8c75d95c6ea6b/artifacts,2025-12-22 10:15:41.905000+00:00,2025-12-22 10:16:33.457000+00:00,0.011453242757260838,,737037.0,,0.2952894456486061,434.35277832636,,0.23351745245613093,0.4795643919417783,181754.0,0.3905608714327935,0.5342682520064641,1.9025026159361005,9383.72520225924,0.4795643919417783,5.01661906954989e-05,40.634989134036005,93.8372520225924,0.40634989134036004,,,,,,,,,,,,,,64,151697,,189621,-1,Hydra,XRF,/data/d1/ts_archive/datasets,1234,Pedestrian,20,82,9,200,0.0,entropy,8,24,1,0.001,PyTorch 2.9.0+cu128,100,0.5,8,0.1,False,13th Gen Intel(R) Core(TM) i9-13900K,0.01,32,1,/data/d1/ts_archive/results/441869507881142858/c2b3732d049144bd81c8c75d95c6ea6b/artifacts,,https://github.com/ANON2/TS_Archive.git,ANON1,receptive-shrew-874,2ba81db4ea05c65817b596ef2f113e084de3fbd8,file:///home/ANON1/repos/TS_Archive-1#ts_archive_experiments,PROJECT,main.py,conda,local
6ab677c6e1ef46c1ac2c344a187f3c6e,441869507881142858,FINISHED,/data/d1/ts_archive/results/441869507881142858/6ab677c6e1ef46c1ac2c344a187f3c6e/artifacts,2025-12-22 10:15:24.437000+00:00,2025-12-22 10:15:40.068000+00:00,0.0016742817635694222,,2802695759.0,,0.4480637025205059,63.49546160160677,,0.46791052296574015,0.5958232253981648,3892334.0,0.5840010746534947,0.6794821359211821,0.7882252698764205,1020.6104325084,0.5958232253981648,2.0784338937781364e-05,3.750097653828561,10.206104325084,0.03750097653828561,,212.0,8520834.0,3892334.0,34.0,,,,,,,,,64,151697,,189621,-1,Quant,XRF,/data/d1/ts_archive/datasets,1234,Pedestrian,20,82,9,200,0.8,entropy,8,24,1,0.001,PyTorch 2.9.0+cu128,100,0.5,8,0.1,False,13th Gen Intel(R) Core(TM) i9-13900K,0.01,65536,1,/data/d1/ts_archive/results/441869507881142858/6ab677c6e1ef46c1ac2c344a187f3c6e/artifacts,,https://github.com/ANON2/TS_Archive.git,ANON1,intrigued-grub-325,2ba81db4ea05c65817b596ef2f113e084de3fbd8,file:///home/ANON1/repos/TS_Archive-1#ts_archive_experiments,PROJECT,main.py,conda,local
0750e149421e4fbb9aec96eb36140022,441869507881142858,FINISHED,/data/d1/ts_archive/results/441869507881142858/0750e149421e4fbb9aec96eb36140022/artifacts,2025-12-22 10:15:05.551000+00:00,2025-12-22 10:15:23.571000+00:00,0.002261144866124915,,5047446293.0,,0.5566995482981202,85.75165790292128,,0.5897443049288962,0.6910663432127413,7010044.0,0.684240283156662,0.7433989626333188,0.8672996694222093,769.74958005948,0.6910663432127413,2.286941433979035e-05,2.802178720012307,7.697495800594799,0.02802178720012307,,,,,,,,,,,,,,64,151697,,189621,-1,Quant,XRF,/data/d1/ts_archive/datasets,1234,Pedestrian,20,82,9,200,0.0,entropy,8,24,1,0.001,PyTorch 2.9.0+cu128,100,0.5,8,0.1,False,13th Gen Intel(R) Core(TM) i9-13900K,0.01,65536,1,/data/d1/ts_archive/results/441869507881142858/0750e149421e4fbb9aec96eb36140022/artifacts,,https://github.com/ANON2/TS_Archive.git,ANON1,spiffy-bass-857,2ba81db4ea05c65817b596ef2f113e084de3fbd8,file:///home/ANON1/repos/TS_Archive-1#ts_archive_experiments,PROJECT,main.py,conda,local
abb7b53962ee44adab6174ef34365b14,441869507881142858,FINISHED,/data/d1/ts_archive/results/441869507881142858/abb7b53962ee44adab6174ef34365b14/artifacts,2025-12-22 10:13:44.283000+00:00,2025-12-22 10:15:02.964000+00:00,0.004855730183439142,,6947918900.0,,0.4291364799362738,184.14871147674603,,0.44634951333857903,0.5898903069296487,9649570.0,0.5782089001032362,0.6713489386333782,1.231870858930051,12101.429235978001,0.5898903069296487,3.248261942121219e-05,61.35840105079114,121.01429235978001,0.6135840105079113,,,,,,212.0,9649570.0,47.0,6765966.0,2048.0,431.0,384.0,2260.0,64,151697,,189621,-1,Hydrant,XRF,/data/d1/ts_archive/datasets,1234,Pedestrian,20,82,9,200,0.8,entropy,8,24,1,0.001,PyTorch 2.9.0+cu128,100,0.5,8,0.1,False,13th Gen Intel(R) Core(TM) i9-13900K,0.01,65536,1,/data/d1/ts_archive/results/441869507881142858/abb7b53962ee44adab6174ef34365b14/artifacts,1,https://github.com/ANON2/TS_Archive.git,ANON1,melodic-kit-503,2ba81db4ea05c65817b596ef2f113e084de3fbd8,file:///home/ANON1/repos/TS_Archive-1#ts_archive_experiments,PROJECT,main.py,conda,local
e32e43a288754ba29869a5acca26864f,441869507881142858,FINISHED,/data/d1/ts_archive/results/441869507881142858/e32e43a288754ba29869a5acca26864f/artifacts,2025-12-22 10:12:42.477000+00:00,2025-12-22 10:13:42.562000+00:00,0.012376787477279822,,4871753045.0,,0.5482954258473562,469.37728828836,,0.5782220745095422,0.686161797278768,6765966.0,0.6775122219280388,0.7374758304898502,2.7244630996137857,9523.67644638972,0.686161797278768,7.184007751328408e-05,43.28936095535755,95.2367644638972,0.43289360955357553,,,,,,,,,,,,,,64,151697,,189621,-1,Hydrant,XRF,/data/d1/ts_archive/datasets,1234,Pedestrian,20,82,9,200,0.0,entropy,8,24,1,0.001,PyTorch 2.9.0+cu128,100,0.5,8,0.1,False,13th Gen Intel(R) Core(TM) i9-13900K,0.01,65536,1,/data/d1/ts_archive/results/441869507881142858/e32e43a288754ba29869a5acca26864f/artifacts,1,https://github.com/ANON2/TS_Archive.git,ANON1,nosy-hen-719,2ba81db4ea05c65817b596ef2f113e084de3fbd8,file:///home/ANON1/repos/TS_Archive-1#ts_archive_experiments,PROJECT,main.py,conda,local
acd2dd8a28034c9da25d907cc7a66a37,441869507881142858,FINISHED,/data/d1/ts_archive/results/441869507881142858/acd2dd8a28034c9da25d907cc7a66a37/artifacts,2025-12-22 10:11:41.082000+00:00,2025-12-22 10:12:39.830000+00:00,0.0037433976673383056,384.0,148243.0,2048.0,0.26470770459331855,141.96835653380523,34490.0,0.20806253287547558,0.4276071193144364,34490.0,0.3478608713648615,0.4865163337687558,0.6655918154865503,10711.902552412319,0.4276071193144364,1.7550212669388274e-05,45.95376499090344,107.11902552412319,0.4595376499090344,181754.0,,,,,,,,,,,,,64,151696,,189621,-1,Hydra,XRF,/data/d1/ts_archive/datasets,1234,Pedestrian,20,82,9,200,0.8,entropy,8,24,0,0.001,PyTorch 2.9.0+cu128,100,0.5,8,0.1,False,13th Gen Intel(R) Core(TM) i9-13900K,0.01,32,1,/data/d1/ts_archive/results/441869507881142858/acd2dd8a28034c9da25d907cc7a66a37/artifacts,,https://github.com/ANON2/TS_Archive.git,ANON1,bittersweet-sheep-45,2ba81db4ea05c65817b596ef2f113e084de3fbd8,file:///home/ANON1/repos/TS_Archive-1#ts_archive_experiments,PROJECT,main.py,conda,local
6e596cb07e0f411197f64a95942ed5b8,441869507881142858,FINISHED,/data/d1/ts_archive/results/441869507881142858/6e596cb07e0f411197f64a95942ed5b8/artifacts,2025-12-22 10:10:47.889000+00:00,2025-12-22 10:11:39.476000+00:00,0.011332830409676996,,737037.0,,0.2953966412566817,429.79759328700004,,0.23398475656126053,0.4787343441001978,181754.0,0.3900581281276755,0.5341364063349119,1.834160559810698,9401.71873168044,0.4787343441001978,4.8362836118937326e-05,40.864982943981886,94.0171873168044,0.40864982943981887,,,,,,,,,,,,,,64,151696,,189621,-1,Hydra,XRF,/data/d1/ts_archive/datasets,1234,Pedestrian,20,82,9,200,0.0,entropy,8,24,0,0.001,PyTorch 2.9.0+cu128,100,0.5,8,0.1,False,13th Gen Intel(R) Core(TM) i9-13900K,0.01,32,1,/data/d1/ts_archive/results/441869507881142858/6e596cb07e0f411197f64a95942ed5b8/artifacts,,https://github.com/ANON2/TS_Archive.git,ANON1,nimble-koi-670,2ba81db4ea05c65817b596ef2f113e084de3fbd8,file:///home/ANON1/repos/TS_Archive-1#ts_archive_experiments,PROJECT,main.py,conda,local
a6e8716fb6124f3aaeb70542a1b0eec7,441869507881142858,FINISHED,/data/d1/ts_archive/results/441869507881142858/a6e8716fb6124f3aaeb70542a1b0eec7/artifacts,2025-12-22 10:10:29.947000+00:00,2025-12-22 10:10:46.127000+00:00,0.0016331360976489222,,2871604079.0,,0.4389935682769724,61.93668650333537,,0.45635822562432327,0.5864469347396176,3988040.0,0.573412311851458,0.6639899120425722,0.7457287292927504,930.5262095022,0.5864469347396176,1.966324928919579e-05,4.010281780734658,9.305262095022,0.040102817807346584,,212.0,8527990.0,3988040.0,36.0,,,,,,,,,64,151696,,189621,-1,Quant,XRF,/data/d1/ts_archive/datasets,1234,Pedestrian,20,82,9,200,0.8,entropy,8,24,0,0.001,PyTorch 2.9.0+cu128,100,0.5,8,0.1,False,13th Gen Intel(R) Core(TM) i9-13900K,0.01,65536,1,/data/d1/ts_archive/results/441869507881142858/a6e8716fb6124f3aaeb70542a1b0eec7/artifacts,,https://github.com/ANON2/TS_Archive.git,ANON1,intrigued-ox-955,2ba81db4ea05c65817b596ef2f113e084de3fbd8,file:///home/ANON1/repos/TS_Archive-1#ts_archive_experiments,PROJECT,main.py,conda,local
65f28f2e78af481bb0fab06720d18fdf,441869507881142858,FINISHED,/data/d1/ts_archive/results/441869507881142858/65f28f2e78af481bb0fab06720d18fdf/artifacts,2025-12-22 10:10:10.778000+00:00,2025-12-22 10:10:29.056000+00:00,0.002345507509148466,,5020313813.0,,0.5562862614177124,88.95337228445558,,0.5875919804399672,0.6899670402109427,6972360.0,0.6829787230106836,0.739782312065682,0.9490318698808552,776.34884658168,0.6899670402109427,2.5023912191980362e-05,2.828065582551062,7.763488465816801,0.02828065582551062,,,,,,,,,,,,,,64,151696,,189621,-1,Quant,XRF,/data/d1/ts_archive/datasets,1234,Pedestrian,20,82,9,200,0.0,entropy,8,24,0,0.001,PyTorch 2.9.0+cu128,100,0.5,8,0.1,False,13th Gen Intel(R) Core(TM) i9-13900K,0.01,65536,1,/data/d1/ts_archive/results/441869507881142858/65f28f2e78af481bb0fab06720d18fdf/artifacts,,https://github.com/ANON2/TS_Archive.git,ANON1,unruly-moth-87,2ba81db4ea05c65817b596ef2f113e084de3fbd8,file:///home/ANON1/repos/TS_Archive-1#ts_archive_experiments,PROJECT,main.py,conda,local
d5673e222524439abced1c7a788c5b25,441869507881142858,FINISHED,/data/d1/ts_archive/results/441869507881142858/d5673e222524439abced1c7a788c5b25/artifacts,2025-12-22 10:08:48.908000+00:00,2025-12-22 10:10:08.227000+00:00,0.004703205207067457,,6965934742.0,,0.42842763392759886,178.3690574780333,,0.44894959242657617,0.5844166117336849,9674592.0,0.5727468376087932,0.6651392899545756,1.1913392432034016,11813.22818064792,0.5844166117336849,3.141303212138172e-05,62.32016070000827,118.1322818064792,0.6232016070000828,,,,,,212.0,9674592.0,46.0,6769138.0,2048.0,430.0,384.0,2260.0,64,151696,,189621,-1,Hydrant,XRF,/data/d1/ts_archive/datasets,1234,Pedestrian,20,82,9,200,0.8,entropy,8,24,0,0.001,PyTorch 2.9.0+cu128,100,0.5,8,0.1,False,13th Gen Intel(R) Core(TM) i9-13900K,0.01,65536,1,/data/d1/ts_archive/results/441869507881142858/d5673e222524439abced1c7a788c5b25/artifacts,1,https://github.com/ANON2/TS_Archive.git,ANON1,kindly-smelt-955,2ba81db4ea05c65817b596ef2f113e084de3fbd8,file:///home/ANON1/repos/TS_Archive-1#ts_archive_experiments,PROJECT,main.py,conda,local
5b3ac104ed8f4fa3881de3039aac9f64,441869507881142858,FINISHED,/data/d1/ts_archive/results/441869507881142858/5b3ac104ed8f4fa3881de3039aac9f64/artifacts,2025-12-22 10:07:48.457000+00:00,2025-12-22 10:08:47.218000+00:00,0.013065560214768096,,4874036885.0,,0.550931042823252,495.51137114508003,,0.5815249902493694,0.6852999340804219,6769138.0,0.6776971276553504,0.7352402906119646,2.726323176175356,9928.8216240066,0.6852999340804219,7.188722943112343e-05,42.80637075938285,99.28821624006599,0.4280637075938285,,,,,,,,,,,,,,64,151696,,189621,-1,Hydrant,XRF,/data/d1/ts_archive/datasets,1234,Pedestrian,20,82,9,200,0.0,entropy,8,24,0,0.001,PyTorch 2.9.0+cu128,100,0.5,8,0.1,False,13th Gen Intel(R) Core(TM) i9-13900K,0.01,65536,1,/data/d1/ts_archive/results/441869507881142858/5b3ac104ed8f4fa3881de3039aac9f64/artifacts,1,https://github.com/ANON2/TS_Archive.git,ANON1,amusing-mule-346,2ba81db4ea05c65817b596ef2f113e084de3fbd8,file:///home/ANON1/repos/TS_Archive-1#ts_archive_experiments,PROJECT,main.py,conda,local
547825685be3490f937b8d63c7da6efc,441869507881142858,FINISHED,/data/d1/ts_archive/results/441869507881142858/547825685be3490f937b8d63c7da6efc/artifacts,2025-12-22 10:07:17.660000+00:00,2025-12-22 10:07:46.721000+00:00,0.014064233555248318,768.0,52988.0,4096.0,0.8247277867593092,47.43865978185258,10134.0,0.6414028424139648,0.9015713015120072,10134.0,0.9079011906934952,0.9204470029896131,0.2176081640645861,4688.43199752672,0.9015713015120072,6.451472400373142e-05,19.002007734961808,46.884319975267196,0.19002007734961807,51734.0,,,,,,,,,,,,,64,13793,,17166,-1,Hydra,XRF,/data/d1/ts_archive/datasets,1234,WISDM,20,6,9,200,0.8,entropy,8,100,2,0.001,PyTorch 2.9.0+cu128,100,0.5,8,0.1,False,13th Gen Intel(R) Core(TM) i9-13900K,0.01,32,3,/data/d1/ts_archive/results/441869507881142858/547825685be3490f937b8d63c7da6efc/artifacts,,https://github.com/ANON2/TS_Archive.git,ANON1,carefree-skink-810,2ba81db4ea05c65817b596ef2f113e084de3fbd8,file:///home/ANON1/repos/TS_Archive-1#ts_archive_experiments,PROJECT,main.py,conda,local
47fa2bbd213f4f63a1e54b6d1a541231,441869507881142858,FINISHED,/data/d1/ts_archive/results/441869507881142858/47fa2bbd213f4f63a1e54b6d1a541231/artifacts,2025-12-22 10:06:49.424000+00:00,2025-12-22 10:07:16.224000+00:00,0.04287595114802466,,218573.0,,0.7971729050665388,144.62058322228717,,0.7531690872534484,0.8541357841683961,51734.0,0.8713193758420446,0.9037394850823908,0.6154939727857709,4142.1072758994005,0.8541357841683961,0.0001824767188810468,16.482051776722074,41.42107275899401,0.16482051776722073,,,,,,,,,,,,,,64,13793,,17166,-1,Hydra,XRF,/data/d1/ts_archive/datasets,1234,WISDM,20,6,9,200,0.0,entropy,8,100,2,0.001,PyTorch 2.9.0+cu128,100,0.5,8,0.1,False,13th Gen Intel(R) Core(TM) i9-13900K,0.01,32,3,/data/d1/ts_archive/results/441869507881142858/47fa2bbd213f4f63a1e54b6d1a541231/artifacts,,https://github.com/ANON2/TS_Archive.git,ANON1,industrious-wren-992,2ba81db4ea05c65817b596ef2f113e084de3fbd8,file:///home/ANON1/repos/TS_Archive-1#ts_archive_experiments,PROJECT,main.py,conda,local
28d0a26c4abe4d2d8cae87ca9a389899,441869507881142858,FINISHED,/data/d1/ts_archive/results/441869507881142858/28d0a26c4abe4d2d8cae87ca9a389899/artifacts,2025-12-22 10:06:31.222000+00:00,2025-12-22 10:06:47.656000+00:00,0.0047199901474795775,,25712840.0,,0.8691915016594124,15.920526767448614,,0.858096463700216,0.9362585235695227,228638.0,0.9380846699532662,0.9445477419662053,0.0882404129952192,1794.66010102008,0.9362585235695227,2.6160810256513255e-05,6.749039682559669,17.9466010102008,0.0674903968255967,,3126.0,219134.0,228638.0,1281.0,,,,,,,,,64,13793,,17166,-1,Quant,XRF,/data/d1/ts_archive/datasets,1234,WISDM,20,6,9,200,0.8,entropy,8,100,2,0.001,PyTorch 2.9.0+cu128,100,0.5,8,0.1,False,13th Gen Intel(R) Core(TM) i9-13900K,0.01,65536,3,/data/d1/ts_archive/results/441869507881142858/28d0a26c4abe4d2d8cae87ca9a389899/artifacts,,https://github.com/ANON2/TS_Archive.git,ANON1,bald-crow-818,2ba81db4ea05c65817b596ef2f113e084de3fbd8,file:///home/ANON1/repos/TS_Archive-1#ts_archive_experiments,PROJECT,main.py,conda,local
36c6aaa051f34150b0b7e402939bc4f1,441869507881142858,FINISHED,/data/d1/ts_archive/results/441869507881142858/36c6aaa051f34150b0b7e402939bc4f1/artifacts,2025-12-22 10:06:13.766000+00:00,2025-12-22 10:06:30.324000+00:00,0.011978097200920726,,24624761.0,,0.8668202718492986,40.40212185870561,,0.8568703164490643,0.9386302994367033,218940.0,0.9398995946781779,0.9464481121202257,0.2201607367023825,1375.5101275278,0.9386302994367033,6.527149027642529e-05,5.4228671826422215,13.755101275278001,0.054228671826422215,,,,,,,,,,,,,,64,13793,,17166,-1,Quant,XRF,/data/d1/ts_archive/datasets,1234,WISDM,20,6,9,200,0.0,entropy,8,100,2,0.001,PyTorch 2.9.0+cu128,100,0.5,8,0.1,False,13th Gen Intel(R) Core(TM) i9-13900K,0.01,65536,3,/data/d1/ts_archive/results/441869507881142858/36c6aaa051f34150b0b7e402939bc4f1/artifacts,,https://github.com/ANON2/TS_Archive.git,ANON1,selective-ray-629,2ba81db4ea05c65817b596ef2f113e084de3fbd8,file:///home/ANON1/repos/TS_Archive-1#ts_archive_experiments,PROJECT,main.py,conda,local
ebf75e0b5a904ea49f209a6cfdde1568,441869507881142858,FINISHED,/data/d1/ts_archive/results/441869507881142858/ebf75e0b5a904ea49f209a6cfdde1568/artifacts,2025-12-22 10:05:06.626000+00:00,2025-12-22 10:06:11.258000+00:00,0.013119819421953035,,28900023.0,,0.8659946673356074,44.253150910247584,,0.8550658880860604,0.9321079158019567,256892.0,0.9346379534753021,0.9419726150362622,0.2050805231556296,6524.64913169556,0.9321079158019567,6.080062945616057e-05,54.08019805327058,65.2464913169556,0.5408019805327058,,,,,,3126.0,256892.0,834.0,182750.0,4096.0,1602.0,768.0,7222.0,64,13793,,17166,-1,Hydrant,XRF,/data/d1/ts_archive/datasets,1234,WISDM,20,6,9,200,0.8,entropy,8,100,2,0.001,PyTorch 2.9.0+cu128,100,0.5,8,0.1,False,13th Gen Intel(R) Core(TM) i9-13900K,0.01,65536,3,/data/d1/ts_archive/results/441869507881142858/ebf75e0b5a904ea49f209a6cfdde1568/artifacts,5,https://github.com/ANON2/TS_Archive.git,ANON1,handsome-yak-635,2ba81db4ea05c65817b596ef2f113e084de3fbd8,file:///home/ANON1/repos/TS_Archive-1#ts_archive_experiments,PROJECT,main.py,conda,local
17c3d07affb84e7eba8f6e0022b5a9f2,441869507881142858,FINISHED,/data/d1/ts_archive/results/441869507881142858/17c3d07affb84e7eba8f6e0022b5a9f2/artifacts,2025-12-22 10:04:34.396000+00:00,2025-12-22 10:05:05.038000+00:00,0.0695789969618246,,20653305.0,,0.850698500516172,234.68995675223437,,0.8265335418582455,0.9083901571301513,182750.0,0.9154423753567227,0.9319420255232,1.015032446011901,4661.915711889959,0.9083901571301513,0.00030092868248203405,19.44480072613805,46.619157118899594,0.1944480072613805,,,,,,,,,,,,,,64,13793,,17166,-1,Hydrant,XRF,/data/d1/ts_archive/datasets,1234,WISDM,20,6,9,200,0.0,entropy,8,100,2,0.001,PyTorch 2.9.0+cu128,100,0.5,8,0.1,False,13th Gen Intel(R) Core(TM) i9-13900K,0.01,65536,3,/data/d1/ts_archive/results/441869507881142858/17c3d07affb84e7eba8f6e0022b5a9f2/artifacts,5,https://github.com/ANON2/TS_Archive.git,ANON1,upbeat-skink-751,2ba81db4ea05c65817b596ef2f113e084de3fbd8,file:///home/ANON1/repos/TS_Archive-1#ts_archive_experiments,PROJECT,main.py,conda,local
c70f35954376481a8a23b42509b2fd18,441869507881142858,FINISHED,/data/d1/ts_archive/results/441869507881142858/c70f35954376481a8a23b42509b2fd18/artifacts,2025-12-22 10:04:05.883000+00:00,2025-12-22 10:04:32.632000+00:00,0.010829133238520234,768.0,52678.0,4096.0,0.7691041602604933,49.305043634982624,10134.0,0.6018168430445637,0.864484954974742,10134.0,0.8704853998094654,0.8825434399368529,0.2245775060728192,4227.6707809030795,0.864484954974742,4.932517155124516e-05,16.86951023992151,42.276707809030796,0.1686951023992151,51734.0,,,,,,,,,,,,,64,12613,,17166,-1,Hydra,XRF,/data/d1/ts_archive/datasets,1234,WISDM,20,6,9,200,0.8,entropy,8,100,1,0.001,PyTorch 2.9.0+cu128,100,0.5,8,0.1,False,13th Gen Intel(R) Core(TM) i9-13900K,0.01,32,3,/data/d1/ts_archive/results/441869507881142858/c70f35954376481a8a23b42509b2fd18/artifacts,,https://github.com/ANON2/TS_Archive.git,ANON1,secretive-quail-252,2ba81db4ea05c65817b596ef2f113e084de3fbd8,file:///home/ANON1/repos/TS_Archive-1#ts_archive_experiments,PROJECT,main.py,conda,local
015a620383f140f1b49a638de1a69230,441869507881142858,FINISHED,/data/d1/ts_archive/results/441869507881142858/015a620383f140f1b49a638de1a69230/artifacts,2025-12-22 10:03:38.832000+00:00,2025-12-22 10:04:04.326000+00:00,0.03706929233905034,,218573.0,,0.8287960771161346,168.7764880196962,,0.8085445154931425,0.9066549527783879,51734.0,0.9126336016720397,0.9219465150813191,0.6673612492159009,4004.20694659536,0.9066549527783879,0.00014657615840454666,15.90211613383144,40.0420694659536,0.1590211613383144,,,,,,,,,,,,,,64,12613,,17166,-1,Hydra,XRF,/data/d1/ts_archive/datasets,1234,WISDM,20,6,9,200,0.0,entropy,8,100,1,0.001,PyTorch 2.9.0+cu128,100,0.5,8,0.1,False,13th Gen Intel(R) Core(TM) i9-13900K,0.01,32,3,/data/d1/ts_archive/results/441869507881142858/015a620383f140f1b49a638de1a69230/artifacts,,https://github.com/ANON2/TS_Archive.git,ANON1,ambitious-foal-382,2ba81db4ea05c65817b596ef2f113e084de3fbd8,file:///home/ANON1/repos/TS_Archive-1#ts_archive_experiments,PROJECT,main.py,conda,local
91745cce9dd64480a25ace7ccbecaaaa,441869507881142858,FINISHED,/data/d1/ts_archive/results/441869507881142858/91745cce9dd64480a25ace7ccbecaaaa/artifacts,2025-12-22 10:03:22.261000+00:00,2025-12-22 10:03:36.998000+00:00,0.0037163535301796193,,24404680.0,,0.8322179688347564,16.920557622907808,,0.8395807084925934,0.9332308368108939,216958.0,0.9289205153092631,0.9321822163517817,0.095902232453227,1484.7324316308,0.9332308368108939,2.1063525687069404e-05,5.663347387686372,14.847324316307999,0.05663347387686372,,3126.0,207512.0,216958.0,1227.0,,,,,,,,,64,12613,,17166,-1,Quant,XRF,/data/d1/ts_archive/datasets,1234,WISDM,20,6,9,200,0.8,entropy,8,100,1,0.001,PyTorch 2.9.0+cu128,100,0.5,8,0.1,False,13th Gen Intel(R) Core(TM) i9-13900K,0.01,65536,3,/data/d1/ts_archive/results/441869507881142858/91745cce9dd64480a25ace7ccbecaaaa/artifacts,,https://github.com/ANON2/TS_Archive.git,ANON1,worried-ray-901,2ba81db4ea05c65817b596ef2f113e084de3fbd8,file:///home/ANON1/repos/TS_Archive-1#ts_archive_experiments,PROJECT,main.py,conda,local
bae62420f8e84306976e12acd9e3e109,441869507881142858,FINISHED,/data/d1/ts_archive/results/441869507881142858/bae62420f8e84306976e12acd9e3e109/artifacts,2025-12-22 10:03:06.159000+00:00,2025-12-22 10:03:21.347000+00:00,0.009810643196832855,,23297113.0,,0.8194266620797874,44.66785847517999,,0.8266638963870461,0.9277399516802108,207086.0,0.9220876644285134,0.9267502931313611,0.2292460100725293,1196.53585191612,0.9277399516802108,5.0350540319026856e-05,4.616292448714376,11.9653585191612,0.046162924487143764,,,,,,,,,,,,,,64,12613,,17166,-1,Quant,XRF,/data/d1/ts_archive/datasets,1234,WISDM,20,6,9,200,0.0,entropy,8,100,1,0.001,PyTorch 2.9.0+cu128,100,0.5,8,0.1,False,13th Gen Intel(R) Core(TM) i9-13900K,0.01,65536,3,/data/d1/ts_archive/results/441869507881142858/bae62420f8e84306976e12acd9e3e109/artifacts,,https://github.com/ANON2/TS_Archive.git,ANON1,learned-fowl-500,2ba81db4ea05c65817b596ef2f113e084de3fbd8,file:///home/ANON1/repos/TS_Archive-1#ts_archive_experiments,PROJECT,main.py,conda,local
a0d7f4182f71496a9c366407191519f0,441869507881142858,FINISHED,/data/d1/ts_archive/results/441869507881142858/a0d7f4182f71496a9c366407191519f0/artifacts,2025-12-22 10:02:02.888000+00:00,2025-12-22 10:03:03.742000+00:00,0.013077441004866738,,26929047.0,,0.8231375878743594,59.541588895158256,,0.8357889216784642,0.9283988578958928,239294.0,0.925286747267934,0.9264618308180659,0.2695574881508946,5903.290371042,0.9283988578958928,5.920436814208095e-05,51.177251991815865,59.032903710419994,0.5117725199181586,,,,,,3126.0,239294.0,882.0,173534.0,4096.0,1650.0,768.0,7222.0,64,12613,,17166,-1,Hydrant,XRF,/data/d1/ts_archive/datasets,1234,WISDM,20,6,9,200,0.8,entropy,8,100,1,0.001,PyTorch 2.9.0+cu128,100,0.5,8,0.1,False,13th Gen Intel(R) Core(TM) i9-13900K,0.01,65536,3,/data/d1/ts_archive/results/441869507881142858/a0d7f4182f71496a9c366407191519f0/artifacts,5,https://github.com/ANON2/TS_Archive.git,ANON1,unruly-fawn-519,2ba81db4ea05c65817b596ef2f113e084de3fbd8,file:///home/ANON1/repos/TS_Archive-1#ts_archive_experiments,PROJECT,main.py,conda,local
62f9ca731cfb488f8eaf142cb52ba012,441869507881142858,FINISHED,/data/d1/ts_archive/results/441869507881142858/62f9ca731cfb488f8eaf142cb52ba012/artifacts,2025-12-22 10:01:32.910000+00:00,2025-12-22 10:02:02.009000+00:00,0.06671833218425265,,19621113.0,,0.8109723509425746,303.7685664349023,,0.8184464314721537,0.9273006808697563,173534.0,0.9207604516540878,0.9218627667658899,1.3151237769052386,4075.4670329304,0.9273006808697563,0.00028884774366466913,17.00005815271288,40.754670329304,0.17000058152712882,,,,,,,,,,,,,,64,12613,,17166,-1,Hydrant,XRF,/data/d1/ts_archive/datasets,1234,WISDM,20,6,9,200,0.0,entropy,8,100,1,0.001,PyTorch 2.9.0+cu128,100,0.5,8,0.1,False,13th Gen Intel(R) Core(TM) i9-13900K,0.01,65536,3,/data/d1/ts_archive/results/441869507881142858/62f9ca731cfb488f8eaf142cb52ba012/artifacts,5,https://github.com/ANON2/TS_Archive.git,ANON1,stately-sow-396,2ba81db4ea05c65817b596ef2f113e084de3fbd8,file:///home/ANON1/repos/TS_Archive-1#ts_archive_experiments,PROJECT,main.py,conda,local
42bd37ad99da4b11ac464911e2c831eb,441869507881142858,FINISHED,/data/d1/ts_archive/results/441869507881142858/42bd37ad99da4b11ac464911e2c831eb/artifacts,2025-12-22 10:01:04.194000+00:00,2025-12-22 10:01:30.398000+00:00,0.013259286638136957,768.0,52980.0,4096.0,0.769551707543137,68.64332692563502,10134.0,0.7765527936692619,0.8334943017191424,10134.0,0.8214566456333402,0.8238015378280069,0.3051144080236554,4257.96251916312,0.8334943017191424,5.8936528495973614e-05,17.0368957426399,42.5796251916312,0.170368957426399,51734.0,,,,,,,,,,,,,64,11989,,17166,-1,Hydra,XRF,/data/d1/ts_archive/datasets,1234,WISDM,20,6,9,200,0.8,entropy,8,100,0,0.001,PyTorch 2.9.0+cu128,100,0.5,8,0.1,False,13th Gen Intel(R) Core(TM) i9-13900K,0.01,32,3,/data/d1/ts_archive/results/441869507881142858/42bd37ad99da4b11ac464911e2c831eb/artifacts,,https://github.com/ANON2/TS_Archive.git,ANON1,amazing-trout-856,2ba81db4ea05c65817b596ef2f113e084de3fbd8,file:///home/ANON1/repos/TS_Archive-1#ts_archive_experiments,PROJECT,main.py,conda,local
0c1240c791a141d1adef8ab07b5472dd,441869507881142858,FINISHED,/data/d1/ts_archive/results/441869507881142858/0c1240c791a141d1adef8ab07b5472dd/artifacts,2025-12-22 10:00:39.152000+00:00,2025-12-22 10:01:03.311000+00:00,0.03697513387365065,,218573.0,,0.5763129660270913,191.42026806388944,,0.5520052738235554,0.8126327989182924,51734.0,0.8062462779499542,0.8217514802614205,0.7415074435994029,3573.7164229806,0.8126327989182924,0.00014323110751388892,14.458492224104702,35.737164229806,0.14458492224104702,,,,,,,,,,,,,,64,11989,,17166,-1,Hydra,XRF,/data/d1/ts_archive/datasets,1234,WISDM,20,6,9,200,0.0,entropy,8,100,0,0.001,PyTorch 2.9.0+cu128,100,0.5,8,0.1,False,13th Gen Intel(R) Core(TM) i9-13900K,0.01,32,3,/data/d1/ts_archive/results/441869507881142858/0c1240c791a141d1adef8ab07b5472dd/artifacts,,https://github.com/ANON2/TS_Archive.git,ANON1,intrigued-snipe-568,2ba81db4ea05c65817b596ef2f113e084de3fbd8,file:///home/ANON1/repos/TS_Archive-1#ts_archive_experiments,PROJECT,main.py,conda,local
d958355a2905403f965f758bbb7b3907,441869507881142858,FINISHED,/data/d1/ts_archive/results/441869507881142858/d958355a2905403f965f758bbb7b3907/artifacts,2025-12-22 10:00:23.306000+00:00,2025-12-22 10:00:37.381000+00:00,0.0036935252539481785,,20575400.0,,0.6962091994744742,19.12138023968972,,0.6515146863505706,0.880046358895113,182768.0,0.8660211486477735,0.8876227427223493,0.103713383898139,1315.41329166336,0.880046358895113,2.0033491191450455e-05,4.9297999097034335,13.1541329166336,0.049297999097034334,,3126.0,176130.0,182768.0,1302.0,,,,,,,,,64,11989,,17166,-1,Quant,XRF,/data/d1/ts_archive/datasets,1234,WISDM,20,6,9,200,0.8,entropy,8,100,0,0.001,PyTorch 2.9.0+cu128,100,0.5,8,0.1,False,13th Gen Intel(R) Core(TM) i9-13900K,0.01,65536,3,/data/d1/ts_archive/results/441869507881142858/d958355a2905403f965f758bbb7b3907/artifacts,,https://github.com/ANON2/TS_Archive.git,ANON1,loud-boar-925,2ba81db4ea05c65817b596ef2f113e084de3fbd8,file:///home/ANON1/repos/TS_Archive-1#ts_archive_experiments,PROJECT,main.py,conda,local
6521969440c64fdc8bbf7ca209f80f6f,441869507881142858,FINISHED,/data/d1/ts_archive/results/441869507881142858/6521969440c64fdc8bbf7ca209f80f6f/artifacts,2025-12-22 10:00:07.416000+00:00,2025-12-22 10:00:22.401000+00:00,0.0096082681777818,,19795545.0,,0.6713449706093444,49.74200435637638,,0.6377682524720569,0.8750241452578713,175822.0,0.8605811364017826,0.8816428349279686,0.2558626849204302,992.25893499588,0.8750241452578713,4.942296405648642e-05,3.926279280334711,9.9225893499588,0.03926279280334711,,,,,,,,,,,,,,64,11989,,17166,-1,Quant,XRF,/data/d1/ts_archive/datasets,1234,WISDM,20,6,9,200,0.0,entropy,8,100,0,0.001,PyTorch 2.9.0+cu128,100,0.5,8,0.1,False,13th Gen Intel(R) Core(TM) i9-13900K,0.01,65536,3,/data/d1/ts_archive/results/441869507881142858/6521969440c64fdc8bbf7ca209f80f6f/artifacts,,https://github.com/ANON2/TS_Archive.git,ANON1,zealous-gnat-98,2ba81db4ea05c65817b596ef2f113e084de3fbd8,file:///home/ANON1/repos/TS_Archive-1#ts_archive_experiments,PROJECT,main.py,conda,local
0ffca82bca93484ba1533777730e198f,441869507881142858,FINISHED,/data/d1/ts_archive/results/441869507881142858/0ffca82bca93484ba1533777730e198f/artifacts,2025-12-22 09:59:06.571000+00:00,2025-12-22 10:00:04.900000+00:00,0.01180141994344298,,22353403.0,,0.6541279232314802,61.09595104720431,,0.624120820725843,0.8620822870388256,198440.0,0.8460733106109242,0.866965259689563,0.2739947065711021,5099.55015002688,0.8620822870388256,5.2925382764362e-05,48.69952238816768,50.9955015002688,0.4869952238816768,,,,,,3126.0,198440.0,867.0,143052.0,4096.0,1635.0,768.0,7222.0,64,11989,,17166,-1,Hydrant,XRF,/data/d1/ts_archive/datasets,1234,WISDM,20,6,9,200,0.8,entropy,8,100,0,0.001,PyTorch 2.9.0+cu128,100,0.5,8,0.1,False,13th Gen Intel(R) Core(TM) i9-13900K,0.01,65536,3,/data/d1/ts_archive/results/441869507881142858/0ffca82bca93484ba1533777730e198f/artifacts,5,https://github.com/ANON2/TS_Archive.git,ANON1,polite-duck-631,2ba81db4ea05c65817b596ef2f113e084de3fbd8,file:///home/ANON1/repos/TS_Archive-1#ts_archive_experiments,PROJECT,main.py,conda,local
2bd3132fe53345c2b7700acae4729a7e,441869507881142858,FINISHED,/data/d1/ts_archive/results/441869507881142858/2bd3132fe53345c2b7700acae4729a7e/artifacts,2025-12-22 09:58:38.813000+00:00,2025-12-22 09:59:05.635000+00:00,0.06191772999888842,,16207129.0,,0.7063103297457104,320.54808820424535,,0.6617519453600248,0.8891249758547422,143052.0,0.876901881217797,0.8961208709877284,1.4478206224739552,3373.91243047008,0.8891249758547422,0.0002796640182487841,14.755794333294034,33.7391243047008,0.14755794333294034,,,,,,,,,,,,,,64,11989,,17166,-1,Hydrant,XRF,/data/d1/ts_archive/datasets,1234,WISDM,20,6,9,200,0.0,entropy,8,100,0,0.001,PyTorch 2.9.0+cu128,100,0.5,8,0.1,False,13th Gen Intel(R) Core(TM) i9-13900K,0.01,65536,3,/data/d1/ts_archive/results/441869507881142858/2bd3132fe53345c2b7700acae4729a7e/artifacts,5,https://github.com/ANON2/TS_Archive.git,ANON1,serious-zebra-2,2ba81db4ea05c65817b596ef2f113e084de3fbd8,file:///home/ANON1/repos/TS_Archive-1#ts_archive_experiments,PROJECT,main.py,conda,local

